noise_fraction,n_basis,seed_pair_index,validation_observed_nrmse_seed_mean,test_hidden_nrmse_3d_seed_mean,test_latent_nrmse_radial_seed_mean,test_hidden_nrmse_tangential_seed_mean,effective_degrees_of_freedom_seed_mean,selector_agreement_seed_mean
0.0,3,0,0.9733829830173516,1.0686897960761024,0.9745364569365588,1.1396241135999223,2.9999999968579707,1.0
0.0,3,1,0.960730994339575,1.101303287238279,0.9728400707500632,1.1883918583153603,2.999999996771194,1.0
0.0,3,2,0.9671933554022518,1.087946374302344,0.9597918128076774,1.168677675648904,2.999999996826042,1.0
0.0,3,3,0.9707082016571243,1.0749392835194564,0.9494715488785342,1.1659817836559423,2.9999999968366207,1.0
0.0,3,4,0.9671074229842422,1.0741830652418398,0.9456083125209342,1.1612989696521057,2.9999999968181816,1.0
0.0,6,0,0.9363236896626264,0.9619528681097748,0.9484343352147,0.9728217681035012,5.999999604985445,1.0
0.0,6,1,0.9318331608973632,0.9803640660494884,0.9362418995180978,1.012126563540231,5.327695309385146,0.0
0.0,6,2,0.9281694568042133,0.9441584852365598,0.9413848128575624,0.9460792222970164,5.99999960266019,1.0
0.0,6,3,0.9499154834145732,0.9613950701935228,0.9251939133653246,0.9895142523203956,5.3133868038902765,0.0
0.0,6,4,0.9398902838100812,0.9653131274871476,0.9181381494676178,0.9992296278335968,5.980479117565105,0.0
0.0,11,0,0.9303808355542884,0.9659423300832044,0.9330189465945696,0.9919438150698204,10.999999489035,1.0
0.0,11,1,0.9113936055154016,0.9701088145844152,0.9201031988463498,1.0059069300088426,10.984700454035886,0.0
0.0,11,2,0.9192239743480374,0.9485637401807284,0.9276573436821576,0.9628103056252784,10.999999484915756,1.0
0.0,11,3,0.9355939143433892,0.9480837452308326,0.9047639836409308,0.9814957955916404,10.943784235677576,0.0
0.0,11,4,0.9306834695552074,0.984623503944648,0.9145146745890465,1.0340844265403066,9.742511784903124,0.0
0.0,19,0,0.6705745674412962,0.834507443501425,0.6699860646382985,0.9476023920567952,18.84862354120177,1.0
0.0,19,1,0.6736083841743278,0.8528844655863181,0.6999675913307243,0.9513778544852702,16.89893429260097,0.0
0.0,19,2,0.6869957410918303,0.8277931215073379,0.6847565371754729,0.9140209870703636,18.99999938265345,0.0
0.0,19,3,0.6620801934918823,0.8387060091253228,0.6851733347077091,0.9441163805072073,18.97527379982745,0.0
0.0,19,4,0.6815841546771356,0.8820966702288232,0.6499187456850567,1.0221721821659144,16.90913814708046,0.0
0.0,35,0,0.5960030043440879,0.7577216149089276,0.5733799678603514,0.87974085712468,34.5196658703552,0.0
0.0,35,1,0.598456939556048,0.7339621632933374,0.6233334924957703,0.8068914616672404,30.965014625731,1.0
0.0,35,2,0.5838316140626316,0.7108382844985718,0.5941634827644011,0.7816600865001951,34.99999920457989,0.0
0.0,35,3,0.5603064926385538,0.7489541575670133,0.5970372904161783,0.8515725920855348,34.95270886100285,0.0
0.0,35,4,0.5740462344334454,0.6859398686954169,0.5256238321678568,0.7849649209872196,34.95201175434487,0.0
0.0,67,0,0.5318137151526563,0.6873626282908735,0.5078642278028427,0.8044629010461305,58.55019190822796,1.0
0.0,67,1,0.5362883582331298,0.6972353494988275,0.5506843066372583,0.7893057203943625,65.27956455955767,0.0
0.0,67,2,0.5174139421203087,0.6958498431064264,0.5338079817638174,0.7890076777284559,66.99999874020318,0.0
0.0,67,3,0.5120804752114637,0.7252128502116294,0.5292392574292603,0.8505288805332751,65.33305368017199,0.0
0.0,67,4,0.5185941325442236,0.6567624026698151,0.4786037345681639,0.7635602051474629,65.29067847767284,1.0
0.0,131,0,0.4339405267052869,0.7217761742407434,0.433797252325567,0.8899056838336485,124.84259030368368,1.0
0.0,131,1,0.4416165305430555,0.731213383968728,0.4755413110620659,0.8749701780924718,130.75765475720408,0.0
0.0,131,2,0.438346263717983,0.6714973183973407,0.4650600294451368,0.7834477019515432,124.80379203919252,1.0
0.0,131,3,0.4510524506817598,0.6877883917233033,0.4709075865175135,0.8215252579879667,124.87689617200286,1.0
0.0,131,4,0.428059910975921,0.6715375001975773,0.4191099370046047,0.8108135717229314,124.75789373140968,1.0
0.0,259,0,0.3170409922537087,0.6037319139413924,0.3277288750666681,0.7575143563177311,235.01161687840997,1.0
0.0,259,1,0.299326323411674,0.6322999550397467,0.3325824692787287,0.7850021598102309,258.39531740756274,0.0
0.0,259,2,0.3000495576057367,0.5698260907627469,0.3175489464436825,0.6929006794875391,234.8243703538455,1.0
0.0,259,3,0.3160639634138881,0.5992592651941224,0.3107459444624449,0.7549825494169347,235.01057549482292,1.0
0.0,259,4,0.3198613689206312,0.5815747258930207,0.3047271715321871,0.722657463374975,234.73468007501535,1.0
0.0,387,0,0.2795548700527377,0.6164731520645153,0.2769932502570463,0.7918437985934327,385.8857285955384,0.0
0.0,387,1,0.2557029966741198,0.5853250220868741,0.2801986654331955,0.7350154444644884,332.02645277906163,1.0
0.0,387,2,0.2502369564970466,0.557516256009929,0.2686106424964661,0.6902999617283742,332.0736215593509,1.0
0.0,387,3,0.2670767678168917,0.5655863046075689,0.2768173926125346,0.7178312087827792,332.61592553234976,1.0
0.0,387,4,0.2751245510020862,0.5491483397348201,0.2556235974238988,0.6918864684252038,332.3171898943304,1.0
0.0,514,0,0.2414235317040772,0.5982421001393506,0.2408081539289351,0.7759480444425013,512.2214368634961,0.0
0.0,514,1,0.2365781879155621,0.6241696972147341,0.2455971209519791,0.7975000177343285,512.1687224896232,0.0
0.0,514,2,0.2169881915988437,0.5220232687981703,0.2255640259469962,0.652967160758909,419.0072079494647,1.0
0.0,514,3,0.2292600922214301,0.5401580052744209,0.2361400525610793,0.6937866106438566,420.0558559784616,1.0
0.0,514,4,0.2409763523784752,0.5144776149251605,0.2171585617907493,0.6540746496859344,419.7313249979267,1.0
0.0,643,0,0.2062942901417095,0.5904821188341273,0.2034094341798878,0.7738780474452462,640.3306764918902,0.0
0.0,643,1,0.2043093260875275,0.5996841339269092,0.2209521206041561,0.7695570107116233,640.3507293903244,0.0
0.0,643,2,0.1905895987150946,0.4862278322068046,0.2002387571265014,0.6104971152193903,498.9597902364689,1.0
0.0,643,3,0.2013065722781339,0.5029579836501578,0.2064668730854088,0.6495511506870552,500.0836800000116,1.0
0.0,643,4,0.2201651319884575,0.4916842351537016,0.1899286460350293,0.6292807650160533,499.8250485701463,1.0
0.0,771,0,0.1856680986688942,0.567239704876951,0.1777411495598309,0.7470173406317216,767.1503790058218,0.0
0.0,771,1,0.1820208346353273,0.5775073518429279,0.1940314069980968,0.7449395219781766,766.6958196675571,0.0
0.0,771,2,0.1775380359164813,0.4713227709162392,0.1779032054771692,0.5953063549398131,569.4057310070311,1.0
0.0,771,3,0.1726067426255955,0.5657869147175696,0.1768109861110192,0.7430545401755674,766.7803917156057,0.0
0.0,771,4,0.1984510818580114,0.4649744723905501,0.1619010176941781,0.5988950308878629,570.6111543469486,1.0
0.0,899,0,0.1691115938537187,0.5433982433219714,0.1570809209529947,0.7180719111650151,893.5244131558363,0.0
0.0,899,1,0.1662003797121608,0.5738212837142721,0.1793893892890496,0.7427023965281706,892.2963383678975,0.0
0.0,899,2,0.1663185745221036,0.5216292388100737,0.153904058929528,0.6667435063714321,892.3083297894352,0.0
0.0,899,3,0.1652872690216,0.5527068028437293,0.1635622359016109,0.7275788156623653,892.400689266324,0.0
0.0,899,4,0.1739375747329293,0.5394680192915309,0.1422287192317345,0.7029207995298147,892.3223377071397,0.0
0.0,1027,0,0.156151851314973,0.5241370024051508,0.1387540292578784,0.6947927791672497,1017.1095266699788,0.0
0.0,1027,1,0.157580588728645,0.5399517531064788,0.165604337783611,0.699436864896942,1016.8780994536792,0.0
0.0,1027,2,0.1482487076872133,0.5170728718302979,0.1446758893029333,0.6621491413611778,1016.9363983749932,0.0
0.0,1027,3,0.1518140905009753,0.5324208922773951,0.1460093380061123,0.7028808123406858,1017.0531806927062,0.0
0.0,1027,4,0.1547644863698883,0.5219990098514993,0.1284954884719886,0.6814966119833998,1016.9510971582932,0.0
0.0,1283,0,0.13982308353268,0.5040596339786947,0.1232068435625768,0.6697765168654716,1262.4271240271248,0.0
0.0,1283,1,0.141304001177114,0.5487030389182453,0.155624077124015,0.7129293191879137,1261.9665978114708,0.0
0.0,1283,2,0.124407595571441,0.5230205152913092,0.1430006962233314,0.6702660772692078,1262.0523250923738,0.0
0.0,1283,3,0.1466233311083113,0.5106333871913857,0.1347270242629218,0.6749860394175778,1262.3416983008626,0.0
0.0,1283,4,0.1386554194612151,0.5025443660047549,0.1277612107769986,0.6555146095000023,1262.1213541804016,0.0
0.0,1539,0,0.1312499265476117,0.5054902698630048,0.1156492058458603,0.672823021933062,1499.8329915494755,0.0
0.0,1539,1,0.1342030262095739,0.5504087265058554,0.1494002679480434,0.7162169385108239,1499.109040102478,0.0
0.0,1539,2,0.1181564955685771,0.514496137645386,0.1388293481720922,0.6596126202033107,1499.0012449088322,0.0
0.0,1539,3,0.1326017607963488,0.5080699329615763,0.1266861573990174,0.672744810446119,1499.5811340277562,0.0
0.0,1539,4,0.1343481939145365,0.4949557443889099,0.1216269798644675,0.646220117094646,1499.3006313380404,0.0
0.0,1795,0,0.132639489635939,0.4967050352030668,0.1135410329466057,0.6611433482904115,1725.0299906556916,0.0
0.0,1795,1,0.1349325069964141,0.5487854427574145,0.142235492917252,0.7151299214244052,1723.61150008328,0.0
0.0,1795,2,0.1225347708429171,0.4472916616500179,0.1249250721499358,0.5728235398027267,905.648668890005,1.0
0.0,1795,3,0.1275175069666084,0.5019440906796506,0.1238456415975878,0.6648310075710532,1724.0612476452245,0.0
0.0,1795,4,0.1320673079520644,0.4903646481835275,0.1177825581469508,0.6406048689678813,1723.8848509077066,0.0
0.0,2050,0,0.1404031687730176,0.4931084248452397,0.1127487909726754,0.6563518683849779,1930.8193645595147,0.0
0.0,2050,1,0.1320711823956958,0.5487765178765841,0.1449540549565254,0.7147093025516954,1929.083942215492,0.0
0.0,2050,2,0.1224869957494751,0.4461826100473154,0.1236557564598298,0.5715479333563923,945.5675652802834,1.0
0.0,2050,3,0.1248084787605749,0.5035144037625493,0.1213154894377503,0.6673421916139292,1929.431707890198,0.0
0.0,2050,4,0.1270098190176016,0.4836186048137924,0.1141264775664376,0.6320701032840362,1929.693816832624,0.0
0.05,3,0,0.9734608005666425,1.0687024711034894,0.9745431168054411,1.1396409465094122,2.9999999968579707,1.0
0.05,3,1,0.9606461564928678,1.1013656655684123,0.9728538162727499,1.188484470163485,2.999999996771194,1.0
0.05,3,2,0.9674048000796843,1.0879507493441336,0.9597771792146608,1.1686928397633287,2.9999999968260425,1.0
0.05,3,3,0.9708534563150814,1.0749087062421516,0.9494768052145348,1.1659274334153666,2.9999999968366207,1.0
0.05,3,4,0.9673149037062029,1.0741117404603282,0.9456290371065657,1.1611707945022565,2.999999996818181,1.0
0.05,6,0,0.9363911393948127,0.9618739644851466,0.9484488779577785,0.9726686333509308,5.999999604985445,1.0
0.05,6,1,0.9317605715054506,0.9734768133868786,0.9354547951381179,1.0009645451158258,5.6543288712378805,0.0
0.05,6,2,0.9282674418681354,0.9442807775858625,0.9413449885751226,0.9463133691233824,5.99999960266019,1.0
0.05,6,3,0.9501257623679872,0.9613461195482135,0.9251773791878083,0.9894407897076448,5.3133868038902765,0.0
0.05,6,4,0.9400863963884108,0.9651704127470322,0.9181508473943446,0.9989795244960097,5.980479117565106,0.0
0.05,11,0,0.930471594907513,0.9658698873162436,0.9330312313172441,0.9918063236452506,10.999999489035,1.0
0.05,11,1,0.9114234376920906,0.970345842140112,0.9201620244255523,1.0062661090096825,10.984700454035886,0.0
0.05,11,2,0.9193051856724934,0.9486575273318706,0.9275893529227899,0.963012171303602,10.999999484915756,1.0
0.05,11,3,0.9357872476207598,0.9489893224002994,0.9048793293631099,0.9829819016111742,10.843913434338939,0.0
0.05,11,4,0.9308545897514482,0.980736142388093,0.9142576091994102,1.027767865050435,10.543150143556597,0.6666666666666666
0.05,19,0,0.6712051597072266,0.8342986706336998,0.6699973472383726,0.9472622524655833,18.84862354120177,1.0
0.05,19,1,0.6746194590853486,0.8532479165829354,0.7000275005132562,0.9519143843387431,16.89893429260097,0.0
0.05,19,2,0.6878631027073446,0.827862096024738,0.6847682007143875,0.9141205975736755,18.99999938265345,0.0
0.05,19,3,0.6630270091510261,0.8385366360466139,0.685181861439614,0.9438398134020778,18.954410058154266,0.16666666666666666
0.05,19,4,0.683100607268346,0.8818328469891625,0.6498928355604846,1.0217860209619678,16.90913814708046,0.0
0.05,35,0,0.5970513820633034,0.7578399637556971,0.5733814202416093,0.8799247272743097,34.5196658703552,0.0
0.05,35,1,0.5998918165042891,0.7341940747492277,0.6234088586084692,0.807216433170168,30.965014625731,1.0
0.05,35,2,0.5851114658164956,0.7111760866841422,0.5941638287325589,0.7821800054395293,34.99999920457989,0.0
0.05,35,3,0.561684887469372,0.7490714703182588,0.5971103108712802,0.851717359962432,34.972413170220264,0.0
0.05,35,4,0.5760759948830877,0.6858335545254435,0.5256361023963176,0.7847958193471771,34.95201175434487,0.0
0.05,67,0,0.5330014145123859,0.6875191651561913,0.5078220410859279,0.8047268327727582,58.55019190822796,0.9166666666666666
0.05,67,1,0.5384449201503112,0.6969260800748446,0.5507783994633026,0.7887785214691457,65.27956455955767,0.0
0.05,67,2,0.5185448572342394,0.6959538249241378,0.5337855390349623,0.7891732853158726,66.99263767824773,0.0
0.05,67,3,0.5138789354972904,0.7253011673527455,0.5292465448935901,0.8506606896876255,65.33305368017199,0.0
0.05,67,4,0.5211197377651039,0.656552605649659,0.47865157491626503,0.7632215750876766,65.29067847767284,1.0
0.05,131,0,0.4363734382953066,0.7219410793700356,0.43371378435936836,0.8901810820315417,124.84259030368368,1.0
0.05,131,1,0.4441176550383937,0.7314235901862585,0.47570759480286656,0.875209577518176,130.75765475720408,0.0
0.05,131,2,0.44025362043967786,0.6713577027412669,0.4650961924387969,0.7832297239825191,124.80379203919252,1.0
0.05,131,3,0.4539561118642342,0.6876623570533719,0.4708790576559026,0.821347481221205,124.87689617200287,1.0
0.05,131,4,0.4313253071898366,0.6710271951163599,0.41919545937647124,0.8100404236100819,124.75789373140968,1.0
0.05,259,0,0.3209078500177204,0.6041535468220156,0.32779539339158564,0.7581002607828292,235.01161687840997,1.0
0.05,259,1,0.30357939646859616,0.6276488394349888,0.3329712908335727,0.7783030297358916,254.43445342040192,0.16666666666666666
0.05,259,2,0.30282939117587787,0.5701021556086805,0.3178443112471915,0.6931908574092144,234.82437035384547,1.0
0.05,259,3,0.3205876667793169,0.5997796922983193,0.31077711254882007,0.755716701441457,235.01057549482292,1.0
0.05,259,4,0.32379416521740245,0.5813451363351175,0.3048345932727255,0.7222998133997264,234.73468007501535,1.0
0.05,387,0,0.28410470707271357,0.6133137773505238,0.27733670014711803,0.7872561530969043,381.4421481250195,0.08333333333333333
0.05,387,1,0.2607825593021825,0.5863256140375895,0.28060811813220954,0.7362914377333251,332.02645277906163,1.0
0.05,387,2,0.25448877606061354,0.5580410926263599,0.2689901717345859,0.6909149171465923,332.0736215593509,1.0
0.05,387,3,0.27273988003536836,0.5726798940530303,0.2765881150480959,0.7279313908117412,341.4946908552276,0.8333333333333334
0.05,387,4,0.28041524293357073,0.5485324333201068,0.2559145548240842,0.6909499021942648,332.3171898943304,1.0
0.05,514,0,0.24678285770234587,0.5949689571166233,0.24159573229315504,0.7711387806353535,504.55037733570504,0.08333333333333333
0.05,514,1,0.24199363693240786,0.6160351323101056,0.2474762022839149,0.7858517973431752,496.643345294909,0.16666666666666666
0.05,514,2,0.22200650017339316,0.5264383055679972,0.22612395032213484,0.6587925809388767,426.7716355190448,0.9166666666666666
0.05,514,3,0.2360680613424473,0.5451269829382467,0.23620747797055508,0.7007160128823671,427.7355505199919,0.9166666666666666
0.05,514,4,0.24692767078107522,0.5137043344706306,0.21775484136873077,0.6528610291472366,419.7313249979267,1.0
0.05,643,0,0.2133004853201066,0.5930770408299257,0.20482480164861108,0.7771661174251338,640.3306764918902,0.0
0.05,643,1,0.2114612308187016,0.6013744125233116,0.22215047879812358,0.7716015721435784,640.3507293903244,0.0
0.05,643,2,0.1964642600116784,0.4953587120155496,0.20065881883434522,0.6226735582901497,522.519148551619,0.8333333333333334
0.05,643,3,0.2091897297436075,0.509720217702665,0.20679368877446558,0.6588674250847338,511.76959735030863,0.9166666666666666
0.05,643,4,0.22716781161529156,0.49097381854637195,0.19066191026191714,0.6281426899362382,499.8250485701463,1.0
0.05,771,0,0.1939664289707824,0.5692711417605291,0.17957207407250253,0.7494593870815525,767.0055848714534,0.0
0.05,771,1,0.1907554099237454,0.5797465819146176,0.19540870731941326,0.7477049885381867,766.6958196675572,0.0
0.05,771,2,0.18416349521771638,0.4721728318485307,0.17899551999990562,0.5962191965514475,569.4057310070311,1.0
0.05,771,3,0.18230538965294166,0.5696983608942042,0.17834413554008613,0.748131021082656,766.8384001950664,0.0
0.05,771,4,0.2060255803743237,0.4640296414531873,0.16273907559766201,0.5974404040885378,570.6111543469486,1.0
0.05,899,0,0.17936105829713545,0.5455155282957128,0.15915634869114817,0.720607032304097,892.9799095196184,0.0
0.05,899,1,0.17659070531235874,0.5786765358839484,0.1815230088802948,0.7488747273573075,892.3847562796909,0.0
0.05,899,2,0.17452413044019288,0.4774986773994394,0.16146256836129333,0.6066987634030174,696.8282033892638,0.75
0.05,899,3,0.1757289070618736,0.5505236093757231,0.16653452859704596,0.7239889123873023,870.721751441011,0.08333333333333333
0.05,899,4,0.18376815921878376,0.5417577720389771,0.1450312707685948,0.7055670084891529,892.693720114794,0.0
0.05,1027,0,0.16731072505513503,0.5284104337749794,0.1419500941931132,0.7001184472947375,1017.1095266699789,0.0
0.05,1027,1,0.16910367766520737,0.5452318140754362,0.1681443464627228,0.7061116115384442,1016.8780994536792,0.0
0.05,1027,2,0.15911439809366354,0.4989557375845279,0.14893920553552828,0.6374173214605724,906.84343090598,0.3333333333333333
0.05,1027,3,0.1633997984785848,0.5365856452605361,0.1483376681621935,0.7081783833885411,1017.0531806927062,0.0
0.05,1027,4,0.16631782273387355,0.5255630660990437,0.13174527474632522,0.6858096073125233,1017.915144732654,0.0
0.05,1283,0,0.15298175326429667,0.5093822573090717,0.12774437449525305,0.6763558702848034,1262.4271240271248,0.0
0.05,1283,1,0.15511287929070702,0.550396960673763,0.16053304221424172,0.7143626888522214,1221.5811230290515,0.08333333333333333
0.05,1283,2,0.13870535073868343,0.5307924312770685,0.14694275475769256,0.6799535250769355,1262.0523250923738,0.0
0.05,1283,3,0.15747924760367146,0.47959920648063575,0.14612597625226487,0.6304285757860446,940.3004746617352,0.6666666666666666
0.05,1283,4,0.15415035530155644,0.5085211099000079,0.13166471292751378,0.6629563087871401,1262.1213541804016,0.0
0.05,1539,0,0.14635353754890654,0.5134577026383292,0.12179459110926454,0.6828087944280662,1499.8329915494753,0.0
0.05,1539,1,0.14890918727274732,0.4975370841008304,0.15635883989066432,0.6437555964679115,1011.950977931076,0.75
0.05,1539,2,0.13435876323010468,0.5080073517280094,0.14129038482621,0.6506541984153554,1337.0351953926045,0.25
0.05,1539,3,0.1477131823010323,0.5182809523081956,0.1324500007326221,0.685768493631225,1499.5811340277562,0.0
0.05,1539,4,0.1520997983894584,0.47623279769794413,0.1260726301643794,0.6203999828400981,1229.7242600734905,0.4166666666666667
0.05,1795,0,0.1488143653603551,0.49570313061938953,0.12330541359319665,0.6583055290370116,1520.637699385702,0.25
0.05,1795,1,0.14637275665469576,0.4736115655067124,0.15069282264434494,0.6125190367301069,904.4754010341684,1.0
0.05,1795,2,0.13328319869605873,0.44817942813475004,0.12700479278108948,0.5736801960998027,905.648668890005,1.0
0.05,1795,3,0.14572612749634653,0.5080954069713387,0.13265647169541575,0.671769819950769,1587.7331976974183,0.16666666666666666
0.05,1795,4,0.1501713787351066,0.4554728915353849,0.12281114129302305,0.5930171843035136,1179.277807434371,0.6666666666666666
0.05,2050,0,0.15085270134319753,0.45712725453111847,0.12456266939933096,0.6053787796386789,947.5064713964308,1.0
0.05,2050,1,0.14567722995874208,0.4716829021103039,0.14833631803302202,0.6103435809462202,944.3869635690588,1.0
0.05,2050,2,0.13332206097818078,0.4470503662525848,0.12577950492364606,0.5723733926329448,945.5675652802834,1.0
0.05,2050,3,0.14515898568887592,0.4985686795894864,0.13338974512400073,0.658606524816166,1601.5684053515904,0.3333333333333333
0.05,2050,4,0.14813052911327826,0.4463838470427619,0.12093442954792273,0.5811105457703543,1192.3827956801408,0.75
0.1,3,0,0.973675040764749,1.0687172394135425,0.9745516485692926,1.1396598488275267,2.9999999968579707,1.0
0.1,3,1,0.9607568272085275,1.1014301645673776,0.9728695027749783,1.1885792573795813,2.999999996771194,1.0
0.1,3,2,0.9677756435178062,1.0879572188993984,0.9597646800389582,1.1687099323011,2.9999999968260425,1.0
0.1,3,3,0.9711480384592811,1.074879888176679,0.9494837575276452,1.165874739398612,2.9999999968366207,1.0
0.1,3,4,0.9676946287307219,1.0740423733370128,0.9456515946101559,1.1610445257292057,2.999999996818181,1.0
0.1,6,0,0.9367944203452172,0.9618031318187107,0.9484669108629292,0.9725271344532872,5.999999604985445,1.0
0.1,6,1,0.9320222197193097,0.9736962939829673,0.9354839999507495,1.0013168053216546,5.6543288712378805,0.0
0.1,6,2,0.9287309103210958,0.9444106647599652,0.9413097718987221,0.946556910105843,5.99999960266019,1.0
0.1,6,3,0.9505961810024987,0.9613020753520564,0.9251635342326007,0.9893736639056544,5.3133868038902765,0.0
0.1,6,4,0.9406053843248499,0.965033233311412,0.9181665170222292,0.9987365453780144,5.980479117565106,0.0
0.1,11,0,0.9309367106220635,0.9658186520720027,0.9330507114438022,0.9917005996198799,10.999999489035,0.75
0.1,11,1,0.9119114378461163,0.9706067890568114,0.9202301863704521,1.006658788192692,10.984700454035886,0.0
0.1,11,2,0.9198047965000375,0.948766466975274,0.9275288926306159,0.9632339786799519,10.999999484915756,1.0
0.1,11,3,0.936297592308279,0.9518903598464709,0.9052782551995371,0.9877217959105868,10.544301030323034,0.0
0.1,11,4,0.9314021537745422,0.9806788871243101,0.9142764049152846,1.0276592361086323,10.543150143556597,0.6666666666666666
0.1,19,0,0.6739037070850001,0.8342132158672109,0.6702647087764496,0.9469713315399687,18.688088834092806,0.9166666666666666
0.1,19,1,0.6775933008921831,0.8536498285757781,0.7001048674268017,0.9525012842970321,16.89893429260097,0.0
0.1,19,2,0.6905814699306693,0.8279616361592983,0.6847964976413256,0.914258141654854,18.99999938265345,0.0
0.1,19,3,0.6660899575566669,0.838404086977528,0.6852048581970234,0.9436134522812668,18.93354631648108,0.3333333333333333
0.1,19,4,0.6866360442660454,0.8815936746610044,0.6498805395688572,1.0214303648965701,16.90913814708046,0.0
0.1,35,0,0.6008419609492569,0.7580394072082982,0.5734174614299103,0.8802163675073637,34.5196658703552,0.0
0.1,35,1,0.6039180201242844,0.7345117383282331,0.6235177891101283,0.8076578052046961,30.965014625731,1.0
0.1,35,2,0.5891093892994476,0.7115970604493637,0.5942000579519156,0.7828084023982798,34.99999920457989,0.0
0.1,35,3,0.5661309798310734,0.7491308481984175,0.5972101544442202,0.8517548714860146,34.97631454653056,0.0
0.1,35,4,0.5811095493816794,0.6855413050063291,0.5257486592140841,0.7842915887241042,34.87882294850061,0.16666666666666666
0.1,67,0,0.5376168510431473,0.6878068722495262,0.5078413981171238,0.8051616198526385,58.55019190822796,0.75
0.1,67,1,0.543830115349137,0.696822308256943,0.5509540995278138,0.7885252953137204,65.27956455955767,0.0
0.1,67,2,0.5231201175192145,0.696263329528508,0.533838459909085,0.789609975516222,66.99263767824773,0.0
0.1,67,3,0.5193107597065586,0.725552868188379,0.5293178099420461,0.851011054431048,65.33305368017199,0.0
0.1,67,4,0.5272804175656298,0.6565444427451484,0.4787844913713894,0.7631457406634697,65.29067847767284,1.0
0.1,131,0,0.4436159389694352,0.7238276265405647,0.43389923662128616,0.8928779606254285,125.33604704025139,0.9166666666666666
0.1,131,1,0.45113518329062363,0.73206976376833,0.47606022853791047,0.8760099806069657,130.75765475720408,0.0
0.1,131,2,0.4467036607788451,0.6715557308393653,0.46527891319952525,0.7834410177029985,124.80379203919252,1.0
0.1,131,3,0.46136502623343506,0.6878898665131307,0.47099282501527867,0.8216366539161025,124.87689617200287,1.0
0.1,131,4,0.43956840646530787,0.6709003696252426,0.41946558601471334,0.8097507517725883,124.75789373140968,1.0
0.1,259,0,0.3321158594847961,0.6053539335501824,0.32824604832756576,0.7596762338101902,235.01161687840997,1.0
0.1,259,1,0.31532485962490714,0.6192367997295078,0.3339373523021836,0.7660957755140672,246.51272544608025,0.5
0.1,259,2,0.3131118732355555,0.5711180602588156,0.31853291553538204,0.6943857608736234,234.82437035384547,1.0
0.1,259,3,0.3323529344951206,0.6046561338664901,0.3103648634504987,0.7628035568451312,238.91001317745898,0.8333333333333334
0.1,259,4,0.3352120062224185,0.5819308811228096,0.3054084152982027,0.7229421268008239,234.73468007501535,1.0
0.1,387,0,0.29740609384512967,0.6042212682048539,0.2786873009956547,0.7739538104717036,368.1114067134627,0.3333333333333333
0.1,387,1,0.27494158222315995,0.5885473881801356,0.281727966215192,0.739064349306621,332.02645277906163,1.0
0.1,387,2,0.2680100611862171,0.5637204793007717,0.2702309477524902,0.698336755864918,336.55695502681226,0.9166666666666666
0.1,387,3,0.2873059789980272,0.5746688792884458,0.2775479162262187,0.7304554687618398,341.4946908552276,0.8333333333333334
0.1,387,4,0.2946274856204676,0.5491385720321068,0.2569816891938796,0.6914941790731935,332.3171898943304,1.0
0.1,514,0,0.2625041264631254,0.5747126961008965,0.2436322255337854,0.7421352595027959,466.1950796967495,0.5
0.1,514,1,0.2575527416367734,0.5948052688434352,0.25184404825186074,0.7555780912228721,457.8299023081235,0.5833333333333334
0.1,514,2,0.2378099704265321,0.5283524706987256,0.22786666286215265,0.6609681807935104,426.7716355190448,0.9166666666666666
0.1,514,3,0.2533078095653427,0.5518126563439018,0.23741714476524547,0.7097420463079418,435.41524506152217,0.8333333333333334
0.1,514,4,0.2632733142098456,0.5145170464883461,0.2194586526068211,0.6535519201896002,419.7313249979267,1.0
0.1,643,0,0.23260877813024336,0.5703060101618244,0.20856578469826917,0.7445810960708167,593.6719450218658,0.3333333333333333
0.1,643,1,0.23111695577574987,0.5833300002427223,0.22663083033292772,0.745840302593233,593.1890658504107,0.3333333333333333
0.1,643,2,0.21479463931510198,0.4889580264768147,0.2032227884361452,0.6134980370414241,498.9597902364689,1.0
0.1,643,3,0.22904291003962182,0.5190523484929025,0.208685778527574,0.6713672118043621,523.4555147006056,0.8333333333333334
0.1,643,4,0.24560808817598315,0.4921549928738322,0.1928559182840527,0.6292565655200989,499.8250485701463,1.0
0.1,771,0,0.21682429377451662,0.5631328837696352,0.18429648259040476,0.7399750861900237,734.3589836187278,0.16666666666666666
0.1,771,1,0.2134999586891542,0.555381863303292,0.2021919836483286,0.7130452127631188,684.4857652098364,0.4166666666666667
0.1,771,2,0.20400486290114542,0.4748845895858573,0.1816774139773277,0.599295830134865,569.4057310070311,1.0
0.1,771,3,0.20744331912317315,0.5648283000305669,0.18430141494566385,0.7401381543853942,734.1608922902332,0.16666666666666666
0.1,771,4,0.22639798944374576,0.46526425523958137,0.16549684917456056,0.5985509155158478,570.6111543469486,1.0
0.1,899,0,0.20580541865903143,0.5498092198589087,0.1656953589878917,0.7252663220105847,871.1044453620597,0.08333333333333333
0.1,899,1,0.20252206636218031,0.5620092655783125,0.19034355291094288,0.7244747278015979,805.46853647722,0.3333333333333333
0.1,899,2,0.19618986006076808,0.4708838234900207,0.16620148100008078,0.5970318920982266,653.3881753003367,0.9166666666666666
0.1,899,3,0.2006557377614601,0.4990593931031068,0.1781083102192065,0.650733463806156,675.6113110131944,0.8333333333333334
0.1,899,4,0.20864497281409558,0.5071906037700754,0.1542106020018105,0.6573809002595709,762.7689926448498,0.5
0.1,1027,0,0.1964408909968618,0.5308681620919422,0.1512408322819586,0.7018339690675054,962.5105444907698,0.16666666666666666
0.1,1027,1,0.193965918898516,0.4899232366701034,0.18290264919398466,0.6281841888818501,685.9935496966876,1.0
0.1,1027,2,0.18384075488854765,0.4760963697160416,0.1550453872594054,0.6060248670544858,769.2272215697136,0.75
0.1,1027,3,0.19137817671927568,0.49231618692117113,0.16333200917514817,0.6445289850942549,769.5536640586057,0.75
0.1,1027,4,0.19671882780061076,0.5020317989320845,0.14287284245292245,0.6523534980107444,880.4053063729888,0.4166666666666667
0.1,1283,0,0.18697216867022834,0.5091525084925861,0.14201328701716207,0.6736390996731002,1101.7265548663743,0.3333333333333333
0.1,1283,1,0.18342539095793056,0.4892683134800328,0.167659738780645,0.6304349950477613,817.7263752048584,0.9166666666666666
0.1,1283,2,0.17110849207876763,0.46530146115608456,0.1442558236963451,0.5935882392149995,818.966998790635,0.9166666666666666
0.1,1283,3,0.18426525860521437,0.46298234300086333,0.15394253453431325,0.6062090972846526,779.2798628421714,1.0
0.1,1283,4,0.18851415867454815,0.4661681100537037,0.13845247328561447,0.6048515352995264,940.6589267651267,0.6666666666666666
0.1,1539,0,0.1807279759435629,0.4684122098120733,0.13583400336717127,0.6188822208943191,906.5051791195968,0.9166666666666666
0.1,1539,1,0.17590918570610078,0.4793378397810473,0.1603633916621228,0.6184380367987227,849.5649572072753,1.0
0.1,1539,2,0.1642073920172477,0.4563210936150921,0.13745541630212227,0.5828078916850511,851.1370468439217,1.0
0.1,1539,3,0.17952109011590137,0.45793526006471463,0.14778868790769925,0.6004994055956127,851.4958051180971,1.0
0.1,1539,4,0.18151750793518617,0.43629069558503586,0.12996285649953263,0.5660623401512263,852.3173403031209,1.0
0.1,1795,0,0.1787441875418736,0.4616785154366481,0.13277738497882005,0.6102023537364595,907.460825575733,1.0
0.1,1795,1,0.17381320271318113,0.47689024167648575,0.1556470166939455,0.6160267548619432,904.4754010341684,1.0
0.1,1795,2,0.16188042879145995,0.45123855993449946,0.13223131501914479,0.5769118123692555,905.648668890005,1.0
0.1,1795,3,0.17681435361389267,0.4544118673072877,0.14559374483357873,0.5960871147649697,906.0929479583866,1.0
0.1,1795,4,0.17908455602137244,0.43251430120592543,0.12687743634216872,0.5614976093889509,906.9742856977032,1.0
0.1,2050,0,0.17808422109832797,0.4602883712482683,0.13004211797508447,0.6087748096995563,947.5064713964308,1.0
0.1,2050,1,0.17336127926973885,0.47486460742278513,0.15348554164944128,0.6136921609215681,944.3869635690588,1.0
0.1,2050,2,0.1620945478241614,0.4500843838872524,0.13116819848385772,0.5755504123669255,945.5675652802834,1.0
0.1,2050,3,0.17614950322877454,0.4537224417128096,0.1444319805529767,0.5953668884043081,945.8418002743748,1.0
0.1,2050,4,0.17761832171452316,0.43107790364953025,0.12515623564385692,0.5598519515849271,946.6124552959797,1.0
0.2,3,0,0.9744838905049497,1.0687530546011272,0.9745743273107026,1.139703859735276,2.9999999968579707,1.0
0.2,3,1,0.9615389419307134,1.1015655247097642,0.9729066984186482,1.188775358560562,2.999999996771194,1.0
0.2,3,2,0.968957355282885,1.0879764409430184,0.9597460857897432,1.168749902743995,2.9999999968260425,1.0
0.2,3,3,0.972149066137793,1.074827529141494,0.9495027500694174,1.1657743201504738,2.9999999968366207,1.0
0.2,3,4,0.9689238807817259,1.0739095124410865,0.9457022075630652,1.1607977072787026,2.999999996818181,1.0
0.2,6,0,0.9385420328505449,0.9616856921383046,0.9485134462090187,0.9722790794742906,5.999999604985445,1.0
0.2,6,1,0.9335275938640747,0.9729887177502666,0.9354338508772861,1.0001465640607083,5.708767798213336,0.0
0.2,6,2,0.9306879927058821,0.9446932082085113,0.9412531633588199,0.9470721358322342,5.99999960266019,1.0
0.2,6,3,0.9522326967868643,0.9597744690710709,0.9250728091434904,0.9867483015484741,5.368973775404221,0.0
0.2,6,4,0.9425352001360631,0.9647754930622177,0.9182067705975107,0.9982719880164198,5.980479117565106,0.0
0.2,11,0,0.9329141356177598,0.9657655499252923,0.9331166901628273,0.9915551526020164,10.990685760087805,0.5833333333333334
0.2,11,1,0.9141856963020301,0.971200745373956,0.9203953152402256,1.0075445897725264,10.985975373290435,0.0
0.2,11,2,0.9219849052703363,0.9490297839538239,0.9274305689830024,0.9637373663668235,10.999999484915756,1.0
0.2,11,3,0.9382530399869772,0.952766644179762,0.9054123108460918,0.9891435655142841,10.444430228984396,0.0
0.2,11,4,0.9335416775904056,0.9806035181968452,0.9143309965132578,1.027495315709726,10.543150143556597,0.6666666666666666
0.2,19,0,0.6849190870221292,0.8341199263968863,0.6708507802735516,0.9464834794118314,18.36701941987487,0.75
0.2,19,1,0.6889543867666941,0.8545688005184732,0.7003119451850172,0.9538258034065308,16.89893429260097,0.0
0.2,19,2,0.7011283202196269,0.8282193185104081,0.6849006466887885,0.9145975237426255,18.987175808769933,0.08333333333333333
0.2,19,3,0.6779676160298417,0.8407463953645902,0.685769361233134,0.9470310869701745,18.441642062457095,0.16666666666666666
0.2,19,4,0.6990721617203272,0.8807672806213506,0.6491931993976728,1.0205081986157953,17.232347820009206,0.16666666666666666
0.2,35,0,0.6158680685350727,0.7586813224673611,0.5735932825678342,0.8811225317720743,34.5196658703552,0.0
0.2,35,1,0.6190391030391887,0.7354038734072383,0.623836262485812,0.8088889795575781,30.965014625731,1.0
0.2,35,2,0.6045100733445606,0.7126879047043874,0.59438012926006,0.7843895526295986,34.99999920457989,0.0
0.2,35,3,0.5832762639294766,0.749406953815309,0.5974933467024396,0.852031585174552,34.97631454653056,0.0
0.2,35,4,0.5991546747900242,0.6856573497944409,0.5259981098132926,0.784339133715235,34.84622749882292,0.25
0.2,67,0,0.5560627639220151,0.6887749178837779,0.5080647007634742,0.8065423059977913,58.55019190822796,0.75
0.2,67,1,0.5632497802209083,0.6977713402235414,0.5515547302475127,0.7896715950420813,65.41396569304766,0.08333333333333333
0.2,67,2,0.5415904771424139,0.6968606615007605,0.5341225461425428,0.7903643964664187,66.84409553824217,0.08333333333333333
0.2,67,3,0.5398266737215164,0.7265456695502062,0.5296521581971431,0.8523663321925579,65.33305368017199,0.0
0.2,67,4,0.549127069933115,0.6571329465061401,0.4793051815754222,0.7637826578197177,65.29067847767284,1.0
0.2,131,0,0.4704366842952655,0.7255446625649546,0.4351397173680233,0.894901643393482,122.81144446889472,0.5833333333333334
0.2,131,1,0.4769639045309086,0.7331409673361163,0.47724545021688364,0.8770859425246691,130.25259661947882,0.08333333333333333
0.2,131,2,0.47156641341988964,0.6729636505989003,0.4660831303930688,0.7851504065115761,124.80379203919252,1.0
0.2,131,3,0.4878229289555089,0.6907105839226287,0.4721589045427326,0.825348992396659,123.8692422891959,0.9166666666666666
0.2,131,4,0.46870293568621646,0.6717973598580894,0.42055786386892585,0.8106231329185749,124.75789373140968,1.0
0.2,259,0,0.37212477883609024,0.6100704552651693,0.3302921660544431,0.7657714057750739,235.01161687840997,1.0
0.2,259,1,0.35667926815972995,0.6144716009807724,0.3368970665028727,0.758385228196868,238.59099747175858,0.8333333333333334
0.2,259,2,0.35189637780145877,0.5753513433069557,0.3210783857895485,0.6994683216471597,234.82437035384547,1.0
0.2,259,3,0.3730859481045257,0.6121051057043493,0.31222500544529397,0.7728166694959087,240.859732018777,0.75
0.2,259,4,0.3758658612791527,0.5855342707853773,0.30794242701807084,0.7272105225737828,234.73468007501535,1.0
0.2,387,0,0.3435033093815249,0.5968925851514822,0.2829865138991851,0.76225417044107,350.3370848313871,0.6666666666666666
0.2,387,1,0.3236158968079566,0.5965930032547282,0.2860605440017006,0.7490259952910238,332.02645277906163,1.0
0.2,387,2,0.31592890171680743,0.5658123504421335,0.27394865328633977,0.7001979511923454,332.0736215593509,1.0
0.2,387,3,0.33636482305162535,0.5823264973569351,0.2814865007146131,0.7401039083245631,341.4946908552276,0.8333333333333334
0.2,387,4,0.343013301402042,0.5539916235949528,0.2613989361318099,0.6970001428977671,332.3171898943304,1.0
0.2,514,0,0.31517914546501813,0.5582515413070589,0.2492127414650315,0.7175108745557367,419.2415857706108,0.9166666666666666
0.2,514,1,0.3099544665415091,0.5834857691860121,0.259664289309461,0.7380549257904215,426.7791479186951,0.9166666666666666
0.2,514,2,0.29233156477443895,0.5364784327185596,0.2342976332473233,0.670426078067827,426.7716355190448,0.9166666666666666
0.2,514,3,0.30968450629410355,0.5576075554974023,0.24314384517954932,0.716338479185756,427.7355505199919,0.9166666666666666
0.2,514,4,0.31791826998051065,0.5208536575302196,0.22607144614733177,0.6606032796046455,419.7313249979267,1.0
0.2,643,0,0.29299216688584634,0.5260849894051054,0.21741330976540116,0.6808935726283636,500.2978308308249,0.9166666666666666
0.2,643,1,0.29066019349695194,0.5434362320791585,0.23639467074064624,0.6888428520952364,498.893331894938,1.0
0.2,643,2,0.27540912686023095,0.4982719102329198,0.2111428609676691,0.6242392506533594,498.9597902364689,1.0
0.2,643,3,0.29181956375335855,0.5182250447913287,0.2159804480057347,0.6684206622618651,500.0836800000116,1.0
0.2,643,4,0.30536134098434303,0.5001155527494531,0.2014033621516903,0.6381670135888676,499.8250485701463,1.0
0.2,771,0,0.2833318257081019,0.5056648083664903,0.1935280921691804,0.6583263855470413,571.0970185282267,1.0
0.2,771,1,0.27784618273853146,0.5212047563182464,0.2150831741720757,0.6635664163991509,569.3279111130942,1.0
0.2,771,2,0.2682418384768149,0.4857466649580189,0.1915032706360025,0.6117868680233002,569.4057310070311,1.0
0.2,771,3,0.27829460777829446,0.5246349700985012,0.20076397779104685,0.680980684465911,603.1028097941356,0.8333333333333334
0.2,771,4,0.29123732867836144,0.4741737206050949,0.1763490069987004,0.6083783397138808,570.6111543469486,1.0
0.2,899,0,0.2777798592308684,0.4946332465944681,0.18045954049620846,0.6460283112103073,633.1968578100013,1.0
0.2,899,1,0.2710959303301288,0.5135567386014935,0.20504856820515585,0.6554710104460754,631.2824252251047,1.0
0.2,899,2,0.2637181556080432,0.4768917030495865,0.177742281663529,0.6027998413768468,631.6681612558732,1.0
0.2,899,3,0.27226543766343747,0.49882804277287845,0.19000907365114872,0.6478265419503094,632.2534353625684,1.0
0.2,899,4,0.27904455632552894,0.4723447217484309,0.16828496239352705,0.6076006695711164,632.6585739710785,1.0
0.2,1027,0,0.27079639739366473,0.4837927213224607,0.16839124507038114,0.6336705671957691,688.3815215653159,1.0
0.2,1027,1,0.26468031349198273,0.5035687547063357,0.19556692508354248,0.6439885902414845,685.9935496966876,1.0
0.2,1027,2,0.25565858463977853,0.4687379852852552,0.16769395173420398,0.5938962151564899,686.6574959679538,1.0
0.2,1027,3,0.26601099800777755,0.48479339274129346,0.1773538207919769,0.6312865621086534,687.0538251805723,1.0
0.2,1027,4,0.27197705430203983,0.4593296417785349,0.15866713183743664,0.5918767263093615,687.8529707664826,1.0
0.2,1283,0,0.264011445196567,0.47562800142449846,0.15885442996566126,0.6243944747525526,780.325416544873,1.0
0.2,1283,1,0.2584853996630988,0.4941657073669437,0.1822275956654985,0.6341031971660946,777.3409004224391,1.0
0.2,1283,2,0.24780353702239524,0.46788155057486,0.158013848144915,0.5945940702444139,778.686514581386,1.0
0.2,1283,3,0.26133121342669047,0.47655568194918224,0.1680916394431015,0.6219475767689249,779.2798628421714,1.0
0.2,1283,4,0.2668087493024342,0.4472189779973342,0.15218288710199895,0.5767292730646355,779.9277130574895,1.0
0.2,1539,0,0.25873772693069835,0.47558039185253725,0.153125569676411,0.6254925558128256,852.5662870805169,1.0
0.2,1539,1,0.25428212245522225,0.4930261225609432,0.17726193010793753,0.6336035760493481,849.5649572072753,1.0
0.2,1539,2,0.24390751298173965,0.4684578492852524,0.1542421449368474,0.5960492351135129,851.1370468439217,1.0
0.2,1539,3,0.258956764531357,0.4711905164016626,0.16347859042020876,0.6155310254047078,851.4958051180971,1.0
0.2,1539,4,0.2621800711741649,0.4472240392571007,0.14819360599703044,0.5775152422596336,852.3173403031209,1.0
0.2,1795,0,0.257770124629427,0.4747953567105387,0.15135369038102928,0.6247618735469597,907.460825575733,1.0
0.2,1795,1,0.2533622927607533,0.49081403920797645,0.17407060350671807,0.6312582936464287,904.4754010341684,1.0
0.2,1795,2,0.24310841515024462,0.46367126357109356,0.150632708780526,0.5903188955373817,905.648668890005,1.0
0.2,1795,3,0.2575929445833068,0.4675267881857299,0.16205632575592507,0.61077562053759,906.0929479583866,1.0
0.2,1795,4,0.2607621058562521,0.4434530368133842,0.14616732591817408,0.5727949185145748,906.9742856977032,1.0
0.2,2050,0,0.25745877528432465,0.4732721353722494,0.1494119350411177,0.6230424708696869,947.5064713964308,1.0
0.2,2050,1,0.25343355270441353,0.48857242254319605,0.1725256586178863,0.6285292899530671,944.3869635690588,1.0
0.2,2050,2,0.24370808333010396,0.46245384022346636,0.15014096015909906,0.5887834660977677,945.5675652802834,1.0
0.2,2050,3,0.257452879413343,0.46695180833005256,0.1615093034229982,0.6100992478045439,945.8418002743748,1.0
0.2,2050,4,0.2602065771561414,0.441731584894613,0.1452687256025266,0.5706346171736505,946.6124552959797,1.0
0.4,3,0,0.9772613090858697,1.0688497896854197,0.9746421414201785,1.1398166930834652,2.9999999968579707,1.0
0.4,3,1,0.9649187581252961,1.101861693744348,0.9730043772872393,1.189193671797608,2.999999996771194,1.0
0.4,3,2,0.9726391418054566,1.0880400119340017,0.9597345182210946,1.1688529859412031,2.9999999968260425,1.0
0.4,3,3,0.9753793232898103,1.0747439151336864,0.9495610858980411,1.165593357470204,2.9999999968366207,1.0
0.4,3,4,0.9727447675804419,1.073667286089926,0.9458254188169634,1.1603269462177341,2.999999996818181,1.0
0.4,6,0,0.9449285959060005,0.9615791873075114,0.9486453263955114,0.9719817235140727,5.996827974900602,0.8333333333333334
0.4,6,1,0.9396819118421508,0.9751513527471608,0.9357358441872218,1.0036081572557438,5.6543288712378805,0.0
0.4,6,2,0.9378177599483125,0.9454173674685062,0.9411700071499922,0.9483474627118437,5.996806045192566,0.8333333333333334
0.4,6,3,0.9575474186931662,0.9552773443768489,0.9248452294111326,0.9789924027467887,5.535734689946054,0.0
0.4,6,4,0.9489939483906932,0.9664889852403493,0.9185469155843277,1.0009199936680566,5.871134390894524,0.08333333333333333
0.4,11,0,0.9400705155206918,0.9659397209527117,0.9333235673163647,0.9917002569040544,10.990685760087805,0.5
0.4,11,1,0.9228221435676227,0.9726327078514821,0.9208361621774731,1.0096465148167744,10.985426862343054,0.16666666666666666
0.4,11,2,0.9300393808400412,0.949749661873957,0.9273147240364432,0.9650086921698956,10.995265963590564,0.9166666666666666
0.4,11,3,0.9450226139435833,0.953587971578537,0.9055967325177118,0.9904147311090018,10.358188562162896,0.0
0.4,11,4,0.9409469963014537,0.9806094038470571,0.9145081677491266,1.02738096263195,10.543150143556597,0.6666666666666666
0.4,19,0,0.7232618250427593,0.8341059821001858,0.6712569045762193,0.9462243770566198,18.36701941987487,0.75
0.4,19,1,0.7273608606442202,0.8570935581450168,0.7007140604035662,0.957547957361989,17.071941430262232,0.08333333333333333
0.4,19,2,0.7371282579383575,0.829151146285437,0.6853104460575824,0.9158064591673981,18.972265303471506,0.16666666666666666
0.4,19,3,0.7180063004730521,0.84335577981903,0.686559609105324,0.9507394768254623,17.939305937596515,0.08333333333333333
0.4,19,4,0.7388748139726357,0.8796156215080448,0.648315216170514,1.0191828744695968,17.71716232940233,0.4166666666666667
0.4,35,0,0.6661882554589895,0.7548464911151115,0.5759732366379183,0.8737424696749488,33.64792878603941,0.25
0.4,35,1,0.6690605254377675,0.7382105663128878,0.6248747803905135,0.8127369147095583,30.965014625731,1.0
0.4,35,2,0.6559617357014644,0.7158322361820918,0.595165742454847,0.7888000736593922,34.99601803114016,0.0
0.4,35,3,0.6397404055479362,0.7504160814445479,0.5983932757350796,0.853120925006336,34.936304762226264,0.0
0.4,35,4,0.6560156792991387,0.6872452907088894,0.527440183182829,0.786030581235781,34.522199389037056,0.25
0.4,67,0,0.6174629438138922,0.6922713100713339,0.5092480924176508,0.8113321695144583,58.55019190822796,0.75
0.4,67,1,0.625110073028199,0.6997261858674756,0.5548572407098235,0.790928932954407,63.828245668418184,0.3333333333333333
0.4,67,2,0.6037055811539601,0.6989302318231626,0.5354078774088016,0.7928364353449032,66.29099349960094,0.4166666666666667
0.4,67,3,0.6056646581183988,0.7275905173046685,0.532611725633099,0.8524510229456524,63.08118319398505,0.3333333333333333
0.4,67,4,0.6166450389740404,0.6617128241478534,0.4817137840064392,0.7695207410116319,64.71984504281855,0.9166666666666666
0.4,131,0,0.5535338456901379,0.7323690234589794,0.4383410410366188,0.9036495886876891,121.81951063062763,0.3333333333333333
0.4,131,1,0.5575155828398718,0.7370086491728108,0.4818631280883827,0.8808478198523613,127.20787561255457,0.25
0.4,131,2,0.5510917404842588,0.6809157751568664,0.4695801054115809,0.7952356475457019,125.31452350199216,0.9166666666666666
0.4,131,3,0.568313029961555,0.7026604732577898,0.47698170523742944,0.8411274027894943,119.8386267579681,0.5833333333333334
0.4,131,4,0.5557462061314923,0.6793159356796692,0.4252822999902639,0.8196683537006314,123.74005356941389,0.9166666666666666
0.4,259,0,0.4858313097286073,0.6312301250492999,0.339714395406602,0.7930332751744237,230.53618592914088,0.75
0.4,259,1,0.4733792490301743,0.6280525938441411,0.3472313502724851,0.7741929544731009,234.63013348459776,1.0
0.4,259,2,0.46542883504468074,0.5923497440843316,0.3306888132813011,0.7200725420755633,234.82437035384547,1.0
0.4,259,3,0.48725399163473626,0.6290798235728446,0.32379324962708317,0.7933228530831146,232.026187085058,0.8333333333333334
0.4,259,4,0.4908118132654112,0.602192424176848,0.31835725869131554,0.7473545376953652,234.73468007501535,1.0
0.4,387,0,0.4687145042235885,0.6169504266691421,0.2985652095094867,0.7861004326536505,322.4797653029866,0.4166666666666667
0.4,387,1,0.4545236852100372,0.6263021606183797,0.3025786961294264,0.7856571445590568,332.02645277906163,1.0
0.4,387,2,0.44621375787054696,0.5899804541869701,0.28894938908128504,0.729173653380096,332.0736215593509,1.0
0.4,387,3,0.46644957822808425,0.6043676655490465,0.29684139488302136,0.7666945074981597,331.17710057713845,0.9166666666666666
0.4,387,4,0.4722321846988749,0.5776678764750719,0.2787249169910012,0.7250171932654835,332.3171898943304,1.0
0.4,514,0,0.4522409585412564,0.6002828770696801,0.27038972159887503,0.7708279678625235,415.53303873304304,0.5833333333333334
0.4,514,1,0.4476953217689958,0.6135085619280632,0.28240170509561296,0.7735326080215104,419.016459321338,1.0
0.4,514,2,0.43369484318382695,0.5627733383195958,0.2567383217286254,0.7005599219747968,419.00720794946466,1.0
0.4,514,3,0.45195025887788726,0.5904721348137792,0.26427622356361985,0.7566762445016165,419.12746863035545,0.9166666666666666
0.4,514,4,0.45826969095458764,0.5513249582715744,0.2506487022561022,0.6962461070623792,419.7313249979267,1.0
0.4,643,0,0.44108152770951575,0.5765756343097944,0.2460849033219035,0.7441553066519727,500.1953971029629,0.6666666666666666
0.4,643,1,0.43876177015844764,0.5860989025674437,0.26574584382835587,0.7400626772944571,498.893331894938,1.0
0.4,643,2,0.42573619371055305,0.5350443395050513,0.2395369918150724,0.6671949799470043,498.9597902364689,1.0
0.4,643,3,0.4435691425109251,0.5640900350929008,0.24398269764653055,0.725193514814087,500.0483865701248,0.9166666666666666
0.4,643,4,0.45351811854182794,0.5368591030952744,0.23248999977632945,0.6810323599884461,499.8250485701463,1.0
0.4,771,0,0.43806213025255664,0.5509966179997918,0.22709570831708345,0.7132736578130591,571.0970185282267,1.0
0.4,771,1,0.43298831000133514,0.5684618708909637,0.2501815113547123,0.7197831830580933,569.3279111130942,1.0
0.4,771,2,0.42348782538417856,0.5272657549197298,0.22568716681156806,0.660018946430008,569.4057310070311,1.0
0.4,771,3,0.43805154458112194,0.5517359889445281,0.23272194924665845,0.7108771354028961,570.3672934098416,1.0
0.4,771,4,0.4471796754803726,0.5156468529280186,0.21475043222581822,0.6562599559923402,570.6111543469486,1.0
0.4,899,0,0.43736404857129707,0.5418186729066268,0.21853951781120715,0.7026196382560527,633.1968578100013,1.0
0.4,899,1,0.4313372281878423,0.5645996075658144,0.24482688212585338,0.7158449909853702,631.2824252251047,1.0
0.4,899,2,0.42319863686692955,0.5219339035901119,0.2165653871927992,0.6549373375302191,631.6681612558732,1.0
0.4,899,3,0.43567072499860143,0.5477254631035285,0.2268138389098567,0.7068101441483264,632.2534353625684,1.0
0.4,899,4,0.4415204470988399,0.5155950306157208,0.21140185603978326,0.6570028841366269,632.6585739710785,1.0
0.4,1027,0,0.4343925468077107,0.5331363431813769,0.21139831902171555,0.6922752412630991,688.3815215653159,1.0
0.4,1027,1,0.42897097326989897,0.556383799777228,0.2400300748596458,0.7057363291044618,685.9935496966876,1.0
0.4,1027,2,0.4197840137251126,0.5152033219480908,0.21107217925192864,0.6471053259960833,686.6574959679538,1.0
0.4,1027,3,0.43333691314585526,0.5345620213013761,0.21904319109106093,0.6904237203837403,687.0538251805723,1.0
0.4,1027,4,0.4394077870688216,0.5052779287904762,0.20621952364674578,0.6440830203652087,687.8529707664826,1.0
0.4,1283,0,0.432382362511996,0.5260539983055788,0.20903999220906042,0.6829705778548621,780.325416544873,1.0
0.4,1283,1,0.42799196597411265,0.5485299511673408,0.23333086076561607,0.6965998869290192,777.3409004224391,1.0
0.4,1283,2,0.4179388999572889,0.5148303613225584,0.2073845769446402,0.6474267342447775,778.686514581386,1.0
0.4,1283,3,0.4321312793455099,0.5277526986957405,0.21614894241578497,0.6816759032995258,779.2798628421714,1.0
0.4,1283,4,0.4392010452063051,0.49479300603787896,0.20587393830442594,0.6297614142120747,779.9277130574895,1.0
0.4,1539,0,0.4309071804780429,0.5262176095812189,0.20821741099537458,0.6834036164531637,852.5662870805169,1.0
0.4,1539,1,0.42773164045877027,0.5467543748087235,0.2333194550199692,0.6941563108768393,849.5649572072753,1.0
0.4,1539,2,0.41728880020830544,0.5153888246242164,0.20765237032608644,0.6481223321383311,851.1370468439217,1.0
0.4,1539,3,0.4325439149473554,0.5220067030910157,0.2156344313143537,0.6737821157235749,851.4958051180971,1.0
0.4,1539,4,0.437811490090217,0.49558257379609055,0.20625000959353454,0.6307569782771436,852.3173403031209,1.0
0.4,1795,0,0.4315716804376053,0.5249962870636978,0.20902697161486414,0.6814941179979938,907.460825575733,1.0
0.4,1795,1,0.4282683534651071,0.5448211699065398,0.23369599986838097,0.6913959337914357,904.4754010341684,1.0
0.4,1795,2,0.4182389773716206,0.5111180324558681,0.20758648976486374,0.6423760381403438,905.648668890005,1.0
0.4,1795,3,0.432817005973968,0.518105663896442,0.2165198467489924,0.6680957425251027,906.0929479583866,1.0
0.4,1795,4,0.4375690960164313,0.4919475116547675,0.20683510274268743,0.625613619547226,906.9742856977032,1.0
0.4,2050,0,0.4316951846936156,0.5229991866723542,0.2089304007709629,0.6787249288054128,947.5064713964308,1.0
0.4,2050,1,0.42913043091113323,0.5420948524677375,0.23363730935174756,0.6876556130237973,944.3869635690588,1.0
0.4,2050,2,0.41950834158611555,0.5097354167742405,0.20857976924264932,0.6402832915696844,945.5675652802834,1.0
0.4,2050,3,0.4333860529953723,0.5175665907927055,0.21761496356619162,0.6670576194115005,945.8418002743748,1.0
0.4,2050,4,0.4381394291447965,0.48951199504445797,0.20788283612586902,0.6219986077305618,946.6124552959797,1.0
0.8,3,0,0.9841857348307977,1.0691435933267213,0.9748675483995978,1.1401414994658827,2.9999999968579707,1.0
0.8,3,1,0.974474503503469,1.1025558162445055,0.9732928483623854,1.1901347632301098,2.999999996771194,1.0
0.8,3,2,0.9814111285615343,1.0882676142413015,0.9598138814822826,1.1691517305746582,2.9999999968260425,1.0
0.8,3,3,0.9831436630507335,1.0746610607220666,0.9497591410975895,1.1653109389152456,2.9999999968366207,1.0
0.8,3,4,0.9816043313041268,1.073276822578553,0.9461597196014725,1.1594769187481264,2.999999996818181,1.0
0.8,6,0,0.9611925037022616,0.9634317225397662,0.9492262658874294,0.9748281915442493,5.888074796879816,0.8333333333333334
0.8,6,1,0.9565912915445424,0.9774304704962805,0.9362778300541423,1.00708556024225,5.656781605502835,0.08333333333333333
0.8,6,2,0.9563058801515574,0.9488285608090515,0.9410948719453,0.9541046144479762,5.942189986009928,0.8333333333333334
0.8,6,3,0.9705645183394881,0.9598236111315105,0.9256453726301056,0.9862933214730537,5.413661493989129,0.16666666666666666
0.8,6,4,0.9647052042843979,0.9669790745681318,0.9190052865293343,1.0014108431201885,5.817275380749275,0.16666666666666666
0.8,11,0,0.9581871146364499,0.9682760414559088,0.9343987116044147,0.9949876959000733,10.778832977727701,0.3333333333333333
0.8,11,1,0.9456522839856961,0.9772245372885621,0.9223196442632043,1.0163244709252568,10.870346887008607,0.3333333333333333
0.8,11,2,0.9510752256582582,0.9532385303700671,0.9272862181622434,0.9707997583990133,10.88586520880388,0.75
0.8,11,3,0.961922290784116,0.953824424688797,0.9059659406687185,0.9905067775408805,10.366705125558727,0.3333333333333333
0.8,11,4,0.9591625367298059,0.9813087720058461,0.9151514627034908,1.028097074929648,10.554724198446491,0.4166666666666667
0.8,19,0,0.8137329589427084,0.8357381068557324,0.6729616869963957,0.9478423776355972,18.23158638954591,0.4166666666666667
0.8,19,1,0.817725277866295,0.8639059012569937,0.7026712648599437,0.9671054584387356,17.234226914211725,0.5833333333333334
0.8,19,2,0.8226771624778436,0.8341577806750274,0.6870074073556934,0.9225714763250071,18.634215081467925,0.08333333333333333
0.8,19,3,0.8107591914759177,0.8457350187650552,0.6878257487369573,0.953781945066896,17.93299499689589,0.16666666666666666
0.8,19,4,0.8269401151840653,0.8801164436700919,0.6513098721830702,1.0184891144317358,17.290619309861246,0.25
0.8,35,0,0.7798816061149688,0.7581754578376931,0.5797907379867574,0.8768430973551299,33.14641749102689,0.4166666666666667
0.8,35,1,0.7826665716210882,0.7478510898729359,0.6285464722282755,0.8258709725638775,30.965014625731,1.0
0.8,35,2,0.7730787284269706,0.7255219507771814,0.5984232674226087,0.8019178495467137,34.91068899047432,0.0
0.8,35,3,0.7642525590759673,0.7520844371902878,0.6018285636970876,0.8537717725027306,34.240930767091655,0.16666666666666666
0.8,35,4,0.7776414547890299,0.6942204908190405,0.5312216354561868,0.7947443552089379,34.4092467171461,0.3333333333333333
0.8,67,0,0.7518117073026142,0.706299553162009,0.5140790162132306,0.8304782608475532,59.809216736655095,0.6666666666666666
0.8,67,1,0.7592317376215628,0.7119760046521285,0.5641313381245764,0.8049317167279809,61.400349657435584,0.5
0.8,67,2,0.7420088859003916,0.714164887533431,0.5416326798950454,0.8125974459347169,65.30207593397212,0.3333333333333333
0.8,67,3,0.7462109434145594,0.7397567295903656,0.5388172633358759,0.8679952734573039,61.95524795089157,0.5
0.8,67,4,0.7562033001132024,0.6801964512854582,0.4903995301431772,0.7931902763917539,63.14830278672429,0.5833333333333334
0.8,131,0,0.7214296097070795,0.7517785506428226,0.4500120309317843,0.9275231087738874,116.79443214921872,0.8333333333333334
0.8,131,1,0.723075866381998,0.7590584991778644,0.49877086797599696,0.9061546167464529,117.51116573176559,0.5833333333333334
0.8,131,2,0.7173138182169391,0.7095056779983154,0.4823391727102975,0.8314219738199057,122.78069758175803,0.6666666666666666
0.8,131,3,0.7308898489950991,0.7300449357113906,0.4899255143603809,0.8763859203360584,114.80035734393336,0.3333333333333333
0.8,131,4,0.7255464035874329,0.7085104594294632,0.44236252689990985,0.855320668200591,119.66869292143072,0.75
0.8,259,0,0.6926816522056227,0.6902533725908951,0.37025222794813667,0.867576499176188,223.07713434702578,0.75
0.8,259,1,0.6863895003845989,0.6996040932830416,0.3877469782416876,0.8620359215423008,219.52997922172395,0.75
0.8,259,2,0.676957452215936,0.6589989556755649,0.36351812574736314,0.8023974826559969,227.36489008693002,0.5833333333333334
0.8,259,3,0.6936595158410416,0.6985173337914953,0.35915975396712235,0.8809748880924299,223.07302185576336,0.5833333333333334
0.8,259,4,0.697503083549329,0.6764509637238941,0.3574994869519727,0.839497286319462,224.2205135719382,0.16666666666666666
0.8,387,0,0.6887319732265222,0.6980294188636745,0.3469943293235362,0.8864748084329362,319.59890883260806,0.8333333333333334
0.8,387,1,0.6833328240244781,0.7324536488474425,0.363330898156836,0.9160144033872623,320.38808771925585,0.25
0.8,387,2,0.675290424455398,0.6812900611611687,0.3415589932983481,0.839753832389489,327.7556824909237,0.6666666666666666
0.8,387,3,0.6903358515183454,0.7050468083881168,0.3506445034506416,0.8929994924986359,318.2276759802364,0.25
0.8,387,4,0.6943809348880108,0.676538386295916,0.33996831898481433,0.8450577693357864,322.2075826995344,0.25
0.8,514,0,0.6847656019198828,0.7111544438577013,0.33897562493804995,0.9076803939324313,412.7516284548672,0.5
0.8,514,1,0.6841486161292311,0.7447107467435791,0.3628756180003401,0.9332521583534268,410.60091410187175,0.0
0.8,514,2,0.67346878595754,0.6748233890459064,0.3300969646446599,0.8341086772782402,417.1575700000885,0.6666666666666666
0.8,514,3,0.6884750072625391,0.713004761953186,0.3352203564508672,0.9090119973841083,414.48553188982504,0.3333333333333333
0.8,514,4,0.69218435823439,0.6727091990785438,0.3321253821472085,0.8420530760920344,416.9468287733766,0.5833333333333334
0.8,643,0,0.6841889220589188,0.7127161559814336,0.3330991723628827,0.9115947479156454,500.16125252700886,0.3333333333333333
0.8,643,1,0.685882939446807,0.7370969654325031,0.36157194727125286,0.9229812759999169,498.76661916932,0.08333333333333333
0.8,643,2,0.673932742105699,0.6639097415806956,0.32848813407879157,0.8196198296928974,498.9597902364689,0.6666666666666666
0.8,643,3,0.6894885765752495,0.7047285569139259,0.3321523156919042,0.8981766145167297,500.0130931402379,0.16666666666666666
0.8,643,4,0.6948224661559682,0.6765436406640862,0.3293063101847304,0.8482571088374288,499.78766639366364,0.5833333333333334
0.8,771,0,0.6873097840471205,0.7118816843697576,0.3433668163816523,0.9062502130827635,532.5586690377801,0.5
0.8,771,1,0.6866855310104597,0.7295862067591088,0.3577077866796343,0.9136016567108296,569.3279111130942,0.25
0.8,771,2,0.6760960253386895,0.6684948964614134,0.3273530723599399,0.8262345551001128,569.4057310070311,0.6666666666666666
0.8,771,3,0.6913487923036693,0.7059387796467284,0.3338431342198804,0.8993676294682732,571.4876636722923,0.25
0.8,771,4,0.6962539475890074,0.6673442139946059,0.3264407961866322,0.8362263340013799,570.6111543469486,0.75
0.8,899,0,0.6903967172462194,0.7077608796010216,0.34342346754009223,0.9004788161753456,587.5775414045377,0.5
0.8,899,1,0.6895322203957998,0.7363461637940122,0.3630588575852372,0.9215011982512911,631.2824252251047,0.16666666666666666
0.8,899,2,0.6796950752537677,0.6720186250694119,0.32779377110532154,0.8309278768397745,631.6681612558732,0.5833333333333334
0.8,899,3,0.6924383256145186,0.7075132028512771,0.33694005657436693,0.9006702892944007,632.2534353625684,0.25
0.8,899,4,0.6966032182257252,0.672691886873037,0.3323134276422545,0.8419687178663356,632.6585739710785,0.8333333333333334
0.8,1027,0,0.6907519610527291,0.7035253280241217,0.34565016464574144,0.8938206681535634,638.4333603124161,0.5
0.8,1027,1,0.6907304813977895,0.7328624814169763,0.3680731987216929,0.9151124022711677,685.9935496966876,0.16666666666666666
0.8,1027,2,0.6799833171178314,0.670062755012398,0.3306418704278377,0.8274619868192462,686.6574959679538,0.6666666666666666
0.8,1027,3,0.6937390736628224,0.698448892489722,0.3389377126115702,0.8872360535253062,687.0538251805723,0.25
0.8,1027,4,0.6987333724547585,0.6690177862861953,0.3348960098078632,0.8360407051932354,687.8529707664826,0.75
0.8,1283,0,0.6929607587563805,0.6994434742274221,0.3552133628804492,0.8850955543282644,723.1198391840658,0.6666666666666666
0.8,1283,1,0.6944060487645421,0.7293689771760653,0.37397745410911853,0.9083879061242662,777.3409004224391,0.16666666666666666
0.8,1283,2,0.6833727521823563,0.6720972404997742,0.33828044373559235,0.8280972894073729,778.686514581386,0.5833333333333334
0.8,1283,3,0.6957597834066771,0.6964865491691742,0.34794023987588035,0.8817054586007659,779.2798628421714,0.25
0.8,1283,4,0.7030357382413149,0.6623010331795076,0.3459656101156661,0.8232121575998962,779.9277130574895,0.75
0.8,1539,0,0.694767655228755,0.6994271423230248,0.3619205333855915,0.8829463192126692,789.621844507608,0.6666666666666666
0.8,1539,1,0.6978186732567625,0.7264955642319801,0.3832809122336207,0.9014412877718821,849.5649572072753,0.16666666666666666
0.8,1539,2,0.6854998894429464,0.6729563333975137,0.3462910584810534,0.8269829362917623,851.1370468439217,0.6666666666666666
0.8,1539,3,0.6987843687507955,0.6906256858145908,0.35505187084809636,0.8710349578679081,851.4958051180971,0.3333333333333333
0.8,1539,4,0.7042354202511465,0.6647939528327099,0.3541682260797722,0.8241186236170273,852.3173403031209,0.9166666666666666
0.8,1795,0,0.6971640949332959,0.6971882765678684,0.36639359188905396,0.8782820593670565,840.1300032793029,0.8333333333333334
0.8,1795,1,0.6998482990302675,0.7244141837272672,0.38975761299521033,0.8964119687827922,904.4754010341684,0.16666666666666666
0.8,1795,2,0.6881717180638476,0.6691555864925464,0.3519483513026082,0.8200647443028394,905.648668890005,0.6666666666666666
0.8,1795,3,0.7006863390147015,0.6862656602028642,0.36067222914352187,0.8629187633694895,906.0929479583866,0.4166666666666667
0.8,1795,4,0.7050761083617804,0.6615066503612613,0.35935054931582866,0.8177870477206515,906.9742856977032,1.0
0.8,2050,0,0.6974320491243168,0.6938478715169478,0.3690362902021463,0.8726175917188236,876.9584342220622,0.8333333333333334
0.8,2050,1,0.7016922109594012,0.7206473489274251,0.39226401284593226,0.8902691651072493,944.3869635690588,0.16666666666666666
0.8,2050,2,0.6903758291076173,0.6673434389682026,0.3558081739337568,0.8163917256246962,945.5675652802834,0.6666666666666666
0.8,2050,3,0.7020503356458622,0.6852446435236588,0.3649531982180329,0.8600043334895364,945.8418002743748,0.4166666666666667
0.8,2050,4,0.7068010124734999,0.657467131473643,0.36382742913573485,0.8105625232730406,946.6124552959797,1.0
