noise_fraction,seed_pair_index,reference_seed,label_seed,n_noise_runs,practical_n_basis,practical_same_hidden_fraction,raw_same_hidden_fraction,test_observed_nrmse_radial_seed_mean,test_observed_nrmse_radial_within_seed_std,test_latent_nrmse_radial_seed_mean,test_latent_nrmse_radial_within_seed_std,test_hidden_nrmse_tangential_seed_mean,test_hidden_nrmse_tangential_within_seed_std,test_hidden_nrmse_3d_seed_mean,test_hidden_nrmse_3d_within_seed_std,test_hidden_direction_error_median_deg_seed_mean,test_hidden_direction_error_median_deg_within_seed_std,test_hidden_predicted_to_reference_rms_3d_seed_mean,test_hidden_predicted_to_reference_rms_3d_within_seed_std,test_raw_argmin_hidden_nrmse_3d_seed_mean,test_raw_argmin_hidden_nrmse_3d_within_seed_std,test_hidden_selector_nrmse_3d_seed_mean,test_hidden_selector_nrmse_3d_within_seed_std,delta_test_nrmse_3d_practical_minus_hidden_seed_mean,delta_test_nrmse_3d_practical_minus_hidden_within_seed_std,delta_test_nrmse_3d_raw_minus_hidden_seed_mean,delta_test_nrmse_3d_raw_minus_hidden_within_seed_std,delta_test_nrmse_3d_practical_minus_raw_seed_mean,delta_test_nrmse_3d_practical_minus_raw_within_seed_std,standardized_residual_mean_seed_mean,standardized_residual_mean_within_seed_std,standardized_residual_rms_seed_mean,standardized_residual_rms_within_seed_std,coverage_observed_radial_68_seed_mean,coverage_observed_radial_68_within_seed_std,coverage_observed_radial_95_seed_mean,coverage_observed_radial_95_within_seed_std,coverage_latent_radial_95_seed_mean,coverage_latent_radial_95_within_seed_std,coverage_latent_component_95_seed_mean,coverage_latent_component_95_within_seed_std,effective_degrees_of_freedom_seed_mean,effective_degrees_of_freedom_within_seed_std,effective_degrees_of_freedom_fraction_seed_mean,effective_degrees_of_freedom_fraction_within_seed_std
0.0,0,20260805,20260804,1,1539,0.0,0.0,0.1156492058458603,0.0,0.1156492058458603,0.0,0.672823021933062,0.0,0.5054902698630048,0.0,22.077947115757453,0.0,0.999365275072268,0.0,0.5054902698630048,0.0,0.4584689383463324,0.0,0.0470213315166724,0.0,0.0470213315166724,0.0,0.0,0.0,,0.0,,0.0,,0.0,,0.0,,0.0,,0.0,1499.8329915494755,0.0,0.9745503518839996,0.0
0.0,1,20260815,20260814,1,1539,0.0,0.0,0.1494002679480434,0.0,0.1494002679480434,0.0,0.7162169385108239,0.0,0.5504087265058554,0.0,22.983391390607864,0.0,1.0336462045545314,0.0,0.5487765178765841,0.0,0.4710278891984142,0.0,0.0793808373074411,0.0,0.0777486286781699,0.0,0.0016322086292712,0.0,,0.0,,0.0,,0.0,,0.0,,0.0,,0.0,1499.109040102478,0.0,0.974079948084781,0.0
0.0,2,20260825,20260824,1,1539,0.0,0.0,0.1388293481720921,0.0,0.1388293481720921,0.0,0.6596126202033107,0.0,0.514496137645386,0.0,22.914069210855825,0.0,0.9778186582241388,0.0,0.514496137645386,0.0,0.4461826100473154,0.0,0.0683135275980705,0.0,0.0683135275980705,0.0,0.0,0.0,,0.0,,0.0,,0.0,,0.0,,0.0,,0.0,1499.0012449088322,0.0,0.9740099057237376,0.0
0.0,3,20260905,20260904,1,1539,0.0,0.0,0.1266861573990174,0.0,0.1266861573990174,0.0,0.672744810446119,0.0,0.5080699329615763,0.0,22.65305410424689,0.0,1.0320587693134429,0.0,0.5035144037625493,0.0,0.4496276541028871,0.0,0.0584422788586891,0.0,0.0538867496596621,0.0,0.004555529199027,0.0,,0.0,,0.0,,0.0,,0.0,,0.0,,0.0,1499.5811340277562,0.0,0.9743867017724211,0.0
0.0,4,20260915,20260914,1,1539,0.0,0.0,0.1216269798644675,0.0,0.1216269798644675,0.0,0.646220117094646,0.0,0.4949557443889099,0.0,20.567755188179262,0.0,1.0044543049411403,0.0,0.4836186048137924,0.0,0.4303009164942164,0.0,0.0646548278946935,0.0,0.053317688319576,0.0,0.0113371395751175,0.0,,0.0,,0.0,,0.0,,0.0,,0.0,,0.0,1499.3006313380404,0.0,0.9742044388161406,0.0
0.05,0,20260805,20260804,12,1539,0.0,0.0,0.13100593692560322,0.0029466806837940753,0.12179459110926456,0.002377493629844723,0.6828087944280662,0.005113665809745123,0.5134577026383292,0.003835368605941914,22.60619601669312,0.536542921732689,1.0037082908616786,0.00461820750160714,0.5081030744019511,0.01697928102112079,0.45901500143887203,0.0017107631713833746,0.05444270119945713,0.003996434705154159,0.04908807296307897,0.01696183211577901,0.005354628236378158,0.015200998534802806,-0.08913492740307129,0.037567637034523156,2.044397237051159,0.04505069631811409,0.40511111111111103,0.011109494831938826,0.6904444444444445,0.013282732265274962,0.48055555555555557,0.018036625663351378,0.326037037037037,0.0052122908645685665,1499.8329915494758,2.374840586831367e-13,0.9745503518839996,0.0
0.05,1,20260815,20260814,12,1539,0.0,1.0,0.16413598522537773,0.0025474565886288254,0.15635883989066432,0.002072876751488638,0.6437555964679114,0.0519601618000998,0.4975370841008304,0.03866840784015169,22.111949496018976,0.8423337886683401,0.9353013801555358,0.06374857245459906,0.4716829021103038,0.002345216419237113,0.4716829021103038,0.002345216419237113,0.025854181990526512,0.03905610216143744,0.0,0.0,0.025854181990526512,0.03905610216143744,-0.025251798616461846,0.04679117161374946,2.671354772980646,0.28347066670894844,0.34333333333333327,0.03002759673461341,0.603,0.044658524811997974,0.31977777777777777,0.08819415374166674,0.17677777777777773,0.07994771018382181,1011.9509779310762,293.7673646943944,0.6575379973561248,0.19088197835893075
0.05,2,20260825,20260824,12,1539,0.0,0.5,0.14869410685803935,0.0063184114599498555,0.14129038482621,0.0065970668665261524,0.6506541984153554,0.04358525449832352,0.5080073517280094,0.03357304248150849,22.82206024633182,1.2193088894417194,0.9538244580961032,0.056297325914309936,0.4611105750403048,0.03157338909406131,0.4470503662525848,0.001795164874751377,0.060956985475424504,0.03315893328310666,0.014060208787719892,0.03180328298304978,0.046896776687704596,0.0384570673890679,-0.11792063386112678,0.03563340992375283,2.2652835989408,0.20298530155436664,0.38999999999999996,0.030619199100161865,0.6717777777777778,0.043865113109943635,0.44333333333333336,0.09899454122283306,0.25799999999999995,0.08468387110123957,1337.0351953926045,293.0076081935186,0.8687688079224203,0.19038830941749096
0.05,3,20260905,20260904,12,1539,0.0,0.16666666666666666,0.14171964411973706,0.0032913008462068798,0.1324500007326221,0.0021186408950054614,0.6857684936312248,0.007958383583440474,0.5182809523081956,0.005816274911924577,23.15454096823845,0.48786620311209616,1.0364335628966472,0.004644384066919039,0.5088846538720613,0.027876849211656802,0.4505050108134325,0.001910404654409364,0.06777594149476297,0.004991573394462074,0.05837964305862869,0.02773275022402841,0.009396298436134296,0.02460436939381098,-0.05796313455974537,0.04142512632276413,2.094528936636518,0.0417402417560546,0.38888888888888884,0.017106519126724666,0.6829999999999999,0.012790463619273504,0.48666666666666664,0.011313708498984755,0.3088888888888889,0.009035160151732361,1499.5811340277562,0.0,0.974386701772421,1.1595901302887535e-16
0.05,4,20260915,20260914,12,1539,0.0,0.75,0.13509446201384248,0.0023849860406765545,0.1260726301643794,0.0020238131167261758,0.620399982840098,0.05052178892272204,0.47623279769794413,0.03772980767445788,20.738776980426962,1.009166270745403,0.950920058948455,0.07329219560404159,0.44638384704276196,0.03097284561367824,0.42943559220863214,0.0013153379993305998,0.04679720548931199,0.03706424706268928,0.016948254834129792,0.030706634119425858,0.029848950655182203,0.046851413142782725,0.04805209306271944,0.07720873086205979,2.252567926829616,0.20646909757414703,0.37466666666666654,0.02899529742436303,0.6482222222222221,0.04179733047715888,0.3983333333333334,0.10242020791767115,0.24459259259259256,0.08844948634597712,1229.7242600734908,333.15023297741004,0.7990411046611375,0.21647188627512026
0.1,0,20260805,20260804,12,1539,0.0,0.0,0.16679066172104676,0.004312631318999113,0.13583400336717125,0.002309471809392784,0.6188822208943191,0.02758286273902233,0.4684122098120735,0.020115016957202417,20.368217316383888,0.8759283849133812,0.886325218265117,0.04530216197227625,0.46662680736230716,0.020668992217137007,0.4619981017611314,0.0032822419381997535,0.006414108050941929,0.021118964426461988,0.00462870560117582,0.02170379432695614,0.0017854024497661232,0.00095958542188271,-0.16268827274356853,0.059400592933461324,1.5487047838617662,0.09319922914103573,0.5064444444444446,0.02017165394546573,0.8148888888888889,0.021550660695927065,0.507888888888889,0.07568453044148553,0.28862962962962957,0.08977186865908474,906.505179119597,186.84980303131758,0.5890222086547087,0.12140987851287688
0.1,1,20260815,20260814,12,1539,0.0,0.75,0.19000140989756845,0.004034465398767373,0.16036339166212277,0.0019440380348277882,0.6184380367987227,0.006365452045832196,0.4793378397810473,0.004685981329378824,21.902806090562986,0.34222642365119726,0.9016375185914335,0.004095849271316427,0.47538713962590423,0.004964679948406634,0.4748646074227852,0.0046951467184583,0.004473232358262142,0.0011939810786612435,0.0005225322031190833,0.0009666525638407756,0.003950700155143041,0.0017417414420314642,-0.0032611124612779824,0.04057083982658155,1.6515191515456413,0.033380314128430094,0.49288888888888893,0.017134838592840422,0.7851111111111111,0.01379601269678911,0.4717777777777777,0.009877362480049506,0.261074074074074,0.007692072286248037,849.5649572072753,0.0,0.5520240137799061,1.1595901302887535e-16
0.1,2,20260825,20260824,12,1539,0.0,0.3333333333333333,0.16763642425623962,0.0036205164974366854,0.1374554163021223,0.002120254336028061,0.5828078916850511,0.004181464376085384,0.4563210936150921,0.0032323502195405088,21.637518640529535,0.39807955835937575,0.8618321439562032,0.002846496056938664,0.4508064691680261,0.0034315813078792065,0.4500843838872525,0.0035032239681466984,0.006236709727839576,0.000957391711821352,0.0007220852807735917,0.0005773578852902041,0.005514624447065967,0.0011390617772247251,-0.054090764826579894,0.037728581435211926,1.5652907094900772,0.03269443772055191,0.5114444444444445,0.01820607809115623,0.8158888888888889,0.014993152196740104,0.5042222222222222,0.01063378771075676,0.23188888888888884,0.006314254445549566,851.1370468439217,0.0,0.5530455145184677,1.1595901302887535e-16
0.1,3,20260905,20260904,12,1539,0.0,0.9166666666666666,0.17814455005315724,0.003836703616886296,0.14778868790769922,0.002026966400652069,0.6004994055956125,0.005538178164495759,0.45793526006471463,0.004157764503374034,23.101898460776738,0.486601573057437,0.8893453481770311,0.003955620688960814,0.45380310545385516,0.0037680062652543644,0.4537224417128096,0.0037835627108064296,0.00421281835190495,0.0006477925818094055,8.066374104548334e-05,0.0002794273956387124,0.004132154610859466,0.0006803971713388085,-0.06525993502005972,0.04582221981740171,1.6347501044120216,0.03509863126096797,0.48544444444444435,0.015501927761080687,0.7901111111111111,0.015121950954602415,0.488,0.011939240115914195,0.23503703703703704,0.005349582429833901,851.4958051180971,1.1874202934156835e-13,0.5532786258077306,1.1595901302887535e-16
0.1,4,20260915,20260914,12,1539,0.0,1.0,0.16178922840176854,0.003396104109124657,0.12996285649953268,0.0011897006630302133,0.5660623401512264,0.0038144119113869696,0.43629069558503586,0.002881497693537158,19.90743150175575,0.4860136195231885,0.8709340153940882,0.0027937414611032166,0.4310779036495303,0.0026282087835631223,0.4310779036495303,0.0026282087835631223,0.0052127919355055,0.0006747373434643785,0.0,0.0,0.0052127919355055,0.0006747373434643785,-0.03258387668072684,0.044918367517708495,1.5059259213669705,0.031226403870662122,0.5099999999999999,0.020232986368149866,0.8128888888888889,0.015542274272521698,0.503,0.011055415967851364,0.2627777777777777,0.005682588051097277,852.3173403031209,1.1874202934156835e-13,0.5538124368441331,0.0
0.2,0,20260805,20260804,12,1539,0.16666666666666666,0.08333333333333333,0.2440701586232528,0.007176308493180675,0.15312556967641103,0.004745916702420477,0.6254925558128255,0.008251299520112174,0.4755803918525372,0.006412600043973321,21.18444588778273,0.6181748786029004,0.8820458011247926,0.010729658809641069,0.4740702204929943,0.007246417850026861,0.47453681251297725,0.0067671216912285285,0.0010435793395599,0.0013326924229004077,-0.00046659201998302586,0.0017671910742078293,0.0015101713595429556,0.0014949619404344427,-0.0901677347978143,0.042136296646423606,1.1680340004460008,0.036917277431148796,0.6208888888888889,0.011943751448066852,0.9096666666666667,0.0100925014668607,0.7175555555555554,0.012912552293563305,0.46722222222222226,0.009098784467602176,852.5662870805171,1.1874202934156835e-13,0.5539741956338641,1.1595901302887535e-16
0.2,1,20260815,20260814,12,1539,0.0,0.5833333333333334,0.2694442728098246,0.006149597671147084,0.17726193010793748,0.003671951090552967,0.6336035760493481,0.012778980517638724,0.4930261225609432,0.00938501490602725,22.744134423210202,0.49665197197214855,0.9091015912850705,0.008151330283613945,0.49003137691935833,0.009560495952280118,0.48857242254319616,0.009342388877145731,0.004453700017747092,0.0024135705278911686,0.0014589543761622584,0.0020963948357275598,0.002994745641584829,0.003302563034391716,0.004045997073063599,0.040570839826582446,1.1952756412004188,0.02653508060598674,0.6063333333333333,0.014957177932924783,0.9010000000000001,0.01227463509301462,0.7076666666666668,0.010546673562423512,0.4705925925925927,0.01269705139408372,849.5649572072753,0.0,0.5520240137799061,1.1595901302887535e-16
0.2,2,20260825,20260824,12,1539,0.0,0.25,0.24521590066253673,0.005740367751753829,0.15424214493684743,0.003998971038455843,0.596049235113513,0.007928278484393215,0.4684578492852524,0.006141026581817299,22.178906326781714,0.6345278070454325,0.8692234293165747,0.005654953970863127,0.4632749426038254,0.006543347066314428,0.4624538402234663,0.006651274113571222,0.006004009061786057,0.0018124764924284107,0.0008211023803590417,0.0006331408518286198,0.005182906681426992,0.0017675803038122223,-0.02279466205814989,0.03772858143521294,1.1681844509253596,0.02547895016084638,0.6163333333333333,0.02215190896304586,0.9094444444444445,0.00750936564501774,0.7435555555555556,0.015479757608660926,0.43711111111111106,0.01079801286952443,851.1370468439217,0.0,0.5530455145184677,1.1595901302887535e-16
0.2,3,20260905,20260904,12,1539,0.0,0.75,0.25536973787079714,0.008186155021217343,0.16347859042020874,0.0037940331757293916,0.6155310254047078,0.010668192954318373,0.4711905164016626,0.008001197407053384,23.743950399455926,0.706009355132339,0.896717403043419,0.008015285655197484,0.4671861003146154,0.007435569476949155,0.46705017076136746,0.007304596877385179,0.004140345640295033,0.0012913710074237594,0.00013592955324781664,0.0005033897533642734,0.0040044160870471995,0.0009814805584729338,-0.029531290241734124,0.045822219817401165,1.1921230476671294,0.03901098621115163,0.6058888888888889,0.018108167325980945,0.8972222222222221,0.010688739787699872,0.7208888888888888,0.011984277017112686,0.43903703703703695,0.009285753341226772,851.4958051180971,1.1874202934156835e-13,0.5532786258077306,1.1595901302887535e-16
0.2,4,20260915,20260914,12,1539,0.0,0.5833333333333334,0.2408350740638181,0.0068676120621172275,0.14819360599703046,0.0022646235567627504,0.5775152422596336,0.0076603595937338054,0.4472240392571006,0.005731506039662145,20.840938806729657,0.7052055091040391,0.8806281450729276,0.005384162356624971,0.4420169645505882,0.004993626622867042,0.4420208011735373,0.005036076388743858,0.005203238083563334,0.0014808431504174525,-3.836622949141643e-06,0.0009673184121427374,0.00520707470651245,0.001528762609279658,-0.02778116631002304,0.04491836751770823,1.1420704621157802,0.032282435249684834,0.626,0.02443048269782004,0.9134444444444444,0.01033512529265197,0.7455555555555556,0.008656559763325557,0.4727037037037038,0.005424997909630128,852.3173403031209,1.1874202934156835e-13,0.5538124368441331,0.0
0.4,0,20260805,20260804,12,1027,0.0,0.16666666666666666,0.4128801599570733,0.01109948393082626,0.21139831902171555,0.0071750009360541395,0.6922752412630993,0.017096181285496496,0.5331363431813769,0.012602521045310233,24.91893558684707,1.1134088737427503,0.9262827803611011,0.02138053041784198,0.5258191050904836,0.012536577699586117,0.5227557469652768,0.011610568008954072,0.0103805962161001,0.006758338893951286,0.003063358125206675,0.002140799987789278,0.0073172380908934085,0.006956309494601579,-0.054717818715950994,0.04260205766798178,1.0564971629020259,0.030533525613897317,0.6584444444444445,0.011196440030664627,0.9369999999999999,0.009378677729807956,0.8327777777777777,0.014732176927970858,0.6894074074074075,0.010180562158646645,688.3815215653159,0.0,0.6702838574151081,1.1595901302887535e-16
0.4,1,20260815,20260814,12,1027,0.0,0.08333333333333333,0.4498386349984371,0.007169316809098905,0.24003007485964586,0.004312806636251827,0.7057363291044618,0.02479883173482233,0.556383799777228,0.01809054020379555,26.197317886724605,1.3130238204260254,0.9473519973614106,0.01693504389104937,0.54740275890108,0.01665220035134183,0.5493957486814882,0.017263515963753286,0.0069880510957397,0.013903010909843676,-0.001992989780408142,0.012500430665208631,0.0089810408761478,0.006703502177540387,0.006810115034751766,0.040724080182644506,1.0738625541068585,0.02077474282232323,0.6494444444444444,0.01671588691696841,0.9296666666666668,0.01074403757599274,0.816,0.009496410805236773,0.6987037037037037,0.01780952552432044,685.9935496966876,0.0,0.6679586657221886,1.1595901302887535e-16
0.4,2,20260825,20260824,12,1027,0.0,0.0,0.4180152928534078,0.008398132752812381,0.21107217925192864,0.007336854686184791,0.6471053259960834,0.013493308834673331,0.5152033219480908,0.010529033923167916,25.06741140869502,0.8307153586194171,0.9069633390970795,0.010461514884683333,0.5140673606292512,0.013800364540503061,0.5099056721611438,0.012368831371840439,0.005297649786946995,0.005159526141811362,0.004161688468107384,0.003330766770345033,0.0011359613188396177,0.007018008370519539,-0.011456071362251623,0.0402016615632529,1.064816336760695,0.019940004740667972,0.6536666666666667,0.015920255822521986,0.9332222222222221,0.008574490394296691,0.849888888888889,0.013495478729113164,0.6791111111111112,0.009064923579720526,686.6574959679538,0.0,0.6686051567360796,0.0
0.4,3,20260905,20260904,12,1027,0.08333333333333333,0.08333333333333333,0.4299522608738944,0.0147913831340256,0.21904319109106093,0.007542758101050953,0.6904237203837403,0.01713012348640449,0.5345620213013761,0.012294776772942648,26.7115819569418,0.8566479210540409,0.9342856553999835,0.01785639351436939,0.5280406020762376,0.01587245843557589,0.5188936979210941,0.01320885878641755,0.015668323380281967,0.009033537788700002,0.009146904155143458,0.009120971905025178,0.006521419225138492,0.010243740036128705,-0.01687271642709021,0.04633268235302626,1.0736674586839214,0.04121752980333364,0.6463333333333333,0.024977565691611896,0.930888888888889,0.011196440030664655,0.8367777777777777,0.016657775406142373,0.6897407407407408,0.012506997667194673,687.0538251805721,1.1874202934156835e-13,0.6689910663880937,0.0
0.4,4,20260915,20260914,12,1027,0.0,0.08333333333333333,0.4116919643731925,0.012701789565885586,0.20621952364674578,0.0039969236618894195,0.6440830203652087,0.01652763004041955,0.5052779287904762,0.012083493260287898,24.225004522667092,1.1366039514460087,0.9253054887739506,0.00931109016819632,0.500695657602122,0.016853350730054395,0.48993827514657173,0.009630236974803499,0.015339653643904274,0.0055770221462903965,0.010757382455550116,0.011048056072253794,0.00458227118835415,0.009122845323589607,-0.03205698443701208,0.04191311659938868,1.0452108085684808,0.03267025111176326,0.6643333333333333,0.020389143476791074,0.9382222222222221,0.00922593329251009,0.848,0.01202018504370246,0.7058148148148148,0.020822553889176032,687.8529707664828,1.1874202934156835e-13,0.6697692023042675,0.0
0.8,0,20260805,20260804,12,514,0.0,0.0,0.6714084304313559,0.01730661754750405,0.33897562493804995,0.008536325435672223,0.9076803939324313,0.024712632445864784,0.7111544438577013,0.01757349948852696,35.18869158822016,1.8708263091285953,0.9614818902171199,0.05664401770392109,0.7095524256613478,0.021060588129809994,0.6941041904633529,0.022346870062239538,0.017050253394348368,0.02648398131981808,0.015448235197994776,0.026125003173161406,0.0016020181963535835,0.006419055370531291,-0.05056421319683021,0.038478974758877696,1.0417619676029066,0.029739412572275935,0.663,0.0164396662454755,0.941,0.008102873913406656,0.8129999999999998,0.017413567217325773,0.7647037037037038,0.026567802143515746,412.7516284548672,5.477887010654506,0.8030187324024655,0.010657367725008771
0.8,1,20260815,20260814,12,514,0.0,0.0,0.7102158226255691,0.009066330527786964,0.36287561800034007,0.007337748895529676,0.9332521583534268,0.027129614681112184,0.7447107467435791,0.018963711485745816,37.99412201960803,2.5232840350714842,0.972125735864199,0.06765890980355144,0.7297675671037666,0.02404628726751598,0.6930464103029866,0.013175422521716752,0.05166433644059238,0.01745383233069483,0.03672115680077984,0.022970369909377144,0.014943179639812515,0.01739831488558925,-0.0015902128113792977,0.044149670352804454,1.0456847563227836,0.02001420746577351,0.6570000000000001,0.010531338514599696,0.9384444444444444,0.008968331864453772,0.8167777777777778,0.0106736088520203,0.7568148148148149,0.029420033079981988,410.60091410187175,5.074764708952465,0.7988344632332134,0.009873083091347237
0.8,2,20260825,20260824,12,514,0.08333333333333333,0.0,0.6763888540581225,0.01732347582069656,0.3300969646446598,0.013875985873933355,0.8341086772782402,0.03952822212025046,0.6748233890459064,0.0301789323374482,33.903426143741584,2.5712111314974067,0.9690899767104614,0.040982577587822276,0.6737399713238444,0.024934852679501854,0.6555777802722332,0.02114326430614449,0.01924560877367312,0.0198441993477809,0.0181621910516112,0.017231996593800217,0.001083417722061925,0.015257964946864062,-0.006056094734859741,0.039575098604519264,1.041980373219612,0.027045150568322435,0.6595555555555555,0.022586906609103202,0.9400000000000001,0.007979772407579551,0.8377777777777778,0.012316805742712019,0.7865185185185185,0.033095357018644564,417.15757000008847,4.319823572011429,0.8115906031130126,0.008404326015586428
0.8,3,20260905,20260904,12,514,0.0,0.0,0.6873441439157989,0.017610440486364738,0.3352203564508673,0.01302440113403183,0.9090119973841082,0.02554744019976154,0.713004761953186,0.01854620011176116,36.50045735784141,1.6504271342101557,0.9692945765304349,0.049937255654044936,0.7104396697964517,0.015826783112095025,0.7020853780244964,0.024010112206888097,0.010919383928689444,0.02407154316467377,0.008354291771955276,0.02285554901639137,0.0025650921567341423,0.011526796347599256,-0.02420052409047593,0.04722613653895195,1.047588028390606,0.03758499114125513,0.6565555555555554,0.02099318472061362,0.9378888888888889,0.010986983421931856,0.8358888888888889,0.021555347286299913,0.7768888888888889,0.027601785917918176,414.48553188982504,5.818013761580505,0.8063920853887646,0.011319092921362805
0.8,4,20260915,20260914,12,514,0.0,0.08333333333333333,0.6669725593376091,0.01870993250240243,0.3321253821472085,0.011371958318802163,0.8420530760920344,0.04398476995379196,0.6727091990785438,0.032913184636293585,32.935636755312,2.773515464861211,0.9844259306753509,0.050759859503112945,0.6744088462059645,0.0286256396424277,0.6591921582245248,0.02135648256039432,0.013517040854018907,0.02366426592933632,0.015216687981439615,0.020642641663889977,-0.0016996471274207253,0.01545259185077053,-0.043597527505227586,0.03729909725074479,1.0290937510782274,0.030194229994954903,0.6686666666666667,0.020620672181384428,0.944111111111111,0.010129797362869371,0.8324444444444444,0.014543097452113938,0.7998888888888889,0.03610142838328051,416.9468287733766,5.037343203814938,0.8111806007264134,0.009800278606643837
