run_key,seed_pair_index,seed_run_index,reference_seed,label_seed,scale,noise_fraction,noise_sigma,noise_realization,noise_seed,train_radial_rms,n_basis,n_affine_modes,n_diffusion_modes,regularization_strength,penalty_power,validation_selection_score,validation_observed_nrmse,validation_reduced_chi2,validation_latent_nrmse_radial,validation_hidden_nrmse_tangential,validation_hidden_nrmse_3d
seedpair00_ref20260805_label20260804_noise00000_rep000_seed2026082700,0,0,20260805,20260804,fiducial,0.0,0.0,0,2026082700,267.2868279644088,1539,3,1536,1e-06,2.0,0.1312499265476117,0.1312499265476117,,0.1312499265476117,0.6222101126930851,0.4889574735625833
seedpair00_ref20260805_label20260804_noise00500_rep000_seed2026082700,0,1,20260805,20260804,fiducial,0.05,13.36434139822044,0,2026082700,267.2868279644088,1539,3,1536,1e-06,2.0,8.647222539658294,0.1488263204037599,8.647222539658294,0.1403098901124563,0.6426056485025355,0.5055049806560299
seedpair00_ref20260805_label20260804_noise00500_rep001_seed2026082701,0,2,20260805,20260804,fiducial,0.05,13.36434139822044,1,2026082701,267.2868279644088,1539,3,1536,1e-06,2.0,8.294426213166515,0.146356005241099,8.294426213166515,0.1387247293476882,0.6341164056195374,0.4988567775678416
seedpair00_ref20260805_label20260804_noise00500_rep002_seed2026082702,0,3,20260805,20260804,fiducial,0.05,13.36434139822044,2,2026082702,267.2868279644088,1539,3,1536,1e-06,2.0,7.863106268780739,0.1435179568841781,7.863106268780739,0.1348550149286027,0.6426434515153057,0.5049392326873853
seedpair00_ref20260805_label20260804_noise00500_rep003_seed2026082703,0,4,20260805,20260804,fiducial,0.05,13.36434139822044,3,2026082703,267.2868279644088,1539,3,1536,1e-06,2.0,7.7586967509608,0.1413434522479148,7.7586967509608,0.1365213730906739,0.6488693458515107,0.509869577719169
seedpair00_ref20260805_label20260804_noise00500_rep004_seed2026082704,0,5,20260805,20260804,fiducial,0.05,13.36434139822044,4,2026082704,267.2868279644088,1539,3,1536,1e-06,2.0,7.748981917769913,0.1408916751620436,7.748981917769913,0.1324773335168104,0.6293713564085754,0.4945546680599006
seedpair00_ref20260805_label20260804_noise00500_rep005_seed2026082705,0,6,20260805,20260804,fiducial,0.05,13.36434139822044,5,2026082705,267.2868279644088,1795,3,1792,1e-06,2.0,8.131165040162529,0.1445200669667851,8.131165040162529,0.1372954771629077,0.6200804611213329,0.4879985261829305
seedpair00_ref20260805_label20260804_noise00500_rep006_seed2026082706,0,7,20260805,20260804,fiducial,0.05,13.36434139822044,6,2026082706,267.2868279644088,2050,3,2047,0.0001,2.0,8.809121161063079,0.1509662399092499,8.809121161063079,0.1413150370336454,0.5557643100977508,0.4395855543673219
seedpair00_ref20260805_label20260804_noise00500_rep007_seed2026082707,0,8,20260805,20260804,fiducial,0.05,13.36434139822044,7,2026082707,267.2868279644088,1539,3,1536,1e-06,2.0,8.401997118510018,0.1468450946272516,8.401997118510018,0.1375077513560429,0.6414924391720608,0.5043474827188409
seedpair00_ref20260805_label20260804_noise00500_rep008_seed2026082708,0,9,20260805,20260804,fiducial,0.05,13.36434139822044,8,2026082708,267.2868279644088,1539,3,1536,1e-06,2.0,8.853058384363068,0.1507837956917733,8.853058384363068,0.1412498946910872,0.6350689703571301,0.4998661146113348
seedpair00_ref20260805_label20260804_noise00500_rep009_seed2026082709,0,10,20260805,20260804,fiducial,0.05,13.36434139822044,9,2026082709,267.2868279644088,1539,3,1536,1e-06,2.0,8.766487510487059,0.1501163914001086,8.766487510487059,0.1426014721535241,0.65078976082435,0.5119991624749658
seedpair00_ref20260805_label20260804_noise00500_rep010_seed2026082710,0,11,20260805,20260804,fiducial,0.05,13.36434139822044,10,2026082710,267.2868279644088,1539,3,1536,1e-06,2.0,8.49911527981865,0.1477462252672559,8.49911527981865,0.1377739082614577,0.6329611124247151,0.4978704010738631
seedpair00_ref20260805_label20260804_noise00500_rep011_seed2026082711,0,12,20260805,20260804,fiducial,0.05,13.36434139822044,11,2026082711,267.2868279644088,1539,3,1536,1e-06,2.0,7.996731422585504,0.1434796742106004,7.996731422585504,0.1341722635803222,0.633538701436471,0.4979172715326289
seedpair00_ref20260805_label20260804_noise01000_rep000_seed2026082700,0,13,20260805,20260804,fiducial,0.1,26.72868279644088,0,2026082700,267.2868279644088,2050,3,2047,0.0001,2.0,3.2261696469717944,0.1805686748584926,3.2261696469717944,0.1488716285840317,0.5580482864720521,0.4423108047429612
seedpair00_ref20260805_label20260804_noise01000_rep001_seed2026082701,0,14,20260805,20260804,fiducial,0.1,26.72868279644088,1,2026082701,267.2868279644088,2050,3,2047,0.0001,2.0,3.096355855959401,0.1783676054039657,3.096355855959401,0.1511723109544594,0.5635000934906788,0.446746243149122
seedpair00_ref20260805_label20260804_noise01000_rep002_seed2026082702,0,15,20260805,20260804,fiducial,0.1,26.72868279644088,2,2026082702,267.2868279644088,1795,3,1792,0.0001,2.0,2.9941858473143763,0.1778794986017286,2.9941858473143763,0.1475921143825316,0.5553379489581536,0.4400877491087185
seedpair00_ref20260805_label20260804_noise01000_rep003_seed2026082703,0,16,20260805,20260804,fiducial,0.1,26.72868279644088,3,2026082703,267.2868279644088,2050,3,2047,0.0001,2.0,2.8622410581734403,0.1710331266293468,2.8622410581734403,0.1514627683561788,0.5702249565389864,0.4518737083640144
seedpair00_ref20260805_label20260804_noise01000_rep004_seed2026082704,0,17,20260805,20260804,fiducial,0.1,26.72868279644088,4,2026082704,267.2868279644088,1539,3,1536,1e-06,2.0,3.093148022747175,0.1768375764191941,3.093148022747175,0.1483728623485635,0.6732444309106156,0.5297601882918522
seedpair00_ref20260805_label20260804_noise01000_rep005_seed2026082705,0,18,20260805,20260804,fiducial,0.1,26.72868279644088,5,2026082705,267.2868279644088,2050,3,2047,0.0001,2.0,3.0531720333518435,0.176173922498185,3.0531720333518435,0.1481778926078639,0.5584597641793064,0.4425289732739139
seedpair00_ref20260805_label20260804_noise01000_rep006_seed2026082706,0,19,20260805,20260804,fiducial,0.1,26.72868279644088,6,2026082706,267.2868279644088,2050,3,2047,0.0001,2.0,3.14038139253743,0.1799209405633282,3.14038139253743,0.1460147465004301,0.5596314875238034,0.4431285113860106
seedpair00_ref20260805_label20260804_noise01000_rep007_seed2026082707,0,20,20260805,20260804,fiducial,0.1,26.72868279644088,7,2026082707,267.2868279644088,2050,3,2047,0.0001,2.0,3.110521564479845,0.177645125344225,3.110521564479845,0.1454808263378091,0.5558234549720191,0.4401739422055954
seedpair00_ref20260805_label20260804_noise01000_rep008_seed2026082708,0,21,20260805,20260804,fiducial,0.1,26.72868279644088,8,2026082708,267.2868279644088,2050,3,2047,0.0001,2.0,3.1884442299606244,0.1799833193179031,3.1884442299606244,0.1493278575306899,0.5642783074577462,0.4470869187905176
seedpair00_ref20260805_label20260804_noise01000_rep009_seed2026082709,0,22,20260805,20260804,fiducial,0.1,26.72868279644088,9,2026082709,267.2868279644088,2050,3,2047,0.0001,2.0,3.081516817937857,0.1771618783148717,3.081516817937857,0.1514823839138422,0.5697959998616986,0.4515517082998793
seedpair00_ref20260805_label20260804_noise01000_rep010_seed2026082710,0,23,20260805,20260804,fiducial,0.1,26.72868279644088,10,2026082710,267.2868279644088,2050,3,2047,0.0001,2.0,3.302912163461846,0.1832051678638722,3.302912163461846,0.1457267043622669,0.5539270181425006,0.4387705279964914
seedpair00_ref20260805_label20260804_noise01000_rep011_seed2026082711,0,24,20260805,20260804,fiducial,0.1,26.72868279644088,11,2026082711,267.2868279644088,2050,3,2047,0.0001,2.0,3.067801206675528,0.1770073424945221,3.067801206675528,0.146105449779017,0.5614625356164271,0.4445273928764151
seedpair00_ref20260805_label20260804_noise02000_rep000_seed2026082700,0,25,20260805,20260804,fiducial,0.2,53.45736559288176,0,2026082700,267.2868279644088,2050,3,2047,0.0001,2.0,1.7251662873189153,0.2585914832422331,1.7251662873189153,0.1700560218870817,0.5745809241198919,0.4577918595931603
seedpair00_ref20260805_label20260804_noise02000_rep001_seed2026082701,0,26,20260805,20260804,fiducial,0.2,53.45736559288176,1,2026082701,267.2868279644088,1539,3,1536,0.0001,2.0,1.6615432255472469,0.258038296683152,1.6615432255472469,0.1750960764923801,0.5813790271647783,0.4636621541341381
seedpair00_ref20260805_label20260804_noise02000_rep002_seed2026082702,0,27,20260805,20260804,fiducial,0.2,53.45736559288176,2,2026082702,267.2868279644088,1795,3,1792,0.0001,2.0,1.654005265897342,0.2644550981361374,1.654005265897342,0.1665749578821511,0.5681166968735385,0.4524094528751188
seedpair00_ref20260805_label20260804_noise02000_rep003_seed2026082703,0,28,20260805,20260804,fiducial,0.2,53.45736559288176,3,2026082703,267.2868279644088,2050,3,2047,0.0001,2.0,1.469667375191725,0.2416372467983385,1.469667375191725,0.175157554115022,0.5988488756110977,0.4768194266056253
seedpair00_ref20260805_label20260804_noise02000_rep004_seed2026082704,0,29,20260805,20260804,fiducial,0.2,53.45736559288176,4,2026082704,267.2868279644088,2050,3,2047,0.0001,2.0,1.6824372620349122,0.2555281211102215,1.6824372620349122,0.1647900830415664,0.5770281020546916,0.4588657439150153
seedpair00_ref20260805_label20260804_noise02000_rep005_seed2026082705,0,30,20260805,20260804,fiducial,0.2,53.45736559288176,5,2026082705,267.2868279644088,2050,3,2047,0.0001,2.0,1.6543618882897428,0.2547930770892855,1.6543618882897428,0.1694922206759566,0.5734798976353476,0.456879272782361
seedpair00_ref20260805_label20260804_noise02000_rep006_seed2026082706,0,31,20260805,20260804,fiducial,0.2,53.45736559288176,6,2026082706,267.2868279644088,2050,3,2047,0.0001,2.0,1.7410298678876002,0.2647592551265945,1.7410298678876002,0.1657570987804494,0.5752483593066547,0.4576634202020864
seedpair00_ref20260805_label20260804_noise02000_rep007_seed2026082707,0,32,20260805,20260804,fiducial,0.2,53.45736559288176,7,2026082707,267.2868279644088,2050,3,2047,0.0001,2.0,1.6961928752027375,0.2573518928245733,1.6961928752027375,0.1644588707958497,0.5680401481717703,0.452041777257939
seedpair00_ref20260805_label20260804_noise02000_rep008_seed2026082708,0,33,20260805,20260804,fiducial,0.2,53.45736559288176,8,2026082708,267.2868279644088,1539,3,1536,0.0001,2.0,1.72928227695895,0.260271546518105,1.72928227695895,0.1739566649805333,0.5848334409017184,0.4660895593885013
seedpair00_ref20260805_label20260804_noise02000_rep009_seed2026082709,0,34,20260805,20260804,fiducial,0.2,53.45736559288176,9,2026082709,267.2868279644088,2050,3,2047,0.0001,2.0,1.6159421104467306,0.2525114442631851,1.6159421104467306,0.1750735788962458,0.5954369550975357,0.4742374859272683
seedpair00_ref20260805_label20260804_noise02000_rep010_seed2026082710,0,35,20260805,20260804,fiducial,0.2,53.45736559288176,10,2026082710,267.2868279644088,2050,3,2047,0.0001,2.0,1.8069223262735736,0.2661138388134091,1.8069223262735736,0.1648793715426251,0.564175323573925,0.4491913581327125
seedpair00_ref20260805_label20260804_noise02000_rep011_seed2026082711,0,36,20260805,20260804,fiducial,0.2,53.45736559288176,11,2026082711,267.2868279644088,1795,3,1792,0.0001,2.0,1.6188175117851002,0.2533063708238133,1.6188175117851002,0.1662354523399822,0.5814244631118577,0.4623891324424422
seedpair00_ref20260805_label20260804_noise04000_rep000_seed2026082700,0,37,20260805,20260804,fiducial,0.4,106.91473118576351,0,2026082700,267.2868279644088,1795,3,1792,0.0001,2.0,1.332333709726117,0.4251665527918777,1.332333709726117,0.2350142806545897,0.6420333575383336,0.5189622032965095
seedpair00_ref20260805_label20260804_noise04000_rep001_seed2026082701,0,38,20260805,20260804,fiducial,0.4,106.91473118576351,1,2026082701,267.2868279644088,1539,3,1536,0.0001,2.0,1.2938381351134274,0.4325621028821568,1.2938381351134274,0.2398050223376477,0.6523376722654486,0.5274763334851785
seedpair00_ref20260805_label20260804_noise04000_rep002_seed2026082702,0,39,20260805,20260804,fiducial,0.4,106.91473118576351,2,2026082702,267.2868279644088,1795,3,1792,0.0001,2.0,1.3473619487204045,0.4622439888349998,1.3473619487204045,0.2287022787233563,0.6263103486700492,0.5061523464700759
seedpair00_ref20260805_label20260804_noise04000_rep003_seed2026082703,0,40,20260805,20260804,fiducial,0.4,106.91473118576351,3,2026082703,267.2868279644088,2050,3,2047,0.0001,2.0,1.1321351236041133,0.4027983985382193,1.1321351236041133,0.2446760044499016,0.6879286717304468,0.5547828624654535
seedpair00_ref20260805_label20260804_noise04000_rep004_seed2026082704,0,41,20260805,20260804,fiducial,0.4,106.91473118576351,4,2026082704,267.2868279644088,1539,3,1536,0.0001,2.0,1.308794733133709,0.4222832130495403,1.308794733133709,0.2241196808681588,0.6435746641222035,0.5181775631910127
seedpair00_ref20260805_label20260804_noise04000_rep005_seed2026082705,0,42,20260805,20260804,fiducial,0.4,106.91473118576351,5,2026082705,267.2868279644088,1539,3,1536,0.0001,2.0,1.3127711892660392,0.4274525884989664,1.3127711892660392,0.2369310647565202,0.6347202881558479,0.5138911836031277
seedpair00_ref20260805_label20260804_noise04000_rep006_seed2026082706,0,43,20260805,20260804,fiducial,0.4,106.91473118576351,6,2026082706,267.2868279644088,1539,3,1536,0.0001,2.0,1.3835898146907175,0.4479214619133423,1.3835898146907175,0.2262836590260585,0.6331033900058192,0.5107647231000654
seedpair00_ref20260805_label20260804_noise04000_rep007_seed2026082707,0,44,20260805,20260804,fiducial,0.4,106.91473118576351,7,2026082707,267.2868279644088,1283,3,1280,0.0001,2.0,1.325848757303728,0.4268019186037707,1.325848757303728,0.22524426059913,0.6250508242607759,0.5045955067395878
seedpair00_ref20260805_label20260804_noise04000_rep008_seed2026082708,0,45,20260805,20260804,fiducial,0.4,106.91473118576351,8,2026082708,267.2868279644088,1539,3,1536,0.0001,2.0,1.3508969996642757,0.4324489484152344,1.3508969996642757,0.2408027350613433,0.6548805371347393,0.5295439322634052
seedpair00_ref20260805_label20260804_noise04000_rep009_seed2026082709,0,46,20260805,20260804,fiducial,0.4,106.91473118576351,9,2026082709,267.2868279644088,1539,3,1536,0.0001,2.0,1.2370734987171332,0.4182897847547091,1.2370734987171332,0.2461627931543699,0.6786703862807673,0.5481679280320365
seedpair00_ref20260805_label20260804_noise04000_rep010_seed2026082710,0,47,20260805,20260804,fiducial,0.4,106.91473118576351,10,2026082710,267.2868279644088,2050,3,2047,0.0001,2.0,1.4176819975826855,0.4432496875029389,1.4176819975826855,0.2292033163036974,0.6147028988839989,0.4976372824251955
seedpair00_ref20260805_label20260804_noise04000_rep011_seed2026082711,0,48,20260805,20260804,fiducial,0.4,106.91473118576351,11,2026082711,267.2868279644088,1539,3,1536,0.0001,2.0,1.239315799563617,0.4197947111710136,1.239315799563617,0.2284906419163881,0.6513168955427608,0.5247021936666206
seedpair00_ref20260805_label20260804_noise08000_rep000_seed2026082700,0,49,20260805,20260804,fiducial,0.8,213.82946237152703,0,2026082700,267.2868279644088,643,3,640,0.0001,2.0,1.1807787664227185,0.6622173269018269,1.1807787664227185,0.3626001126805254,0.8569814912678446,0.7021975640756287
seedpair00_ref20260805_label20260804_noise08000_rep001_seed2026082701,0,50,20260805,20260804,fiducial,0.8,213.82946237152703,1,2026082701,267.2868279644088,643,3,640,0.0001,1.0,1.1466262713882525,0.686702610617272,1.1466262713882525,0.35298647601224,0.9145559463207782,0.7426290229205305
seedpair00_ref20260805_label20260804_noise08000_rep002_seed2026082702,0,51,20260805,20260804,fiducial,0.8,213.82946237152703,2,2026082702,267.2868279644088,259,3,256,0.0001,1.0,1.2296098437935965,0.7527466643538105,1.2296098437935965,0.3811311385340784,0.8645938300045195,0.7116583232717552
seedpair00_ref20260805_label20260804_noise08000_rep003_seed2026082703,0,52,20260805,20260804,fiducial,0.8,213.82946237152703,3,2026082703,267.2868279644088,1027,3,1024,0.0001,2.0,1.0397553513360456,0.6557574519335938,1.0397553513360456,0.375883886752361,0.9628482848108524,0.7826572799315351
seedpair00_ref20260805_label20260804_noise08000_rep004_seed2026082704,0,53,20260805,20260804,fiducial,0.8,213.82946237152703,4,2026082704,267.2868279644088,1027,3,1024,0.0001,2.0,1.2049781150138206,0.6727839188606819,1.2049781150138206,0.3725270318393894,0.8933994767839489,0.7309121853400483
seedpair00_ref20260805_label20260804_noise08000_rep005_seed2026082705,0,54,20260805,20260804,fiducial,0.8,213.82946237152703,5,2026082705,267.2868279644088,643,3,640,0.0001,2.0,1.1697551676910063,0.6744058275940703,1.1697551676910063,0.3869673510619086,0.8633890837447722,0.7120416857220211
seedpair00_ref20260805_label20260804_noise08000_rep006_seed2026082706,0,55,20260805,20260804,fiducial,0.8,213.82946237152703,6,2026082706,267.2868279644088,387,3,384,0.0001,1.0,1.2410802765102416,0.7100131477819565,1.2410802765102416,0.3501856651665188,0.8280367096555169,0.6784460321022489
seedpair00_ref20260805_label20260804_noise08000_rep007_seed2026082707,0,56,20260805,20260804,fiducial,0.8,213.82946237152703,7,2026082707,267.2868279644088,514,3,511,0.0001,1.0,1.1932432502687926,0.6711840934130093,1.1932432502687926,0.3455794281571558,0.8757323255886007,0.7125601592075572
seedpair00_ref20260805_label20260804_noise08000_rep008_seed2026082708,0,57,20260805,20260804,fiducial,0.8,213.82946237152703,8,2026082708,267.2868279644088,643,3,640,0.0001,2.0,1.2196182473621957,0.6838636051293309,1.2196182473621957,0.3675811154126309,0.926177097027844,0.7540135293361823
seedpair00_ref20260805_label20260804_noise08000_rep009_seed2026082709,0,58,20260805,20260804,fiducial,0.8,213.82946237152703,9,2026082709,267.2868279644088,514,3,511,0.0001,2.0,1.072540978714362,0.6589286205710677,1.072540978714362,0.3751002387530665,0.919443052787697,0.7505450215072035
seedpair00_ref20260805_label20260804_noise08000_rep010_seed2026082710,0,59,20260805,20260804,fiducial,0.8,213.82946237152703,10,2026082710,267.2868279644088,387,3,384,0.0001,1.0,1.244197772679334,0.6914664479199597,1.244197772679334,0.3529844349948408,0.818029696733107,0.6717125921956235
seedpair00_ref20260805_label20260804_noise08000_rep011_seed2026082711,0,60,20260805,20260804,fiducial,0.8,213.82946237152703,11,2026082711,267.2868279644088,514,3,511,0.0001,2.0,1.0798576269653644,0.6611477822663611,1.0798576269653644,0.3636694756997295,0.8925350004049208,0.7284892575009779
seedpair01_ref20260815_label20260814_noise00000_rep000_seed2026083700,1,0,20260815,20260814,fiducial,0.0,0.0,0,2026083700,273.27124989347226,2050,3,2047,1e-06,2.0,0.1320711823956958,0.1320711823956958,,0.1320711823956958,0.7783652667812593,0.5904626474779614
seedpair01_ref20260815_label20260814_noise00500_rep000_seed2026083700,1,1,20260815,20260814,fiducial,0.05,13.663562494673611,0,2026083700,273.27124989347226,2050,3,2047,0.0001,2.0,9.037385507270487,0.1494451623653798,9.037385507270487,0.1404458616457025,0.6451184069588046,0.4928284393956769
seedpair01_ref20260815_label20260814_noise00500_rep001_seed2026083701,1,2,20260815,20260814,fiducial,0.05,13.663562494673611,1,2026083701,273.27124989347226,2050,3,2047,0.0001,2.0,8.695196883966705,0.1467322556778341,8.695196883966705,0.1357765721476267,0.6383881652205119,0.487292280726284
seedpair01_ref20260815_label20260814_noise00500_rep002_seed2026083702,1,3,20260815,20260814,fiducial,0.05,13.663562494673611,2,2026083702,273.27124989347226,2050,3,2047,0.0001,2.0,8.277696298970827,0.1434669773314575,8.277696298970827,0.1356413294313461,0.6394415249596727,0.4880526244784317
seedpair01_ref20260815_label20260814_noise00500_rep003_seed2026083703,1,4,20260815,20260814,fiducial,0.05,13.663562494673611,3,2026083703,273.27124989347226,2050,3,2047,0.0001,2.0,8.330691302838215,0.1433892531674809,8.330691302838215,0.1362722836837312,0.6426595294811108,0.4905024854860025
seedpair01_ref20260815_label20260814_noise00500_rep004_seed2026083704,1,5,20260815,20260814,fiducial,0.05,13.663562494673611,4,2026083704,273.27124989347226,2050,3,2047,0.0001,2.0,8.788007838316684,0.1477921042383951,8.788007838316684,0.1375947644408502,0.6335036703200205,0.4839154079716333
seedpair01_ref20260815_label20260814_noise00500_rep005_seed2026083705,1,6,20260815,20260814,fiducial,0.05,13.663562494673611,5,2026083705,273.27124989347226,2050,3,2047,0.0001,2.0,8.573546489383727,0.1456752998370433,8.573546489383727,0.1373195353013942,0.6417944219456315,0.4899923124551734
seedpair01_ref20260815_label20260814_noise00500_rep006_seed2026083706,1,7,20260815,20260814,fiducial,0.05,13.663562494673611,6,2026083706,273.27124989347226,2050,3,2047,0.0001,2.0,8.213836867552827,0.1427531845996832,8.213836867552827,0.1361448668294023,0.6402519451284115,0.4887115119427466
seedpair01_ref20260815_label20260814_noise00500_rep007_seed2026083707,1,8,20260815,20260814,fiducial,0.05,13.663562494673611,7,2026083707,273.27124989347226,2050,3,2047,0.0001,2.0,8.739786868508121,0.1474889200844112,8.739786868508121,0.1370910588896226,0.6431057556804861,0.4909312308239721
seedpair01_ref20260815_label20260814_noise00500_rep008_seed2026083708,1,9,20260815,20260814,fiducial,0.05,13.663562494673611,8,2026083708,273.27124989347226,2050,3,2047,0.0001,2.0,8.788326690652365,0.1473991960080166,8.788326690652365,0.136333781913674,0.6421478694294404,0.4901326235288816
seedpair01_ref20260815_label20260814_noise00500_rep009_seed2026083709,1,10,20260815,20260814,fiducial,0.05,13.663562494673611,9,2026083709,273.27124989347226,2050,3,2047,0.0001,2.0,8.087275422011183,0.1420035693000224,8.087275422011183,0.1391249041358603,0.6378062808576411,0.4872762333715856
seedpair01_ref20260815_label20260814_noise00500_rep010_seed2026083710,1,11,20260815,20260814,fiducial,0.05,13.663562494673611,10,2026083710,273.27124989347226,2050,3,2047,0.0001,2.0,8.345969755409161,0.1442851605897429,8.345969755409161,0.137278862727945,0.645590144108527,0.4927860813240752
seedpair01_ref20260815_label20260814_noise00500_rep011_seed2026083711,1,12,20260815,20260814,fiducial,0.05,13.663562494673611,11,2026083711,273.27124989347226,2050,3,2047,0.0001,2.0,8.814500058717863,0.147695676305438,8.814500058717863,0.138184127979195,0.6409382060963029,0.4894674456176583
seedpair01_ref20260815_label20260814_noise01000_rep000_seed2026083700,1,13,20260815,20260814,fiducial,0.1,27.327124989347222,0,2026083700,273.27124989347226,2050,3,2047,0.0001,2.0,3.312715525902063,0.1800613024747201,3.312715525902063,0.1497609655320087,0.6545108007251965,0.5009315284528658
seedpair01_ref20260815_label20260814_noise01000_rep001_seed2026083701,1,14,20260815,20260814,fiducial,0.1,27.327124989347222,1,2026083701,273.27124989347226,2050,3,2047,0.0001,2.0,3.152707539461143,0.1759802322607986,3.152707539461143,0.1406962892767131,0.6406538444276004,0.4895707212344828
seedpair01_ref20260815_label20260814_noise01000_rep002_seed2026083702,1,15,20260815,20260814,fiducial,0.1,27.327124989347222,2,2026083702,273.27124989347226,2050,3,2047,0.0001,2.0,2.9808215513616667,0.171817656659657,2.9808215513616667,0.1402723978376909,0.6429805384044045,0.4912316535087079
seedpair01_ref20260815_label20260814_noise01000_rep003_seed2026083703,1,16,20260815,20260814,fiducial,0.1,27.327124989347222,3,2026083703,273.27124989347226,2050,3,2047,0.0001,2.0,2.886104012755802,0.1678846292177895,2.886104012755802,0.1414505479733009,0.649346048579539,0.4960685871665765
seedpair01_ref20260815_label20260814_noise01000_rep004_seed2026083704,1,17,20260815,20260814,fiducial,0.1,27.327124989347222,4,2026083704,273.27124989347226,2050,3,2047,0.0001,2.0,3.125247370536349,0.1759054106340438,3.125247370536349,0.1438937984833001,0.6306163028209891,0.4825916374699634
seedpair01_ref20260815_label20260814_noise01000_rep005_seed2026083705,1,18,20260815,20260814,fiducial,0.1,27.327124989347222,5,2026083705,273.27124989347226,2050,3,2047,0.0001,2.0,3.037429062631285,0.1727103905034352,3.037429062631285,0.1433642778735462,0.6474954298445894,0.4949458695107204
seedpair01_ref20260815_label20260814_noise01000_rep006_seed2026083706,1,19,20260815,20260814,fiducial,0.1,27.327124989347222,6,2026083706,273.27124989347226,2050,3,2047,0.0001,2.0,2.827150181746609,0.1670198283665886,2.827150181746609,0.1414980802975975,0.64499680260482,0.4928704124843818
seedpair01_ref20260815_label20260814_noise01000_rep007_seed2026083707,1,20,20260815,20260814,fiducial,0.1,27.327124989347222,7,2026083707,273.27124989347226,1795,3,1792,0.0001,2.0,3.1530461343807312,0.1769159644554935,3.1530461343807312,0.1429335635246766,0.6533960880773121,0.4992376531256651
seedpair01_ref20260815_label20260814_noise01000_rep008_seed2026083708,1,21,20260815,20260814,fiducial,0.1,27.327124989347222,8,2026083708,273.27124989347226,2050,3,2047,0.0001,2.0,3.204357778253422,0.177143412314105,3.204357778253422,0.1412970267003105,0.6486517254255422,0.4955378749488409
seedpair01_ref20260815_label20260814_noise01000_rep009_seed2026083709,1,22,20260815,20260814,fiducial,0.1,27.327124989347222,9,2026083709,273.27124989347226,2050,3,2047,0.0001,2.0,2.792449496217318,0.166803622220124,2.792449496217318,0.1466038124692778,0.6390994448259965,0.4891847111845111
seedpair01_ref20260815_label20260814_noise01000_rep010_seed2026083710,1,23,20260815,20260814,fiducial,0.1,27.327124989347222,10,2026083710,273.27124989347226,1795,3,1792,0.0001,2.0,2.919525112018217,0.1706353668723675,2.919525112018217,0.1429257198236822,0.6589464219785935,0.5033261657210344
seedpair01_ref20260815_label20260814_noise01000_rep011_seed2026083711,1,24,20260815,20260814,fiducial,0.1,27.327124989347222,11,2026083711,273.27124989347226,1795,3,1792,0.0001,2.0,3.1877404880212583,0.1768876040281771,3.1877404880212583,0.1450723297272529,0.6499216267142609,0.4969492848678136
seedpair01_ref20260815_label20260814_noise02000_rep000_seed2026083700,1,25,20260815,20260814,fiducial,0.2,54.65424997869445,0,2026083700,273.27124989347226,2050,3,2047,0.0001,2.0,1.8280426657066824,0.263027454287935,1.8280426657066824,0.1775431080111758,0.6825089519966812,0.5253361601092557
seedpair01_ref20260815_label20260814_noise02000_rep001_seed2026083701,1,26,20260815,20260814,fiducial,0.2,54.65424997869445,1,2026083701,273.27124989347226,2050,3,2047,0.0001,2.0,1.759124997697195,0.2588222050096563,1.759124997697195,0.1613761115876922,0.6536380544818805,0.5018659990913639
seedpair01_ref20260815_label20260814_noise02000_rep002_seed2026083702,1,27,20260815,20260814,fiducial,0.2,54.65424997869445,2,2026083702,273.27124989347226,2050,3,2047,0.0001,2.0,1.7100463080459245,0.2571491122434183,1.7100463080459245,0.1600665687100539,0.6590859866477007,0.5056787317241225
seedpair01_ref20260815_label20260814_noise02000_rep003_seed2026083703,1,28,20260815,20260814,fiducial,0.2,54.65424997869445,3,2026083703,273.27124989347226,2050,3,2047,0.0001,2.0,1.5414724982034256,0.2412163795533937,1.5414724982034256,0.1619884488958079,0.6713760422509955,0.5149615735606964
seedpair01_ref20260815_label20260814_noise02000_rep004_seed2026083704,1,29,20260815,20260814,fiducial,0.2,54.65424997869445,4,2026083704,273.27124989347226,2050,3,2047,0.0001,2.0,1.6715292671350075,0.2544366585677855,1.6715292671350075,0.1659089891671702,0.6327563020363222,0.4872348757055871
seedpair01_ref20260815_label20260814_noise02000_rep005_seed2026083705,1,30,20260815,20260814,fiducial,0.2,54.65424997869445,5,2026083705,273.27124989347226,1539,3,1536,0.0001,2.0,1.644606499580691,0.2504216426222094,1.644606499580691,0.1673047674290411,0.6695585306246896,0.5143722685446422
seedpair01_ref20260815_label20260814_noise02000_rep006_seed2026083706,1,31,20260815,20260814,fiducial,0.2,54.65424997869445,6,2026083706,273.27124989347226,2050,3,2047,0.0001,2.0,1.5114689693323304,0.2412255614526789,1.5114689693323304,0.1630908860190771,0.6645893756549266,0.5101358594719884
seedpair01_ref20260815_label20260814_noise02000_rep007_seed2026083707,1,32,20260815,20260814,fiducial,0.2,54.65424997869445,7,2026083707,273.27124989347226,1795,3,1792,0.0001,2.0,1.7323393879126705,0.2595927738680081,1.7323393879126705,0.1633905487670552,0.6752859829892135,0.518023751783554
seedpair01_ref20260815_label20260814_noise02000_rep008_seed2026083708,1,33,20260815,20260814,fiducial,0.2,54.65424997869445,8,2026083708,273.27124989347226,2050,3,2047,0.0001,2.0,1.790035452542775,0.2603431062879588,1.790035452542775,0.1607659561164266,0.671265586500263,0.51471300082809
seedpair01_ref20260815_label20260814_noise02000_rep009_seed2026083709,1,34,20260815,20260814,fiducial,0.2,54.65424997869445,9,2026083709,273.27124989347226,1539,3,1536,0.0001,2.0,1.5209067933118583,0.2442045727146128,1.5209067933118583,0.169630244808926,0.6573721931779304,0.5057858643350407
seedpair01_ref20260815_label20260814_noise02000_rep010_seed2026083710,1,35,20260815,20260814,fiducial,0.2,54.65424997869445,10,2026083710,273.27124989347226,1539,3,1536,0.0001,2.0,1.5775083832579386,0.2490007143371877,1.5775083832579386,0.1630303229293306,0.6882287442183386,0.5274757757083336
seedpair01_ref20260815_label20260814_noise02000_rep011_seed2026083711,1,36,20260815,20260814,fiducial,0.2,54.65424997869445,11,2026083711,273.27124989347226,1795,3,1792,0.0001,2.0,1.7458091043020387,0.257801050598055,1.7458091043020387,0.1664105916615215,0.6685233868856594,0.5134868510165054
seedpair01_ref20260815_label20260814_noise04000_rep000_seed2026083700,1,37,20260815,20260814,fiducial,0.4,109.3084999573889,0,2026083700,273.27124989347226,1283,3,1280,0.0001,2.0,1.413994957248467,0.436573174278704,1.413994957248467,0.2538056777721421,0.7859313227839246,0.6130592810480733
seedpair01_ref20260815_label20260814_noise04000_rep001_seed2026083701,1,38,20260815,20260814,fiducial,0.4,109.3084999573889,1,2026083701,273.27124989347226,1795,3,1792,0.0001,2.0,1.4005116285422223,0.4362066249962119,1.4005116285422223,0.2300611774687668,0.7172932646267557,0.5592339188939852
seedpair01_ref20260815_label20260814_noise04000_rep002_seed2026083702,1,39,20260815,20260814,fiducial,0.4,109.3084999573889,2,2026083702,273.27124989347226,1027,3,1024,0.0001,2.0,1.4144191619056357,0.4439529344424668,1.4144191619056357,0.2285868804715048,0.7374746656363521,0.5735614214040696
seedpair01_ref20260815_label20260814_noise04000_rep003_seed2026083703,1,40,20260815,20260814,fiducial,0.4,109.3084999573889,3,2026083703,273.27124989347226,1795,3,1792,0.0001,2.0,1.2124354953981382,0.4044658865646879,1.2124354953981382,0.2277203341339697,0.7516368160726405,0.5836697903522284
seedpair01_ref20260815_label20260814_noise04000_rep004_seed2026083704,1,41,20260815,20260814,fiducial,0.4,109.3084999573889,4,2026083704,273.27124989347226,1539,3,1536,0.0001,2.0,1.2748527970252614,0.4237179971626401,1.2748527970252614,0.2302940696718345,0.6781673303093844,0.5310903790223568
seedpair01_ref20260815_label20260814_noise04000_rep005_seed2026083705,1,42,20260815,20260814,fiducial,0.4,109.3084999573889,5,2026083705,273.27124989347226,1283,3,1280,0.0001,2.0,1.2754571224633444,0.4181390972971681,1.2754571224633444,0.2299799933104433,0.7353587835999569,0.572274261054997
seedpair01_ref20260815_label20260814_noise04000_rep006_seed2026083706,1,43,20260815,20260814,fiducial,0.4,109.3084999573889,6,2026083706,273.27124989347226,1539,3,1536,0.0001,2.0,1.1910090658126349,0.4078512306162845,1.1910090658126349,0.2306312964361472,0.7444948810134212,0.5789983900174709
seedpair01_ref20260815_label20260814_noise04000_rep007_seed2026083707,1,44,20260815,20260814,fiducial,0.4,109.3084999573889,7,2026083707,273.27124989347226,1539,3,1536,0.0001,2.0,1.3612755153189275,0.4390357418445353,1.3612755153189275,0.2255983283280137,0.7474328923731871,0.5802608807668764
seedpair01_ref20260815_label20260814_noise04000_rep008_seed2026083708,1,45,20260815,20260814,fiducial,0.4,109.3084999573889,8,2026083708,273.27124989347226,1539,3,1536,0.0001,2.0,1.4245770348355529,0.4379060354032031,1.4245770348355529,0.2263037228469543,0.7559808173721516,0.5865795973800796
seedpair01_ref20260815_label20260814_noise04000_rep009_seed2026083709,1,46,20260815,20260814,fiducial,0.4,109.3084999573889,9,2026083709,273.27124989347226,1027,3,1024,0.0001,2.0,1.2016169226833324,0.4159642076527003,1.2016169226833324,0.2350213425079098,0.7238679126363239,0.5648754847034032
seedpair01_ref20260815_label20260814_noise04000_rep010_seed2026083710,1,47,20260815,20260814,fiducial,0.4,109.3084999573889,10,2026083710,273.27124989347226,1539,3,1536,0.0001,2.0,1.2493482156263953,0.4254926668655209,1.2493482156263953,0.2224159416284113,0.7676692688658691,0.5944219260949768
seedpair01_ref20260815_label20260814_noise04000_rep011_seed2026083711,1,48,20260815,20260814,fiducial,0.4,109.3084999573889,11,2026083711,273.27124989347226,1795,3,1792,0.0001,2.0,1.3732955548517674,0.4327366375990371,1.3732955548517674,0.2306091035999077,0.7349927830038223,0.5721202476036069
seedpair01_ref20260815_label20260814_noise08000_rep000_seed2026083700,1,49,20260815,20260814,fiducial,0.8,218.6169999147778,0,2026083700,273.27124989347226,387,3,384,0.0001,2.0,1.2052599191920903,0.6763798831023707,1.2052599191920903,0.3638539307153487,0.9959884430439576,0.7850109262588111
seedpair01_ref20260815_label20260814_noise08000_rep001_seed2026083701,1,50,20260815,20260814,fiducial,0.8,218.6169999147778,1,2026083701,273.27124989347226,771,3,768,0.0001,2.0,1.2536966000292142,0.6906223744854733,1.2536966000292142,0.36077658066752,0.9071090799289484,0.7211509191185965
seedpair01_ref20260815_label20260814_noise08000_rep002_seed2026083702,1,51,20260815,20260814,fiducial,0.8,218.6169999147778,2,2026083702,273.27124989347226,643,3,640,0.0001,2.0,1.2833567894255564,0.709124068361939,1.2833567894255564,0.3532804724693428,0.9222628631694376,0.7302896445509202
seedpair01_ref20260815_label20260814_noise08000_rep003_seed2026083703,1,52,20260815,20260814,fiducial,0.8,218.6169999147778,3,2026083703,273.27124989347226,387,3,384,0.0001,1.0,1.07623790400276,0.6447949053555243,1.07623790400276,0.3489839177009477,0.9637697613473654,0.7589914871476722
seedpair01_ref20260815_label20260814_noise08000_rep004_seed2026083704,1,53,20260815,20260814,fiducial,0.8,218.6169999147778,4,2026083704,273.27124989347226,514,3,511,0.0001,1.0,1.1337738921553178,0.6790099684790097,1.1337738921553178,0.3487627555566996,0.946391273038846,0.746535639509298
seedpair01_ref20260815_label20260814_noise08000_rep005_seed2026083705,1,54,20260815,20260814,fiducial,0.8,218.6169999147778,5,2026083705,273.27124989347226,387,3,384,0.0001,2.0,1.1446146651369262,0.6702712965226829,1.1446146651369262,0.3407897035005803,0.9564289152651114,0.7521057958019708
seedpair01_ref20260815_label20260814_noise08000_rep006_seed2026083706,1,55,20260815,20260814,fiducial,0.8,218.6169999147778,6,2026083706,273.27124989347226,514,3,511,0.0001,1.0,1.061284155782998,0.6554365067380057,1.061284155782998,0.3519729970033462,0.9410557491932742,0.7433910796538693
seedpair01_ref20260815_label20260814_noise08000_rep007_seed2026083707,1,56,20260815,20260814,fiducial,0.8,218.6169999147778,7,2026083707,273.27124989347226,387,3,384,0.0001,1.0,1.1837347670204743,0.6939733365937729,1.1837347670204743,0.3313579682788239,0.951588360358554,0.7467886708079401
seedpair01_ref20260815_label20260814_noise08000_rep008_seed2026083708,1,57,20260815,20260814,fiducial,0.8,218.6169999147778,8,2026083708,273.27124989347226,387,3,384,0.0001,1.0,1.2546384449755597,0.6872759366831854,1.2546384449755597,0.3530636217609758,0.9340298697067566,0.7386142275142069
seedpair01_ref20260815_label20260814_noise08000_rep009_seed2026083709,1,58,20260815,20260814,fiducial,0.8,218.6169999147778,9,2026083709,273.27124989347226,514,3,511,0.0001,1.0,1.1087061537060494,0.6820511336872445,1.1087061537060494,0.3725013934785483,0.9513279852987068,0.7550318548846451
seedpair01_ref20260815_label20260814_noise08000_rep010_seed2026083710,1,59,20260815,20260814,fiducial,0.8,218.6169999147778,10,2026083710,273.27124989347226,387,3,384,0.0001,1.0,1.1063440654740082,0.6865027368612022,1.1063440654740082,0.338789757642833,0.9466573321031402,0.7447158113320282
seedpair01_ref20260815_label20260814_noise08000_rep011_seed2026083711,1,60,20260815,20260814,fiducial,0.8,218.6169999147778,11,2026083711,273.27124989347226,259,3,256,0.0001,2.0,1.2068218704773557,0.6833686643032633,1.2068218704773557,0.3694590676439431,0.8594801713043496,0.6895426632829366
seedpair02_ref20260825_label20260824_noise00000_rep000_seed2026084700,2,0,20260825,20260824,fiducial,0.0,0.0,0,2026084700,264.593090487359,1539,3,1536,1e-06,2.0,0.1181564955685771,0.1181564955685771,,0.1181564955685772,0.683377207254157,0.5209761153903775
seedpair02_ref20260825_label20260824_noise00500_rep000_seed2026084700,2,1,20260825,20260824,fiducial,0.05,13.229654524367952,0,2026084700,264.593090487359,2050,3,2047,0.0001,2.0,7.296146122935593,0.1323083914251875,7.296146122935593,0.1249457826964086,0.5757127723448525,0.4416935457191883
seedpair02_ref20260825_label20260824_noise00500_rep001_seed2026084701,2,2,20260825,20260824,fiducial,0.05,13.229654524367952,1,2026084701,264.593090487359,1795,3,1792,0.0001,2.0,7.380484087035453,0.132918649586732,7.380484087035453,0.1240219878867308,0.5779629573360211,0.4432483933003618
seedpair02_ref20260825_label20260824_noise00500_rep002_seed2026084702,2,3,20260825,20260824,fiducial,0.05,13.229654524367952,2,2026084702,264.593090487359,1795,3,1792,0.0001,2.0,7.173902133226166,0.1314035399256752,7.173902133226166,0.1236832385573307,0.5728419704186815,0.4394131282711347
seedpair02_ref20260825_label20260824_noise00500_rep003_seed2026084703,2,4,20260825,20260824,fiducial,0.05,13.229654524367952,3,2026084703,264.593090487359,1795,3,1792,0.0001,2.0,7.288528354665344,0.1322818307734324,7.288528354665344,0.1240648367038275,0.5749619208146408,0.4410300429296921
seedpair02_ref20260825_label20260824_noise00500_rep004_seed2026084704,2,5,20260825,20260824,fiducial,0.05,13.229654524367952,4,2026084704,264.593090487359,2050,3,2047,0.0001,2.0,7.514065737495876,0.1339041293702987,7.514065737495876,0.1248450195006938,0.5740248749162957,0.4404310356855146
seedpair02_ref20260825_label20260824_noise00500_rep005_seed2026084705,2,6,20260825,20260824,fiducial,0.05,13.229654524367952,5,2026084705,264.593090487359,1539,3,1536,1e-06,2.0,7.724245981756776,0.1362161829157688,7.724245981756776,0.1263646968528997,0.7050981766282464,0.5379789586390166
seedpair02_ref20260825_label20260824_noise00500_rep006_seed2026084706,2,7,20260825,20260824,fiducial,0.05,13.229654524367952,6,2026084706,264.593090487359,1539,3,1536,1e-06,2.0,7.0489591370797,0.1298997912455594,7.0489591370797,0.1212263588434977,0.7058152460499272,0.538002846563576
seedpair02_ref20260825_label20260824_noise00500_rep007_seed2026084707,2,8,20260825,20260824,fiducial,0.05,13.229654524367952,7,2026084707,264.593090487359,2050,3,2047,0.0001,2.0,7.335152161674705,0.1326637632297943,7.335152161674705,0.1251292155925465,0.5768348954121201,0.4425471137105845
seedpair02_ref20260825_label20260824_noise00500_rep008_seed2026084708,2,9,20260825,20260824,fiducial,0.05,13.229654524367952,8,2026084708,264.593090487359,2050,3,2047,0.0001,2.0,7.101682653430746,0.1306666906850301,7.101682653430746,0.1228250608912503,0.5729413878942106,0.4393828636165394
seedpair02_ref20260825_label20260824_noise00500_rep009_seed2026084709,2,10,20260825,20260824,fiducial,0.05,13.229654524367952,9,2026084709,264.593090487359,2050,3,2047,0.0001,2.0,7.02055143952432,0.1293755378975069,7.02055143952432,0.1218060994893755,0.5725186724440806,0.4389470617933774
seedpair02_ref20260825_label20260824_noise00500_rep010_seed2026084710,2,11,20260825,20260824,fiducial,0.05,13.229654524367952,10,2026084710,264.593090487359,1795,3,1792,0.0001,2.0,7.558421836385038,0.1348124843516294,7.558421836385038,0.1235969027814944,0.5722255798176172,0.4389459920702535
seedpair02_ref20260825_label20260824_noise00500_rep011_seed2026084711,2,12,20260825,20260824,fiducial,0.05,13.229654524367952,11,2026084711,264.593090487359,2050,3,2047,0.0001,2.0,7.800081497406317,0.1364686090621669,7.800081497406317,0.124893247522675,0.5780488082075546,0.4434175955251141
seedpair02_ref20260825_label20260824_noise01000_rep000_seed2026084700,2,13,20260825,20260824,fiducial,0.1,26.459309048735904,0,2026084700,264.593090487359,1795,3,1792,0.0001,2.0,2.657676171521137,0.1592761572322895,2.657676171521137,0.1316059762831679,0.5836588601860198,0.4484039664239638
seedpair02_ref20260825_label20260824_noise01000_rep001_seed2026084701,2,14,20260825,20260824,fiducial,0.1,26.459309048735904,1,2026084701,264.593090487359,1795,3,1792,0.0001,2.0,2.7529117709976587,0.1617085020025691,2.7529117709976587,0.1294402388531904,0.5858306995676684,0.4497392994187508
seedpair02_ref20260825_label20260824_noise01000_rep002_seed2026084702,2,15,20260825,20260824,fiducial,0.1,26.459309048735904,2,2026084702,264.593090487359,1795,3,1792,0.0001,2.0,2.6687185670938485,0.1600776310286249,2.6687185670938485,0.1288195319297809,0.5751738413880992,0.4417749491092825
seedpair02_ref20260825_label20260824_noise01000_rep003_seed2026084703,2,16,20260825,20260824,fiducial,0.1,26.459309048735904,3,2026084703,264.593090487359,1795,3,1792,0.0001,2.0,2.664152321424824,0.1595570711580401,2.664152321424824,0.1294829080132617,0.579789706842122,0.4452736987960646
seedpair02_ref20260825_label20260824_noise01000_rep004_seed2026084704,2,17,20260825,20260824,fiducial,0.1,26.459309048735904,4,2026084704,264.593090487359,1795,3,1792,0.0001,2.0,2.775737505812473,0.1618828353519929,2.775737505812473,0.1314264155748542,0.5795906493082768,0.4453722421929951
seedpair02_ref20260825_label20260824_noise01000_rep005_seed2026084705,2,18,20260825,20260824,fiducial,0.1,26.459309048735904,5,2026084705,264.593090487359,2050,3,2047,0.0001,2.0,2.990759402193106,0.1691445325338084,2.990759402193106,0.1344982264118821,0.5843214644926232,0.4492640458951285
seedpair02_ref20260825_label20260824_noise01000_rep006_seed2026084706,2,19,20260825,20260824,fiducial,0.1,26.459309048735904,6,2026084706,264.593090487359,1795,3,1792,0.0001,2.0,2.8603924867213104,0.1648298435398551,2.8603924867213104,0.1320614837427051,0.583115250674322,0.4480597345292595
seedpair02_ref20260825_label20260824_noise01000_rep007_seed2026084707,2,20,20260825,20260824,fiducial,0.1,26.459309048735904,7,2026084707,264.593090487359,2050,3,2047,0.0001,2.0,2.698858520819357,0.1605100038767807,2.698858520819357,0.1316174789656287,0.5847236628929653,0.4491930749647074
seedpair02_ref20260825_label20260824_noise01000_rep008_seed2026084708,2,21,20260825,20260824,fiducial,0.1,26.459309048735904,8,2026084708,264.593090487359,1795,3,1792,0.0001,2.0,2.5787901725959617,0.1572105323647566,2.5787901725959617,0.1276208972220699,0.5779513713622689,0.4436806409655558
seedpair02_ref20260825_label20260824_noise01000_rep009_seed2026084709,2,22,20260825,20260824,fiducial,0.1,26.459309048735904,9,2026084709,264.593090487359,2050,3,2047,0.0001,2.0,2.501130063779743,0.1535618911669104,2.501130063779743,0.1251933564909427,0.576330495974871,0.442181338991636
seedpair02_ref20260825_label20260824_noise01000_rep010_seed2026084710,2,23,20260825,20260824,fiducial,0.1,26.459309048735904,10,2026084710,264.593090487359,1795,3,1792,0.0001,2.0,2.852160698102172,0.1653170160872255,2.852160698102172,0.128719065080332,0.5748868143561324,0.4415499373534547
seedpair02_ref20260825_label20260824_noise01000_rep011_seed2026084711,2,24,20260825,20260824,fiducial,0.1,26.459309048735904,11,2026084711,264.593090487359,2050,3,2047,0.0001,2.0,3.013574209062625,0.1687222077445955,3.013574209062625,0.1311244186907344,0.587453725337643,0.4511508066014749
seedpair02_ref20260825_label20260824_noise02000_rep000_seed2026084700,2,25,20260825,20260824,fiducial,0.2,52.91861809747181,0,2026084700,264.593090487359,1795,3,1792,0.0001,2.0,1.508090459899208,0.2370848398636239,1.508090459899208,0.1533001483851863,0.6047582661258437,0.4668876085388253
seedpair02_ref20260825_label20260824_noise02000_rep001_seed2026084701,2,26,20260825,20260824,fiducial,0.2,52.91861809747181,1,2026084701,264.593090487359,1795,3,1792,0.0001,2.0,1.61153627011203,0.2437515736761903,1.61153627011203,0.1500710997087494,0.6097269442133412,0.4700960975654503
seedpair02_ref20260825_label20260824_noise02000_rep002_seed2026084702,2,27,20260825,20260824,fiducial,0.2,52.91861809747181,2,2026084702,264.593090487359,1795,3,1792,0.0001,2.0,1.588537441160954,0.244529047818136,1.588537441160954,0.1490999431119578,0.5870920182582026,0.4532882936828852
seedpair02_ref20260825_label20260824_noise02000_rep003_seed2026084703,2,28,20260825,20260824,fiducial,0.2,52.91861809747181,3,2026084703,264.593090487359,1795,3,1792,0.0001,2.0,1.5243749619378295,0.2385272553717836,1.5243749619378295,0.1500086042573039,0.5976601688672702,0.4611971731350157
seedpair02_ref20260825_label20260824_noise02000_rep004_seed2026084704,2,29,20260825,20260824,fiducial,0.2,52.91861809747181,4,2026084704,264.593090487359,1795,3,1792,0.0001,2.0,1.5783592204301808,0.2398858258735537,1.5783592204301808,0.1540840809712795,0.5972393892498831,0.4614673869132111
seedpair02_ref20260825_label20260824_noise02000_rep005_seed2026084705,2,30,20260825,20260824,fiducial,0.2,52.91861809747181,5,2026084705,264.593090487359,2050,3,2047,0.0001,2.0,1.7362259690057524,0.2548067838588603,1.7362259690057524,0.1596641949829508,0.6109770600979181,0.4723773152670975
seedpair02_ref20260825_label20260824_noise02000_rep006_seed2026084706,2,31,20260825,20260824,fiducial,0.2,52.91861809747181,6,2026084706,264.593090487359,1795,3,1792,0.0001,2.0,1.68408543412377,0.2491213216051939,1.68408543412377,0.1566927641261634,0.607674268925605,0.4695180513020294
seedpair02_ref20260825_label20260824_noise02000_rep007_seed2026084707,2,32,20260825,20260824,fiducial,0.2,52.91861809747181,7,2026084707,264.593090487359,1795,3,1792,0.0001,2.0,1.5462354780499723,0.2400737522369072,1.5462354780499723,0.1534801261812784,0.6115037829397107,0.4718794526393433
seedpair02_ref20260825_label20260824_noise02000_rep008_seed2026084708,2,33,20260825,20260824,fiducial,0.2,52.91861809747181,8,2026084708,264.593090487359,1795,3,1792,0.0001,2.0,1.4887106768488017,0.2364653141946375,1.4887106768488017,0.1475531247107959,0.5941494850659306,0.4582681253827148
seedpair02_ref20260825_label20260824_noise02000_rep009_seed2026084709,2,34,20260825,20260824,fiducial,0.2,52.91861809747181,9,2026084709,264.593090487359,2050,3,2047,0.0001,2.0,1.412915988658961,0.2268266298802933,1.412915988658961,0.1426732086184376,0.593309258777725,0.4569805746618864
seedpair02_ref20260825_label20260824_noise02000_rep010_seed2026084710,2,35,20260825,20260824,fiducial,0.2,52.91861809747181,10,2026084710,264.593090487359,1795,3,1792,0.0001,2.0,1.6714407860940004,0.2502756185485804,1.6714407860940004,0.1491520749774592,0.5902058267479954,0.4555877884972459
seedpair02_ref20260825_label20260824_noise02000_rep011_seed2026084711,2,36,20260825,20260824,fiducial,0.2,52.91861809747181,11,2026084711,264.593090487359,2050,3,2047,0.0001,2.0,1.7918171776422842,0.2554312751999343,1.7918171776422842,0.1529192114517102,0.6154541043015801,0.4747108597586449
seedpair02_ref20260825_label20260824_noise04000_rep000_seed2026084700,2,37,20260825,20260824,fiducial,0.4,105.8372361949436,0,2026084700,264.593090487359,1539,3,1536,0.0001,2.0,1.2247196474093585,0.4072256759104184,1.2247196474093585,0.2165148108158006,0.6862178388971448,0.536505611130095
seedpair02_ref20260825_label20260824_noise04000_rep001_seed2026084701,2,38,20260825,20260824,fiducial,0.4,105.8372361949436,1,2026084701,264.593090487359,1539,3,1536,0.0001,2.0,1.322932303728482,0.4180844218530377,1.322932303728482,0.2126465654041547,0.6912382100221476,0.5394918112085658
seedpair02_ref20260825_label20260824_noise04000_rep002_seed2026084702,2,39,20260825,20260824,fiducial,0.4,105.8372361949436,2,2026084702,264.593090487359,1027,3,1024,0.0001,2.0,1.2978680212899698,0.4217082578249848,1.2978680212899698,0.2222256844399303,0.6416005506887612,0.5052257429513929
seedpair02_ref20260825_label20260824_noise04000_rep003_seed2026084703,2,40,20260825,20260824,fiducial,0.4,105.8372361949436,3,2026084703,264.593090487359,1539,3,1536,0.0001,2.0,1.2369930926403256,0.4092291538214228,1.2369930926403256,0.2117475778486104,0.671039001741202,0.5246421723086103
seedpair02_ref20260825_label20260824_noise04000_rep004_seed2026084704,2,41,20260825,20260824,fiducial,0.4,105.8372361949436,4,2026084704,264.593090487359,1283,3,1280,0.0001,2.0,1.2627962791810905,0.4048807251523808,1.2627962791810905,0.2164495231879291,0.6719015544049666,0.5260958926557394
seedpair02_ref20260825_label20260824_noise04000_rep005_seed2026084705,2,42,20260825,20260824,fiducial,0.4,105.8372361949436,5,2026084705,264.593090487359,1539,3,1536,0.0001,2.0,1.3986068175688622,0.4357709343952721,1.3986068175688622,0.2275793406488394,0.7040772450322009,0.5514253329568967
seedpair02_ref20260825_label20260824_noise04000_rep006_seed2026084706,2,43,20260825,20260824,fiducial,0.4,105.8372361949436,6,2026084706,264.593090487359,1539,3,1536,0.0001,2.0,1.3829214569966626,0.4270312072770311,1.3829214569966626,0.2296364236584651,0.7030088338241732,0.5510187147776886
seedpair02_ref20260825_label20260824_noise04000_rep007_seed2026084707,2,44,20260825,20260824,fiducial,0.4,105.8372361949436,7,2026084707,264.593090487359,1539,3,1536,0.0001,2.0,1.254064494480576,0.4120793618911054,1.254064494480576,0.2191020152885301,0.6995949390320821,0.5466806024329554
seedpair02_ref20260825_label20260824_noise04000_rep008_seed2026084708,2,45,20260825,20260824,fiducial,0.4,105.8372361949436,8,2026084708,264.593090487359,1795,3,1792,0.0001,2.0,1.2367735932585375,0.4119770735142115,1.2367735932585375,0.2130237324946861,0.6563307839293665,0.5141874956793059
seedpair02_ref20260825_label20260824_noise04000_rep009_seed2026084709,2,46,20260825,20260824,fiducial,0.4,105.8372361949436,9,2026084709,264.593090487359,1795,3,1792,0.0001,2.0,1.1576741236036825,0.3882151295823398,1.1576741236036825,0.2042134528016148,0.665169653692383,0.5190757265890087
seedpair02_ref20260825_label20260824_noise04000_rep010_seed2026084710,2,47,20260825,20260824,fiducial,0.4,105.8372361949436,10,2026084710,264.593090487359,1283,3,1280,0.0001,2.0,1.358270541255402,0.4293960416120843,1.358270541255402,0.2105843954253612,0.6638792884537519,0.5192359032128244
seedpair02_ref20260825_label20260824_noise04000_rep011_seed2026084711,2,48,20260825,20260824,fiducial,0.4,105.8372361949436,11,2026084711,264.593090487359,1283,3,1280,0.0001,2.0,1.4653323762093438,0.4338615515403707,1.4653323762093438,0.2137232965523113,0.7077017865195089,0.5516683465049631
seedpair02_ref20260825_label20260824_noise08000_rep000_seed2026084700,2,49,20260825,20260824,fiducial,0.8,211.67447238988723,0,2026084700,264.593090487359,259,3,256,0.0001,1.0,1.0869947499576802,0.6537715334322505,1.0869947499576802,0.3642481649384427,0.8788503063651794,0.7044185938812768
seedpair02_ref20260825_label20260824_noise08000_rep001_seed2026084701,2,50,20260825,20260824,fiducial,0.8,211.67447238988723,1,2026084701,264.593090487359,387,3,384,0.0001,2.0,1.2246170654049406,0.6770844807362243,1.2246170654049406,0.3350478892064961,0.9056890866097674,0.717361571379976
seedpair02_ref20260825_label20260824_noise08000_rep002_seed2026084702,2,51,20260825,20260824,fiducial,0.8,211.67447238988723,2,2026084702,264.593090487359,514,3,511,0.0001,2.0,1.1965185440112238,0.6858080057310959,1.1965185440112238,0.3207980789703226,0.8668751601839592,0.6866405107183398
seedpair02_ref20260825_label20260824_noise08000_rep003_seed2026084703,2,52,20260825,20260824,fiducial,0.8,211.67447238988723,3,2026084703,264.593090487359,387,3,384,0.0001,2.0,1.1184534370110135,0.6605239259300654,1.1184534370110135,0.3374723464449241,0.9212706296624968,0.7290326893397435
seedpair02_ref20260825_label20260824_noise08000_rep004_seed2026084704,2,53,20260825,20260824,fiducial,0.8,211.67447238988723,4,2026084704,264.593090487359,643,3,640,0.0001,2.0,1.150991623255276,0.6503666807797771,1.150991623255276,0.3463830196463163,0.8931426316342975,0.7107157040750253
seedpair02_ref20260825_label20260824_noise08000_rep005_seed2026084705,2,54,20260825,20260824,fiducial,0.8,211.67447238988723,5,2026084705,264.593090487359,514,3,511,0.0001,2.0,1.2482317379414785,0.6986594355732862,1.2482317379414785,0.3402511008239367,0.943900889281174,0.7458474142298208
seedpair02_ref20260825_label20260824_noise08000_rep006_seed2026084706,2,55,20260825,20260824,fiducial,0.8,211.67447238988723,6,2026084706,264.593090487359,514,3,511,0.0001,2.0,1.2660273831996822,0.6863113103285505,1.2660273831996822,0.3545635819031454,0.9192990738466372,0.7311174900865932
seedpair02_ref20260825_label20260824_noise08000_rep007_seed2026084707,2,56,20260825,20260824,fiducial,0.8,211.67447238988723,7,2026084707,264.593090487359,643,3,640,0.0001,2.0,1.102509107630814,0.6583136198696774,1.102509107630814,0.3291092230708896,0.8993433950359828,0.7116148228215949
seedpair02_ref20260825_label20260824_noise08000_rep008_seed2026084708,2,57,20260825,20260824,fiducial,0.8,211.67447238988723,8,2026084708,264.593090487359,643,3,640,0.0001,2.0,1.127231636563512,0.6716792788574525,1.127231636563512,0.3382877213668356,0.8942007593706878,0.7097877859579027
seedpair02_ref20260825_label20260824_noise08000_rep009_seed2026084709,2,58,20260825,20260824,fiducial,0.8,211.67447238988723,9,2026084709,264.593090487359,643,3,640,0.0001,2.0,1.0706243756979068,0.6330555300330681,1.0706243756979068,0.3312669566880628,0.8860571728047599,0.702517289310615
seedpair02_ref20260825_label20260824_noise08000_rep010_seed2026084710,2,59,20260825,20260824,fiducial,0.8,211.67447238988723,10,2026084710,264.593090487359,514,3,511,0.0001,1.0,1.221579316864015,0.6870178986678116,1.221579316864015,0.3211254345834525,0.9309118069488932,0.7327950765110393
seedpair02_ref20260825_label20260824_noise08000_rep011_seed2026084711,2,60,20260825,20260824,fiducial,0.8,211.67447238988723,11,2026084711,264.593090487359,771,3,768,0.0001,2.0,1.3368870305934613,0.6878413281757251,1.3368870305934613,0.3428202576153866,0.9498794004244812,0.7506530815488608
seedpair03_ref20260905_label20260904_noise00000_rep000_seed2026085700,3,0,20260905,20260904,fiducial,0.0,0.0,0,2026085700,264.2763094307063,2050,3,2047,1e-06,2.0,0.1248084787605749,0.1248084787605749,,0.1248084787605749,0.6618541346646934,0.5078672597361187
seedpair03_ref20260905_label20260904_noise00500_rep000_seed2026085700,3,1,20260905,20260904,fiducial,0.05,13.213815471535316,0,2026085700,264.2763094307063,1795,3,1792,1e-06,2.0,7.867126373010009,0.1409785770195206,7.867126373010009,0.1329494004296383,0.6898633428500168,0.5296626208558719
seedpair03_ref20260905_label20260904_noise00500_rep001_seed2026085701,3,2,20260905,20260904,fiducial,0.05,13.213815471535316,1,2026085701,264.2763094307063,2050,3,2047,1e-06,2.0,7.757814197493606,0.1402518542247574,7.757814197493606,0.1305495787167275,0.6785094007524481,0.5209226635092078
seedpair03_ref20260905_label20260904_noise00500_rep002_seed2026085702,3,3,20260905,20260904,fiducial,0.05,13.213815471535316,2,2026085702,264.2763094307063,2050,3,2047,1e-06,2.0,7.867217967043389,0.1412066469192798,7.867217967043389,0.1341552652656281,0.699979992379738,0.5373505865835954
seedpair03_ref20260905_label20260904_noise00500_rep003_seed2026085703,3,4,20260905,20260904,fiducial,0.05,13.213815471535316,3,2026085703,264.2763094307063,1795,3,1792,1e-06,2.0,8.494367992596343,0.1471240969582642,8.494367992596343,0.1397047231894605,0.6889785503892328,0.5297432638360331
seedpair03_ref20260905_label20260904_noise00500_rep004_seed2026085704,3,5,20260905,20260904,fiducial,0.05,13.213815471535316,4,2026085704,264.2763094307063,1795,3,1792,1e-06,2.0,8.64919441024554,0.148108317314648,8.64919441024554,0.1393255717889599,0.7057999555932408,0.5422562769328362
seedpair03_ref20260905_label20260904_noise00500_rep005_seed2026085705,3,6,20260905,20260904,fiducial,0.05,13.213815471535316,5,2026085705,264.2763094307063,1539,3,1536,1e-06,2.0,8.87393974158349,0.14990158345256,8.87393974158349,0.1405522140086326,0.6785964346342268,0.5220960879401428
seedpair03_ref20260905_label20260904_noise00500_rep006_seed2026085706,3,7,20260905,20260904,fiducial,0.05,13.213815471535316,6,2026085706,264.2763094307063,1795,3,1792,1e-06,2.0,8.316124734007323,0.1450668876638755,8.316124734007323,0.1380763166966751,0.6959519575501547,0.5347664904649532
seedpair03_ref20260905_label20260904_noise00500_rep007_seed2026085707,3,8,20260905,20260904,fiducial,0.05,13.213815471535316,7,2026085707,264.2763094307063,2050,3,2047,1e-06,2.0,8.073130117013482,0.1430398093335152,8.073130117013482,0.1338297231715913,0.6795022745036573,0.5220187974291792
seedpair03_ref20260905_label20260904_noise00500_rep008_seed2026085708,3,9,20260905,20260904,fiducial,0.05,13.213815471535316,8,2026085708,264.2763094307063,2050,3,2047,1e-06,2.0,8.124887071646738,0.1433095300762708,8.124887071646738,0.1373722581624223,0.6937543882550934,0.5330484063850909
seedpair03_ref20260905_label20260904_noise00500_rep009_seed2026085709,3,10,20260905,20260904,fiducial,0.05,13.213815471535316,9,2026085709,264.2763094307063,2050,3,2047,0.0001,2.0,8.525295053131622,0.1472783898696689,8.525295053131622,0.1394386145668962,0.5921533716514804,0.4576432944936916
seedpair03_ref20260905_label20260904_noise00500_rep010_seed2026085710,3,11,20260905,20260904,fiducial,0.05,13.213815471535316,10,2026085710,264.2763094307063,2050,3,2047,0.0001,2.0,8.682554471375807,0.1484134670333994,8.682554471375807,0.1391841225595607,0.5854568651491616,0.4526405007154524
seedpair03_ref20260905_label20260904_noise00500_rep011_seed2026085711,3,12,20260905,20260904,fiducial,0.05,13.213815471535316,11,2026085711,264.2763094307063,1795,3,1792,1e-06,2.0,8.130647525327074,0.1432938366684214,8.130647525327074,0.1343541413102561,0.6816250606833342,0.5236612270172497
seedpair03_ref20260905_label20260904_noise01000_rep000_seed2026085700,3,13,20260905,20260904,fiducial,0.1,26.427630943070632,0,2026085700,264.2763094307063,2050,3,2047,0.0001,2.0,3.0605826713156947,0.174899865171525,3.0605826713156947,0.1429810495126373,0.5976313471295078,0.4621717811285998
seedpair03_ref20260905_label20260904_noise01000_rep001_seed2026085701,3,14,20260905,20260904,fiducial,0.1,26.427630943070632,1,2026085701,264.2763094307063,2050,3,2047,0.0001,2.0,2.8651484236856484,0.169785538712685,2.8651484236856484,0.1442803634555552,0.5910301256476835,0.4574501900101933
seedpair03_ref20260905_label20260904_noise01000_rep002_seed2026085702,3,15,20260905,20260904,fiducial,0.1,26.427630943070632,2,2026085702,264.2763094307063,2050,3,2047,0.0001,2.0,3.1059929878585635,0.1767329419600566,3.1059929878585635,0.1474507517741232,0.5996428138465852,0.4642604084304449
seedpair03_ref20260905_label20260904_noise01000_rep003_seed2026085703,3,16,20260905,20260904,fiducial,0.1,26.427630943070632,3,2026085703,264.2763094307063,2050,3,2047,0.0001,2.0,3.1412200916820145,0.1786810503103167,3.1412200916820145,0.1466562071957727,0.5978863374308139,0.4628514487203553
seedpair03_ref20260905_label20260904_noise01000_rep004_seed2026085704,3,17,20260905,20260904,fiducial,0.1,26.427630943070632,4,2026085704,264.2763094307063,2050,3,2047,0.0001,2.0,3.1423862851282385,0.1778594377884558,3.1423862851282385,0.1445168537487176,0.5964753356001296,0.4615182978487911
seedpair03_ref20260905_label20260904_noise01000_rep005_seed2026085705,3,18,20260905,20260904,fiducial,0.1,26.427630943070632,5,2026085705,264.2763094307063,2050,3,2047,0.0001,2.0,3.2504584404022805,0.1806128676328298,3.2504584404022805,0.1470393080069613,0.589915528846609,0.4569991969156092
seedpair03_ref20260905_label20260904_noise01000_rep006_seed2026085706,3,19,20260905,20260904,fiducial,0.1,26.427630943070632,6,2026085706,264.2763094307063,2050,3,2047,0.0001,2.0,3.0503124101488024,0.1748735084858113,3.0503124101488024,0.1444205050637609,0.5925425693274795,0.4585900230118961
seedpair03_ref20260905_label20260904_noise01000_rep007_seed2026085707,3,20,20260905,20260904,fiducial,0.1,26.427630943070632,7,2026085707,264.2763094307063,2050,3,2047,0.0001,2.0,3.0011598598511435,0.173696370089434,3.0011598598511435,0.1414560791096457,0.5805055104368032,0.4492699974799563
seedpair03_ref20260905_label20260904_noise01000_rep008_seed2026085708,3,21,20260905,20260904,fiducial,0.1,26.427630943070632,8,2026085708,264.2763094307063,2050,3,2047,0.0001,2.0,2.950441840870216,0.1717760655211694,2.950441840870216,0.1426936321971141,0.5918553532470402,0.4578498724408733
seedpair03_ref20260905_label20260904_noise01000_rep009_seed2026085709,3,22,20260905,20260904,fiducial,0.1,26.427630943070632,9,2026085709,264.2763094307063,2050,3,2047,0.0001,2.0,3.0553259232191734,0.1759713760109254,3.0553259232191734,0.1468187773946483,0.6003566566228459,0.4647040272057533
seedpair03_ref20260905_label20260904_noise01000_rep010_seed2026085710,3,23,20260905,20260904,fiducial,0.1,26.427630943070632,10,2026085710,264.2763094307063,2050,3,2047,0.0001,2.0,3.138605722349336,0.1777986336266435,3.138605722349336,0.1460869862155017,0.5874908599555081,0.4550731618823243
seedpair03_ref20260905_label20260904_noise01000_rep011_seed2026085711,3,24,20260905,20260904,fiducial,0.1,26.427630943070632,11,2026085711,264.2763094307063,1795,3,1792,0.0001,2.0,3.285512628362777,0.1810712010738924,3.285512628362777,0.1460778835347037,0.5902725528151559,0.4571321764095028
seedpair03_ref20260905_label20260904_noise02000_rep000_seed2026085700,3,25,20260905,20260904,fiducial,0.2,52.855261886141264,0,2026085700,264.2763094307063,2050,3,2047,0.0001,2.0,1.650459845168856,0.2524219956976208,1.650459845168856,0.1634588857011416,0.621136942689154,0.4824023715410585
seedpair03_ref20260905_label20260904_noise02000_rep001_seed2026085701,3,26,20260905,20260904,fiducial,0.2,52.855261886141264,1,2026085701,264.2763094307063,2050,3,2047,0.0001,2.0,1.606142882037555,0.250315630342764,1.606142882037555,0.1646876232367312,0.604942377866036,0.4706311360492948
seedpair03_ref20260905_label20260904_noise02000_rep002_seed2026085702,3,27,20260905,20260904,fiducial,0.2,52.855261886141264,2,2026085702,264.2763094307063,2050,3,2047,0.0001,2.0,1.7248419396643058,0.2594523372852795,1.7248419396643058,0.1709170061151614,0.6229408194050178,0.4848326004576873
seedpair03_ref20260905_label20260904_noise02000_rep003_seed2026085703,3,28,20260905,20260904,fiducial,0.2,52.855261886141264,3,2026085703,264.2763094307063,2050,3,2047,0.0001,2.0,1.71739397651629,0.2615399068130405,1.71739397651629,0.1690761293769208,0.6208663789145628,0.4830276083861681
seedpair03_ref20260905_label20260904_noise02000_rep004_seed2026085704,3,29,20260905,20260904,fiducial,0.2,52.855261886141264,4,2026085704,264.2763094307063,1795,3,1792,0.0001,2.0,1.7251781675104765,0.2596004543736241,1.7251781675104765,0.1660096599647638,0.6193852658204251,0.4814808562870006
seedpair03_ref20260905_label20260904_noise02000_rep005_seed2026085705,3,30,20260905,20260904,fiducial,0.2,52.855261886141264,5,2026085705,264.2763094307063,2050,3,2047,0.0001,2.0,1.7880412514931177,0.2635233855143528,1.7880412514931177,0.1724855215723285,0.6038574520155812,0.4710226386375798
seedpair03_ref20260905_label20260904_noise02000_rep006_seed2026085706,3,31,20260905,20260904,fiducial,0.2,52.855261886141264,6,2026085706,264.2763094307063,2050,3,2047,0.0001,2.0,1.6362121785832997,0.2519542962991609,1.6362121785832997,0.1656472173765214,0.6101447648096435,0.4746104268918014
seedpair03_ref20260905_label20260904_noise02000_rep007_seed2026085707,3,32,20260905,20260904,fiducial,0.2,52.855261886141264,7,2026085707,264.2763094307063,2050,3,2047,0.0001,2.0,1.670826872412819,0.2551533340537375,1.670826872412819,0.1604974663720278,0.5859892023144498,0.4560310781114793
seedpair03_ref20260905_label20260904_noise02000_rep008_seed2026085708,3,33,20260905,20260904,fiducial,0.2,52.855261886141264,8,2026085708,264.2763094307063,2050,3,2047,0.0001,2.0,1.6230981126883826,0.2502263883714918,1.6230981126883826,0.1629666769310841,0.6078692838833528,0.4725352811132525
seedpair03_ref20260905_label20260904_noise02000_rep009_seed2026085709,3,34,20260905,20260904,fiducial,0.2,52.855261886141264,9,2026085709,264.2763094307063,1795,3,1792,0.0001,2.0,1.6746686134137216,0.2576649491782991,1.6746686134137216,0.1708209437272224,0.6254776254084395,0.4866881965012457
seedpair03_ref20260905_label20260904_noise02000_rep010_seed2026085710,3,35,20260905,20260904,fiducial,0.2,52.855261886141264,10,2026085710,264.2763094307063,1795,3,1792,0.0001,2.0,1.7222163589183066,0.2595035804034933,1.7222163589183066,0.1686026746399665,0.602817084549661,0.469656810308279
seedpair03_ref20260905_label20260904_noise02000_rep011_seed2026085711,3,36,20260905,20260904,fiducial,0.2,52.855261886141264,11,2026085711,264.2763094307063,1795,3,1792,0.0001,2.0,1.835803003536744,0.2653903126057692,1.835803003536744,0.1698969711036297,0.6036226680396366,0.4704485464957506
seedpair03_ref20260905_label20260904_noise04000_rep000_seed2026085700,3,37,20260905,20260904,fiducial,0.4,105.71052377228251,0,2026085700,264.2763094307063,1539,3,1536,0.0001,2.0,1.2860457120645326,0.4207711804647981,1.2860457120645326,0.2291420444261779,0.7000470747891964,0.5509194202575036
seedpair03_ref20260905_label20260904_noise04000_rep001_seed2026085701,3,38,20260905,20260904,fiducial,0.4,105.71052377228251,1,2026085701,264.2763094307063,899,3,896,0.0001,2.0,1.3052903269226277,0.4260742892799328,1.3052903269226277,0.2279134218492501,0.6724430086854708,0.5306027863998772
seedpair03_ref20260905_label20260904_noise04000_rep002_seed2026085702,3,39,20260905,20260904,fiducial,0.4,105.71052377228251,2,2026085702,264.2763094307063,1027,3,1024,0.0001,2.0,1.330714009861811,0.4314222834932849,1.330714009861811,0.2354906947108024,0.7044795885083863,0.5552847526386081
seedpair03_ref20260905_label20260904_noise04000_rep003_seed2026085703,3,40,20260905,20260904,fiducial,0.4,105.71052377228251,3,2026085703,264.2763094307063,1283,3,1280,0.0001,2.0,1.3445385573216144,0.4413755823827274,1.3445385573216144,0.2333415562893848,0.7108817431467717,0.5595619906168255
seedpair03_ref20260905_label20260904_noise04000_rep004_seed2026085704,3,41,20260905,20260904,fiducial,0.4,105.71052377228251,4,2026085704,264.2763094307063,1283,3,1280,0.0001,2.0,1.3532259152465018,0.4345629112870635,1.3532259152465018,0.2335670098089983,0.7043944524056124,0.5548762434503213
seedpair03_ref20260905_label20260904_noise04000_rep005_seed2026085705,3,42,20260905,20260904,fiducial,0.4,105.71052377228251,5,2026085705,264.2763094307063,1539,3,1536,0.0001,2.0,1.397172822890153,0.4394383496043588,1.397172822890153,0.2428580121789853,0.6609132133614096,0.5250904611030197
seedpair03_ref20260905_label20260904_noise04000_rep006_seed2026085706,3,43,20260905,20260904,fiducial,0.4,105.71052377228251,6,2026085706,264.2763094307063,1795,3,1792,0.0001,2.0,1.265372264531239,0.4185131137913188,1.265372264531239,0.2308546386431371,0.6785899993628789,0.5356105363711265
seedpair03_ref20260905_label20260904_noise04000_rep007_seed2026085707,3,44,20260905,20260904,fiducial,0.4,105.71052377228251,7,2026085707,264.2763094307063,1283,3,1280,0.0001,2.0,1.34144563269297,0.4317938320153057,1.34144563269297,0.2251660474136255,0.6440849706687716,0.5095015951039739
seedpair03_ref20260905_label20260904_noise04000_rep008_seed2026085708,3,45,20260905,20260904,fiducial,0.4,105.71052377228251,8,2026085708,264.2763094307063,1539,3,1536,0.0001,2.0,1.2954161962828024,0.4205769005865714,1.2954161962828024,0.223102233946287,0.6706735816985722,0.5284419221456484
seedpair03_ref20260905_label20260904_noise04000_rep009_seed2026085709,3,46,20260905,20260904,fiducial,0.4,105.71052377228251,9,2026085709,264.2763094307063,899,3,896,0.0001,2.0,1.3111016896342074,0.4347149979322308,1.3111016896342074,0.2423566798635055,0.7089489440395895,0.5597890473979472
seedpair03_ref20260905_label20260904_noise04000_rep010_seed2026085710,3,47,20260905,20260904,fiducial,0.4,105.71052377228251,10,2026085710,264.2763094307063,1283,3,1280,0.0001,2.0,1.3406648764708162,0.432888219953761,1.3406648764708162,0.2313399015346953,0.6733950209612016,0.5319259556936908
seedpair03_ref20260905_label20260904_noise04000_rep011_seed2026085711,3,48,20260905,20260904,fiducial,0.4,105.71052377228251,11,2026085711,264.2763094307063,1283,3,1280,0.0001,2.0,1.4502529213577355,0.4418522001594109,1.4502529213577355,0.2377745175045722,0.6817966557400054,0.5392250621952558
seedpair03_ref20260905_label20260904_noise08000_rep000_seed2026085700,3,49,20260905,20260904,fiducial,0.8,211.42104754456503,0,2026085700,264.2763094307063,514,3,511,0.0001,2.0,1.144090264001048,0.6694296782670369,1.144090264001048,0.358340539220886,0.9751472171892596,0.774749847473993
seedpair03_ref20260905_label20260904_noise08000_rep001_seed2026085701,3,50,20260905,20260904,fiducial,0.8,211.42104754456503,1,2026085701,264.2763094307063,514,3,511,0.0001,2.0,1.1903932551832412,0.6796243178109349,1.1903932551832412,0.3421828432352574,0.888015965518018,0.7087209378744254
seedpair03_ref20260905_label20260904_noise08000_rep002_seed2026085702,3,51,20260905,20260904,fiducial,0.8,211.42104754456503,2,2026085702,264.2763094307063,771,3,768,0.0001,2.0,1.2081445425813209,0.6921942931579431,1.2081445425813209,0.3707644948887181,0.924000589933944,0.7405254093764229
seedpair03_ref20260905_label20260904_noise08000_rep003_seed2026085703,3,52,20260905,20260904,fiducial,0.8,211.42104754456503,3,2026085703,264.2763094307063,259,3,256,0.0001,1.0,1.1797656282735471,0.6999708012273712,1.1797656282735471,0.3584021891100571,0.8396462632083573,0.6776371323391384
seedpair03_ref20260905_label20260904_noise08000_rep004_seed2026085704,3,53,20260905,20260904,fiducial,0.8,211.42104754456503,4,2026085704,264.2763094307063,514,3,511,0.0001,1.0,1.224874541542059,0.6919825712946924,1.224874541542059,0.3687246603782034,0.9203879276756668,0.7375041990617466
seedpair03_ref20260905_label20260904_noise08000_rep005_seed2026085705,3,54,20260905,20260904,fiducial,0.8,211.42104754456503,5,2026085705,264.2763094307063,643,3,640,0.0001,1.0,1.2251831839544385,0.6880716835640465,1.2251831839544385,0.3666104469417518,0.8861519714945256,0.7125799351812268
seedpair03_ref20260905_label20260904_noise08000_rep006_seed2026085706,3,55,20260905,20260904,fiducial,0.8,211.42104754456503,6,2026085706,264.2763094307063,1027,3,1024,0.0001,2.0,1.1488069290152338,0.6701604074636528,1.1488069290152338,0.3792588971179537,0.90942404395703,0.7319585832074891
seedpair03_ref20260905_label20260904_noise08000_rep007_seed2026085707,3,56,20260905,20260904,fiducial,0.8,211.42104754456503,7,2026085707,264.2763094307063,514,3,511,0.0001,1.0,1.184353356921822,0.6789958574743938,1.184353356921822,0.3497051443901586,0.8796482653174041,0.7042863958531576
seedpair03_ref20260905_label20260904_noise08000_rep008_seed2026085708,3,57,20260905,20260904,fiducial,0.8,211.42104754456503,8,2026085708,264.2763094307063,1283,3,1280,0.0001,2.0,1.208099985068878,0.6774030673902027,1.208099985068878,0.3700805835209621,0.889481321081443,0.7157173614813835
seedpair03_ref20260905_label20260904_noise08000_rep009_seed2026085709,3,58,20260905,20260904,fiducial,0.8,211.42104754456503,9,2026085709,264.2763094307063,259,3,256,0.0001,1.0,1.1637708383296457,0.695843105157552,1.1637708383296457,0.3766975302626237,0.9106283449374936,0.7322535157953863
seedpair03_ref20260905_label20260904_noise08000_rep010_seed2026085710,3,59,20260905,20260904,fiducial,0.8,211.42104754456503,10,2026085710,264.2763094307063,514,3,511,0.0001,2.0,1.2092583120002542,0.6882014844601186,1.2092583120002542,0.3518140860697411,0.8806939355436106,0.7054828385342735
seedpair03_ref20260905_label20260904_noise08000_rep011_seed2026085711,3,60,20260905,20260904,fiducial,0.8,211.42104754456503,11,2026085711,264.2763094307063,387,3,384,0.0001,1.0,1.3236367536113751,0.6977423110051779,1.3236367536113751,0.3506672185403373,0.8715727601686475,0.6987088474243913
seedpair04_ref20260915_label20260914_noise00000_rep000_seed2026086700,4,0,20260915,20260914,fiducial,0.0,0.0,0,2026086700,265.0776852122761,2050,3,2047,1e-06,2.0,0.1270098190176016,0.1270098190176016,,0.1270098190176016,0.6629844663096724,0.5119467152480083
seedpair04_ref20260915_label20260914_noise00500_rep000_seed2026086700,4,1,20260915,20260914,fiducial,0.05,13.253884260613807,0,2026086700,265.0776852122761,2050,3,2047,0.0001,2.0,8.77576409433786,0.1498547024268086,8.77576409433786,0.1394011089971448,0.6205058459682747,0.4814586653634541
seedpair04_ref20260915_label20260914_noise00500_rep001_seed2026086701,4,2,20260915,20260914,fiducial,0.05,13.253884260613807,1,2026086701,265.0776852122761,2050,3,2047,1e-06,2.0,7.990398252321202,0.1429538450598991,7.990398252321202,0.1361441230884784,0.6744676054427237,0.5215536779340556
seedpair04_ref20260915_label20260914_noise00500_rep002_seed2026086702,4,3,20260915,20260914,fiducial,0.05,13.253884260613807,2,2026086702,265.0776852122761,2050,3,2047,0.0001,2.0,8.393373901482608,0.1468948240879812,8.393373901482608,0.1387610714505449,0.6187144621365602,0.4800398994195613
seedpair04_ref20260915_label20260914_noise00500_rep003_seed2026086703,4,4,20260915,20260914,fiducial,0.05,13.253884260613807,3,2026086703,265.0776852122761,2050,3,2047,0.0001,2.0,8.569040283157966,0.1483149127414602,8.569040283157966,0.1381203816564552,0.6175210919194928,0.4790688675270183
seedpair04_ref20260915_label20260914_noise00500_rep004_seed2026086704,4,5,20260915,20260914,fiducial,0.05,13.253884260613807,4,2026086704,265.0776852122761,2050,3,2047,0.0001,2.0,9.13600880705138,0.1527371267275106,9.13600880705138,0.1394936837430114,0.6142275844002278,0.4767706291969009
seedpair04_ref20260915_label20260914_noise00500_rep005_seed2026086705,4,6,20260915,20260914,fiducial,0.05,13.253884260613807,5,2026086705,265.0776852122761,2050,3,2047,0.0001,2.0,8.898466080186465,0.1509907371260601,8.898466080186465,0.1397457496946814,0.6177658255553542,0.4794495564750717
seedpair04_ref20260915_label20260914_noise00500_rep006_seed2026086706,4,7,20260915,20260914,fiducial,0.05,13.253884260613807,6,2026086706,265.0776852122761,2050,3,2047,1e-06,2.0,8.319122945729799,0.1456049503871762,8.319122945729799,0.1402118121430007,0.6830303057568278,0.5284330918963629
seedpair04_ref20260915_label20260914_noise00500_rep007_seed2026086707,4,8,20260915,20260914,fiducial,0.05,13.253884260613807,7,2026086707,265.0776852122761,2050,3,2047,0.0001,2.0,8.710907161299623,0.1490975736445442,8.710907161299623,0.140086823493199,0.6238520735101964,0.4840470353875769
seedpair04_ref20260915_label20260914_noise00500_rep008_seed2026086708,4,9,20260915,20260914,fiducial,0.05,13.253884260613807,8,2026086708,265.0776852122761,2050,3,2047,0.0001,2.0,8.398207106256866,0.1467283924529164,8.398207106256866,0.1391286367224503,0.6136657936008253,0.4763054660430532
seedpair04_ref20260915_label20260914_noise00500_rep009_seed2026086709,4,10,20260915,20260914,fiducial,0.05,13.253884260613807,9,2026086709,265.0776852122761,2050,3,2047,0.0001,2.0,8.744445606741852,0.1495441430657364,8.744445606741852,0.1400536127381594,0.6146649850094971,0.4771667142105428
seedpair04_ref20260915_label20260914_noise00500_rep010_seed2026086710,4,11,20260915,20260914,fiducial,0.05,13.253884260613807,10,2026086710,265.0776852122761,2050,3,2047,0.0001,2.0,8.214414967265531,0.1451134230249509,8.214414967265531,0.1387766096120497,0.6180085223717359,0.4795132602278714
seedpair04_ref20260915_label20260914_noise00500_rep011_seed2026086711,4,12,20260915,20260914,fiducial,0.05,13.253884260613807,11,2026086711,265.0776852122761,2050,3,2047,1e-06,2.0,8.740363865279246,0.1497317186142951,8.740363865279246,0.1396109894310514,0.6922094947082739,0.535260650369718
seedpair04_ref20260915_label20260914_noise01000_rep000_seed2026086700,4,13,20260915,20260914,fiducial,0.1,26.507768521227614,0,2026086700,265.0776852122761,2050,3,2047,0.0001,2.0,3.180236316791293,0.1795631991656175,3.180236316791293,0.1457303160479831,0.6238938514995052,0.4847760753144132
seedpair04_ref20260915_label20260914_noise01000_rep001_seed2026086701,4,14,20260915,20260914,fiducial,0.1,26.507768521227614,1,2026086701,265.0776852122761,2050,3,2047,0.0001,2.0,3.0334787735305886,0.1752807275661783,3.0334787735305886,0.1451964845543859,0.6179159436263262,0.4802401190268036
seedpair04_ref20260915_label20260914_noise01000_rep002_seed2026086702,4,15,20260915,20260914,fiducial,0.1,26.507768521227614,2,2026086702,265.0776852122761,2050,3,2047,0.0001,2.0,2.9919411932197817,0.1749630187834693,2.9919411932197817,0.1442637401722652,0.6206094504302272,0.4821361268940208
seedpair04_ref20260915_label20260914_noise01000_rep003_seed2026086703,4,16,20260915,20260914,fiducial,0.1,26.507768521227614,3,2026086703,265.0776852122761,2050,3,2047,0.0001,2.0,3.091281255914597,0.177592697974901,3.091281255914597,0.1430163969763509,0.6178493843824466,0.4799160893100359
seedpair04_ref20260915_label20260914_noise01000_rep004_seed2026086704,4,17,20260915,20260914,fiducial,0.1,26.507768521227614,4,2026086704,265.0776852122761,2050,3,2047,0.0001,2.0,3.3831181784431967,0.1848206955431535,3.3831181784431967,0.1461283580442942,0.611772595545792,0.4757689416647959
seedpair04_ref20260915_label20260914_noise01000_rep005_seed2026086705,4,18,20260915,20260914,fiducial,0.1,26.507768521227614,5,2026086705,265.0776852122761,2050,3,2047,0.0001,2.0,3.2853500025142672,0.1827357241708512,3.2853500025142672,0.1467108195505068,0.6189199994327913,0.4811831416942878
seedpair04_ref20260915_label20260914_noise01000_rep006_seed2026086706,4,19,20260915,20260914,fiducial,0.1,26.507768521227614,6,2026086706,265.0776852122761,2050,3,2047,0.0001,2.0,2.997392129164833,0.1736414726281065,2.997392129164833,0.1456230514558938,0.6212848099363737,0.4828121787191278
seedpair04_ref20260915_label20260914_noise01000_rep007_seed2026086707,4,20,20260915,20260914,fiducial,0.1,26.507768521227614,7,2026086707,265.0776852122761,2050,3,2047,0.0001,2.0,3.0707390159026016,0.176023127102067,3.0707390159026016,0.1464749272565407,0.630271576625397,0.4896380272968271
seedpair04_ref20260915_label20260914_noise01000_rep008_seed2026086708,4,21,20260915,20260914,fiducial,0.1,26.507768521227614,8,2026086708,265.0776852122761,2050,3,2047,0.0001,2.0,3.025254042540933,0.1754227746853963,3.025254042540933,0.1452144066839582,0.6105217990123304,0.4747171804671695
seedpair04_ref20260915_label20260914_noise01000_rep009_seed2026086709,4,22,20260915,20260914,fiducial,0.1,26.507768521227614,9,2026086709,265.0776852122761,2050,3,2047,0.0001,2.0,3.1790613700224037,0.1794305060644631,3.1790613700224037,0.147176739710912,0.612542899972334,0.4764795841847923
seedpair04_ref20260915_label20260914_noise01000_rep010_seed2026086710,4,23,20260915,20260914,fiducial,0.1,26.507768521227614,10,2026086710,265.0776852122761,2050,3,2047,0.0001,2.0,2.908639858629292,0.1720287013807784,2.908639858629292,0.14430158755423,0.6185478658571222,0.4805994889405379
seedpair04_ref20260915_label20260914_noise01000_rep011_seed2026086711,4,24,20260915,20260914,fiducial,0.1,26.507768521227614,11,2026086711,265.0776852122761,2050,3,2047,0.0001,2.0,3.176919799716835,0.1799172155092958,3.176919799716835,0.1477096655052064,0.6246142813169582,0.4855654013771661
seedpair04_ref20260915_label20260914_noise02000_rep000_seed2026086700,4,25,20260915,20260914,fiducial,0.2,53.01553704245524,0,2026086700,265.0776852122761,2050,3,2047,0.0001,2.0,1.757652491739396,0.2624543637510467,1.757652491739396,0.1688386141156188,0.6388006621836064,0.4989873191687379
seedpair04_ref20260915_label20260914_noise02000_rep001_seed2026086701,4,26,20260915,20260914,fiducial,0.2,53.01553704245524,1,2026086701,265.0776852122761,1795,3,1792,0.0001,2.0,1.6943903230169282,0.2574458327453478,1.6943903230169282,0.1688527063146987,0.628384580122451,0.4912465090943603
seedpair04_ref20260915_label20260914_noise02000_rep002_seed2026086702,4,27,20260915,20260914,fiducial,0.2,53.01553704245524,2,2026086702,265.0776852122761,2050,3,2047,0.0001,2.0,1.6664049028097585,0.2577695473687744,1.6664049028097585,0.1654658931955559,0.6334831899456527,0.4945562515998207
seedpair04_ref20260915_label20260914_noise02000_rep003_seed2026086703,4,28,20260915,20260914,fiducial,0.2,53.01553704245524,3,2026086703,265.0776852122761,2050,3,2047,0.0001,2.0,1.7275818060143109,0.2617876609828893,1.7275818060143109,0.1632424614923106,0.6265731213405218,0.489102990319089
seedpair04_ref20260915_label20260914_noise02000_rep004_seed2026086704,4,29,20260915,20260914,fiducial,0.2,53.01553704245524,4,2026086704,265.0776852122761,2050,3,2047,0.0001,2.0,1.8818529278605,0.2705333702307054,1.8818529278605,0.1702849398967798,0.6166158819550569,0.4827168003444257
seedpair04_ref20260915_label20260914_noise02000_rep005_seed2026086705,4,30,20260915,20260914,fiducial,0.2,53.01553704245524,5,2026086705,265.0776852122761,2050,3,2047,0.0001,2.0,1.853972027399558,0.2702534126270296,1.853972027399558,0.1716312093360154,0.6309674871290514,0.4935677609080345
seedpair04_ref20260915_label20260914_noise02000_rep006_seed2026086706,4,31,20260915,20260914,fiducial,0.2,53.01553704245524,6,2026086706,265.0776852122761,2050,3,2047,0.0001,2.0,1.6429770225738192,0.2519578170263955,1.6429770225738192,0.168381252531395,0.6335412679492951,0.4950116627203905
seedpair04_ref20260915_label20260914_noise02000_rep007_seed2026086707,4,32,20260915,20260914,fiducial,0.2,53.01553704245524,7,2026086707,265.0776852122761,1795,3,1792,0.0001,2.0,1.6233892801851737,0.2513504736138168,1.6233892801851737,0.1688210740073102,0.6522373690028168,0.5089820296318396
seedpair04_ref20260915_label20260914_noise02000_rep008_seed2026086708,4,33,20260915,20260914,fiducial,0.2,53.01553704245524,8,2026086708,265.0776852122761,2050,3,2047,0.0001,2.0,1.7139575744043614,0.2598584035804548,1.7139575744043614,0.1679672707474495,0.6136453780066823,0.4801708965154532
seedpair04_ref20260915_label20260914_noise02000_rep009_seed2026086709,4,34,20260915,20260914,fiducial,0.2,53.01553704245524,9,2026086709,265.0776852122761,1795,3,1792,0.0001,2.0,1.7696793116652487,0.2630829328941436,1.7696793116652487,0.1728866948772649,0.6205076827284052,0.4859902055503255
seedpair04_ref20260915_label20260914_noise02000_rep010_seed2026086710,4,35,20260915,20260914,fiducial,0.2,53.01553704245524,10,2026086710,265.0776852122761,2050,3,2047,0.0001,2.0,1.6309323680325791,0.2536663286962713,1.6309323680325791,0.1655596299270714,0.6268633038908346,0.4896451121789357
seedpair04_ref20260915_label20260914_noise02000_rep011_seed2026086711,4,36,20260915,20260914,fiducial,0.2,53.01553704245524,11,2026086711,265.0776852122761,2050,3,2047,0.0001,2.0,1.7288529209659584,0.2616677074552366,1.7288529209659584,0.1711815593574747,0.6399388155715725,0.5001676271890348
seedpair04_ref20260915_label20260914_noise04000_rep000_seed2026086700,4,37,20260915,20260914,fiducial,0.4,106.03107408491049,0,2026086700,265.0776852122761,1539,3,1536,0.0001,2.0,1.389741737228651,0.4393771446782818,1.389741737228651,0.2390350532109395,0.7123318161054681,0.5645347606616267
seedpair04_ref20260915_label20260914_noise04000_rep001_seed2026086701,4,38,20260915,20260914,fiducial,0.4,106.03107408491049,1,2026086701,265.0776852122761,1539,3,1536,0.0001,2.0,1.3528976928058822,0.4328791592333052,1.3528976928058822,0.2363162586482676,0.6915594169441825,0.5488331875807289
seedpair04_ref20260915_label20260914_noise04000_rep002_seed2026086702,4,39,20260915,20260914,fiducial,0.4,106.03107408491049,2,2026086702,265.0776852122761,899,3,896,0.0001,2.0,1.3010652598248664,0.43140345496151,1.3010652598248664,0.2453857956738531,0.7268496652955229,0.5763036012269488
seedpair04_ref20260915_label20260914_noise04000_rep003_seed2026086703,4,40,20260915,20260914,fiducial,0.4,106.03107408491049,3,2026086703,265.0776852122761,2050,3,2047,0.0001,2.0,1.389527096994513,0.4440942964582267,1.389527096994513,0.229788968430856,0.6741553689496091,0.5349164848287324
seedpair04_ref20260915_label20260914_noise04000_rep004_seed2026086704,4,41,20260915,20260914,fiducial,0.4,106.03107408491049,4,2026086704,265.0776852122761,2050,3,2047,0.0001,2.0,1.4750153184995023,0.4498603309545539,1.4750153184995023,0.2443310651084147,0.6633176489494952,0.5297218386304454
seedpair04_ref20260915_label20260914_noise04000_rep005_seed2026086705,4,42,20260915,20260914,fiducial,0.4,106.03107408491049,5,2026086705,265.0776852122761,1027,3,1024,0.0001,2.0,1.463168226574777,0.4532160540703862,1.463168226574777,0.2412001066224867,0.7017999225252883,0.5572107403779245
seedpair04_ref20260915_label20260914_noise04000_rep006_seed2026086706,4,43,20260915,20260914,fiducial,0.4,106.03107408491049,6,2026086706,265.0776852122761,1027,3,1024,0.0001,2.0,1.2821765922206851,0.417504766819228,1.2821765922206851,0.2362389738110426,0.7173163675157742,0.5676988965490425
seedpair04_ref20260915_label20260914_noise04000_rep007_seed2026086707,4,44,20260915,20260914,fiducial,0.4,106.03107408491049,7,2026086707,265.0776852122761,1795,3,1792,0.0001,2.0,1.238173870040407,0.4138057814872702,1.238173870040407,0.2325974655714731,0.719117593462461,0.5683919919502718
seedpair04_ref20260915_label20260914_noise04000_rep008_seed2026086708,4,45,20260915,20260914,fiducial,0.4,106.03107408491049,8,2026086708,265.0776852122761,899,3,896,0.0001,2.0,1.38779267006503,0.4402755790930892,1.38779267006503,0.2452155871342884,0.6867087007016669,0.5469280678075744
seedpair04_ref20260915_label20260914_noise04000_rep009_seed2026086709,4,46,20260915,20260914,fiducial,0.4,106.03107408491049,9,2026086709,265.0776852122761,1539,3,1536,0.0001,2.0,1.39978505444498,0.4402515807947049,1.39978505444498,0.2442383321733274,0.6695980108630449,0.5342742424151514
seedpair04_ref20260915_label20260914_noise04000_rep010_seed2026086710,4,47,20260915,20260914,fiducial,0.4,106.03107408491049,10,2026086710,265.0776852122761,1027,3,1024,0.0001,2.0,1.3320843557198845,0.432633414131073,1.3320843557198845,0.2349697109084056,0.7004120942992597,0.5550765656857461
seedpair04_ref20260915_label20260914_noise04000_rep011_seed2026086711,4,48,20260915,20260914,fiducial,0.4,106.03107408491049,11,2026086711,265.0776852122761,1539,3,1536,0.0001,2.0,1.3413855657900249,0.4363991812836518,1.3413855657900249,0.2413725063964085,0.71299265862184,0.5654354751652295
seedpair04_ref20260915_label20260914_noise08000_rep000_seed2026086700,4,49,20260915,20260914,fiducial,0.8,212.06214816982092,0,2026086700,265.0776852122761,643,3,640,0.0001,2.0,1.2541628552397384,0.6945409945470943,1.2541628552397384,0.3921160570718921,0.9341058627844492,0.7558417964017392
seedpair04_ref20260915_label20260914_noise08000_rep001_seed2026086701,4,50,20260915,20260914,fiducial,0.8,212.06214816982092,1,2026086701,265.0776852122761,387,3,384,0.0001,2.0,1.2582195368167246,0.6946381432465624,1.2582195368167246,0.3734067561040163,0.9204070232989529,0.74198171043143
seedpair04_ref20260915_label20260914_noise08000_rep002_seed2026086702,4,51,20260915,20260914,fiducial,0.8,212.06214816982092,2,2026086702,265.0776852122761,899,3,896,0.0001,2.0,1.1803362709393368,0.6861982846460144,1.1803362709393368,0.3772540030787981,0.9601523429923045,0.7714692686330923
seedpair04_ref20260915_label20260914_noise08000_rep003_seed2026086703,4,52,20260915,20260914,fiducial,0.8,212.06214816982092,3,2026086703,265.0776852122761,387,3,384,0.0001,2.0,1.2518637121290197,0.7042025675188112,1.2518637121290197,0.3668912028177681,0.8292920368817828,0.6752094964085691
seedpair04_ref20260915_label20260914_noise08000_rep004_seed2026086704,4,53,20260915,20260914,fiducial,0.8,212.06214816982092,4,2026086704,265.0776852122761,514,3,511,0.0001,1.0,1.2953645415493793,0.7009163767219203,1.2953645415493793,0.3906621279601169,0.9163066006903936,0.7427568268700785
seedpair04_ref20260915_label20260914_noise08000_rep005_seed2026086705,4,54,20260915,20260914,fiducial,0.8,212.06214816982092,5,2026086705,265.0776852122761,514,3,511,0.0001,2.0,1.265234302186346,0.7039661285709402,1.265234302186346,0.3678323285521286,0.9995567881895868,0.7981726688679744
seedpair04_ref20260915_label20260914_noise08000_rep006_seed2026086706,4,55,20260915,20260914,fiducial,0.8,212.06214816982092,6,2026086706,265.0776852122761,514,3,511,0.0001,2.0,1.1719433409487636,0.6645947450393366,1.1719433409487636,0.3877442269077259,0.9265085906087516,0.7494375844008531
seedpair04_ref20260915_label20260914_noise08000_rep007_seed2026086707,4,56,20260915,20260914,fiducial,0.8,212.06214816982092,7,2026086707,265.0776852122761,1795,3,1792,0.0001,2.0,1.1343000258649978,0.6658511690119945,1.1343000258649978,0.3936765044115705,0.9256294745300448,0.7501024601360151
seedpair04_ref20260915_label20260914_noise08000_rep008_seed2026086708,4,57,20260915,20260914,fiducial,0.8,212.06214816982092,8,2026086708,265.0776852122761,899,3,896,0.0001,2.0,1.2634323898213329,0.6959996736574976,1.2634323898213329,0.3812951546624932,0.8860857195855109,0.7190384047355229
seedpair04_ref20260915_label20260914_noise08000_rep009_seed2026086709,4,58,20260915,20260914,fiducial,0.8,212.06214816982092,9,2026086709,265.0776852122761,259,3,256,0.0001,1.0,1.271224924726133,0.6980578843401394,1.271224924726133,0.3918444420925243,0.8421520582954493,0.6901658865301314
seedpair04_ref20260915_label20260914_noise08000_rep010_seed2026086710,4,59,20260915,20260914,fiducial,0.8,212.06214816982092,10,2026086710,265.0776852122761,643,3,640,0.0001,2.0,1.2068562394742444,0.6862777410629867,1.2068562394742444,0.3549199964303964,0.9455481756901712,0.7564023784132384
seedpair04_ref20260915_label20260914_noise08000_rep011_seed2026086711,4,60,20260915,20260914,fiducial,0.8,212.06214816982092,11,2026086711,265.0776852122761,514,3,511,0.0001,2.0,1.174765489323212,0.6854426604573582,1.174765489323212,0.3725856334082852,0.913542686527792,0.7368632274458026
