noise_fraction,n_basis,n_seed_pairs,validation_observed_nrmse_mean,validation_observed_nrmse_std_between_seeds,validation_observed_nrmse_sem_between_seeds,test_hidden_nrmse_3d_mean,test_hidden_nrmse_3d_std_between_seeds,test_latent_nrmse_radial_mean,test_hidden_nrmse_tangential_mean,effective_degrees_of_freedom_mean,within_basis_selector_agreement_mean
0.0,3,5,0.967824591480109,0.004755071875479942,0.0021265327902941127,1.0814123612756044,0.013175444811492434,0.9604496403787536,1.164794880174447,2.9999999968220017,1.0
0.0,6,5,0.9372264149177714,0.008367186637060518,0.0037419196201790355,0.9626367234152987,0.012892599259051837,0.9338786220846605,0.9839542868189483,5.724312087697233,0.4
0.0,11,5,0.9254551598632649,0.00988618770380342,0.0044212375488054,0.9634644268047656,0.015464396743662788,0.920011629470611,0.9952482545671778,10.734199089713467,0.4
0.0,19,5,0.6749686081752944,0.009691315933175406,0.004334088243601403,0.8471975419898454,0.02156366455481171,0.6779604547074525,0.9558579592571101,18.126393832672818,0.2
0.0,35,5,0.5825288570069533,0.0158330508742488,0.007080755609206558,0.7274832177926533,0.029241418862359498,0.5827076131409116,0.820965983672974,34.07788006320276,0.2
0.0,67,5,0.5232381246523564,0.010293569046429455,0.00460342402378079,0.6924846147555144,0.024532339982998218,0.5200399016402685,0.7993730769699374,64.29069747316672,0.4
0.0,131,5,0.4386031365248012,0.008617300700195727,0.003853774029638836,0.6967625537055386,0.028141215063691827,0.45288322327097763,0.8361324787177123,126.00776540069856,0.8
0.0,259,5,0.3104684411211277,0.009942777674328041,0.004446545352992953,0.5973383901662058,0.02383431169200619,0.31866668135674225,0.7426114416814822,239.59531204193132,0.8
0.0,387,5,0.26553922840857636,0.01246586968225289,0.005574906401634233,0.5748098149007415,0.02687496453355355,0.27164870964462823,0.7253753763988555,342.9837836721262,0.8
0.0,514,5,0.23304527116367763,0.01021929771890563,0.004570208876356305,0.5598141372703672,0.04870384982035648,0.23305358303594778,0.714855296653106,456.63690965579445,0.6
0.0,643,5,0.2045329838421846,0.010634190128096056,0.0047557544024159955,0.5342072607543401,0.05599292625383917,0.2041991662061967,0.6865528178158737,555.9099849377683,0.6
0.0,771,5,0.18325695874086195,0.009802246648460675,0.0043836979676355105,0.5293662429488475,0.056110996197912925,0.17767755316805883,0.6858425577226284,688.1286951485929,0.4
0.0,899,5,0.16817107836850248,0.003527351334329735,0.001577479472817175,0.5462047175963155,0.019119135677295715,0.15923306486098354,0.7116034858513596,892.5704216573265,0.0
0.0,1027,5,0.15371194492033896,0.0037241174825604286,0.0016654759694401011,0.5271163058941644,0.00906670940447007,0.14470781656450474,0.6881512419498911,1016.9856604699302,0.0
0.0,1283,5,0.13816268617015226,0.008271224147895594,0.0036990038903664643,0.5177921882768779,0.019073172620982605,0.1368639703899687,0.6766945124480346,1262.1818198824467,0.0
0.0,1539,5,0.1301118806073296,0.006802751394073413,0.003042282910235922,0.5146841622729464,0.02117643738998577,0.13043839184589617,0.6735235016375923,1499.3650083853163,0.0
0.0,1795,5,0.12993831647878862,0.004935678441744999,0.0022073025021644107,0.4970181756947355,0.03612896435661685,0.12446595955166642,0.6509065372112957,1560.4472516363815,0.2
0.0,2050,5,0.129355928939273,0.0071200401567530274,0.0031841787586056056,0.49504011226909617,0.037015715163072394,0.12336011387864369,0.6484042798382063,1732.9192793556224,0.2
0.05,3,5,0.9679360234320958,0.004817798381232503,0.0021545849364648646,1.081407866543703,0.013210059339314333,0.9604559909227905,1.1647832968707696,2.9999999968220017,1.0
0.05,6,5,0.9373262623049593,0.00844628821822814,0.00377729492270274,0.9612296175506266,0.010644430521053898,0.9337153776506344,0.9816733723587587,5.789638800067779,0.4
0.05,11,5,0.9255684111288609,0.009946328235704986,0.004448133212312379,0.9629197443153237,0.013952972809855501,0.9199839094456213,0.9943668741240289,10.874352601176435,0.5333333333333333
0.05,19,5,0.6759630675838584,0.009802294216473965,0.004383719240697765,0.84715563325543,0.021514264152486216,0.6779735490932229,0.9557846137484095,18.122221084338186,0.23333333333333334
0.05,35,5,0.5839631093473096,0.015691327712909757,0.0070173750846585035,0.7276230300065538,0.029296499413974563,0.5827401041700471,0.8211668690387232,34.081820925046244,0.2
0.05,67,5,0.5249979730318661,0.010310090570838917,0.0046108126741150855,0.6924505686315156,0.024619338588585327,0.5200568198788096,0.7993121808666158,64.28922526077562,0.3833333333333333
0.05,131,5,0.4412052265654897,0.0085576260505979,0.0038270867150319915,0.6966823848934586,0.028398248989603,0.45291841772668107,0.8360016576727046,126.00776540069856,0.8
0.05,259,5,0.31433969393178274,0.01024494921158985,0.004581680572629556,0.5966058740998244,0.02217004394030141,0.31884454025877906,0.7415221325538237,238.8031392444991,0.8333333333333334
0.05,387,5,0.2705062330808897,0.012641251036143566,0.005653339327491333,0.5757785622775221,0.02542982397187167,0.2718875319772187,0.7266687601965656,343.870820642598,0.7833333333333333
0.05,514,5,0.23875574538633387,0.010361704724346851,0.004633895225284055,0.5592547424807207,0.04430256648169115,0.23383164084769814,0.7138720401894019,455.08644673351546,0.6166666666666666
0.05,643,5,0.21151670350187715,0.010955968714229623,0.004899658160875681,0.5381008403235648,0.05449594713203209,0.2050179396634925,0.6916902725759668,562.9590400708578,0.55
0.05,771,5,0.19144326082790192,0.009433706014167499,0.004218881585485424,0.5309837115742139,0.05762841310056378,0.1790119025059139,0.6877909994684761,688.1113380176114,0.4
0.05,899,5,0.17799459206606888,0.0036861103510241466,0.0016484786634911206,0.5387944245987601,0.037213169254230245,0.16274154505967542,0.7011472887881754,849.1216681488756,0.16666666666666669
0.05,1027,5,0.16504928440529285,0.0039084871550335845,0.0017479285935679708,0.5269493393589046,0.01742703046947839,0.14782331781997662,0.6875270741989638,995.1598764909995,0.06666666666666667
0.05,1283,5,0.151685917239783,0.007442353429121713,0.0033283216360189623,0.5157383931281093,0.02658181154564421,0.14260217212939322,0.672811393757429,1189.6964801981374,0.15
0.05,1539,5,0.14588689374844985,0.006785744649393234,0.00303467726279975,0.5027031776946618,0.01668705090063039,0.13559328934462808,0.6566774131565313,1315.6249117948805,0.2833333333333333
0.05,1795,5,0.14487356538851254,0.006725097905221933,0.003007555214283536,0.4762124845535151,0.025588834364764973,0.13129412840141397,0.6218583532242408,1219.5545548883329,0.6166666666666666
0.05,2050,5,0.1446283014164549,0.006712333853070686,0.0030018469566278276,0.46416260990525104,0.021787278070900768,0.1306005334055845,0.6055625647608729,1126.282440255501,0.8166666666666668
0.1,3,5,0.968210035736217,0.004860627487798375,0.002173738695204239,1.0814053768788021,0.013244842506902842,0.9604642367042061,1.1647736607272052,2.9999999968220017,1.0
0.1,6,5,0.9377498231425943,0.008488848035684516,0.0037963282516912276,0.9612490798450224,0.010643013693769273,0.9337181467934462,0.9817022118328907,5.789638800067779,0.4
0.1,11,5,0.9260705382102078,0.00995537588807697,0.0044521794454604885,0.9635522310149739,0.013255601273134543,0.9200728901119384,0.9953948797023486,10.814430120373254,0.4833333333333333
0.1,19,5,0.678960895946113,0.009836820775750193,0.004399159987411929,0.8471644884481639,0.021451445937687642,0.6780502943220915,0.9557549149339384,18.085941394581752,0.25
0.1,35,5,0.5882219799171483,0.015370556656896319,0.006873921907366416,0.7277640718381283,0.02942278183247414,0.5828188244300516,0.8213458070640917,34.067963439139454,0.23333333333333334
0.1,67,5,0.5302316522367374,0.01022263378743081,0.004571700811556285,0.6925979641937009,0.02469876846099556,0.5201472517734916,0.7994907371554196,64.28922526077562,0.35
0.1,131,5,0.44847764314752936,0.008356207896447225,0.0037370097781153034,0.6972486714573266,0.02898662087957305,0.45313935787774273,0.8367432729248167,126.1064567480121,0.7833333333333333
0.1,259,5,0.32562350661255957,0.010511639616983367,0.004700948147710932,0.5964591617055611,0.01948313675945341,0.31929791898276655,0.7411806907687671,237.998681186162,0.8666666666666668
0.1,387,5,0.2844582403746003,0.012651871942688844,0.005658089141294916,0.5760593174012627,0.021377290286005966,0.27303516407668704,0.7266609126956551,342.1013390537789,0.8166666666666668
0.1,514,5,0.25488959246032383,0.010363105325302938,0.004634521593073488,0.552840027695061,0.03282088479895468,0.23604374680397305,0.7043950996033441,441.18863751667334,0.7666666666666667
0.1,643,5,0.23063427428734004,0.010974666571692252,0.004908020096939689,0.5307602756496193,0.04388140982897889,0.20799222005579376,0.6809086426059869,541.8202728758995,0.7
0.1,771,5,0.21363408478634702,0.008720094307289478,0.0038997447282616425,0.5246983783857866,0.050107201605064544,0.18359282886725709,0.67820103979785,658.6045052945555,0.55
0.1,899,5,0.20276361113150712,0.004784315140009816,0.0021396107757686742,0.5177904611600848,0.03756310063594772,0.17091186102398645,0.6709774611952273,753.6682921595321,0.5333333333333333
0.1,1027,5,0.1924689138607624,0.005284747621942365,0.0023634109853186975,0.4982471508662686,0.02045467502061587,0.15907874407268383,0.6465851016217681,813.5380572377532,0.6166666666666667
0.1,1283,5,0.1828570937973378,0.006878803609003018,0.0030762944947203266,0.4785745472366541,0.02014062860019902,0.14926477146281597,0.621744593304008,891.6717436938332,0.7666666666666666
0.1,1539,5,0.1763766303435998,0.007133710888000354,0.003190292495479836,0.4596594197715927,0.016000515350220797,0.14228087114772964,0.5973379790249864,862.2040657184023,0.9833333333333332
0.1,1795,5,0.17406734573635593,0.007127005575541235,0.0031872937885860427,0.45534669711216924,0.016149963129547727,0.13862537957353158,0.5921451290243158,906.1304258311993,1.0
0.1,2050,5,0.17346157462710518,0.006616111479031506,0.0029588150027662244,0.4540075415841292,0.01593507735101204,0.13685681486104342,0.590647244595457,945.9830511632256,1.0
0.2,3,5,0.9692106269276133,0.0048847429389336,0.0021845234528135265,1.0814064123672982,0.01331491421004156,0.9604864138303153,1.164760229693802,2.9999999968220017,1.0
0.2,6,5,0.9395051032686859,0.0084494479964505,0.003778708018482544,0.9607835160460741,0.010315436647860962,0.9336960080372252,0.9809036137864254,5.81164397976566,0.4
0.2,11,5,0.9281758909535018,0.009834193046321188,0.004397984831085983,0.9638732483259359,0.013046647447822489,0.9201371763490809,0.9958951979930752,10.792848198166997,0.45
0.2,19,5,0.6904083143517238,0.009708208818686524,0.0043416429716692,0.8476843442823416,0.020933777791745784,0.6782051865556329,0.9564892184293914,17.985423880742417,0.23333333333333334
0.2,35,5,0.6043696367276646,0.014313918945839887,0.006401379157464023,0.7283674808377473,0.029500439146600325,0.5830602261658877,0.8221543565698077,34.06144434920391,0.25
0.2,67,5,0.5499713529879937,0.00983982124053071,0.004400501836054596,0.6934171071328852,0.024831478478649728,0.520539863385219,0.8005454575037133,64.28639705947252,0.38333333333333336
0.2,131,5,0.4750985733775578,0.00775406716579842,0.0034677242569648796,0.6988314448561378,0.028968397638118797,0.45423701327792687,0.8386220235489923,125.29899382963431,0.7166666666666667
0.2,259,5,0.36593044683619147,0.01084922587163441,0.004851921310444789,0.5995065552085248,0.017839359909895262,0.3216870101620458,0.7447304295377586,236.80427935956126,0.9166666666666667
0.2,387,5,0.3324852464719913,0.01224812924941261,0.005477529919778014,0.5791232119600463,0.018973541030417474,0.2771762296067297,0.7297164336293538,337.6498079838715,0.9
0.2,514,5,0.30901359061111605,0.009961585500233275,0.00445495646843957,0.5513353912478506,0.02382585404951468,0.24247799106973938,0.7005867274408774,424.0518489452538,0.9333333333333332
0.2,643,5,0.29124847839614615,0.010650946139528893,0.0047632479185351125,0.5172267458515931,0.018831363271474864,0.21646693032622827,0.6601126702455384,499.61193630647796,0.9833333333333332
0.2,771,5,0.2797903566760208,0.0084107151983231,0.003761386184568215,0.5022849840692704,0.02198102592190529,0.19544550435340116,0.6446077388298568,576.7089249578873,0.9666666666666668
0.2,899,5,0.2727807878316014,0.00611271510901783,0.002733689302170781,0.49125089055337146,0.016807988502063505,0.18430888528191383,0.6319452749109311,632.2118907249253,1.0
0.2,1027,5,0.2658246695670487,0.006466518912292276,0.0028919151731347055,0.480044499166776,0.016933209463722107,0.17353461490350824,0.6189437322023517,687.1878726354024,1.0
0.2,1283,5,0.25968806892223717,0.007327757282656693,0.003277072681327901,0.4722899838625637,0.016999084088536634,0.16387408006423504,0.6103537183993243,779.1120814896718,1.0
0.2,1539,5,0.25561283961463643,0.007121459904478477,0.0031848136890906065,0.4710957838714992,0.016415536298320918,0.15926036822768702,0.6096383269280057,851.4162873105863,1.0
0.2,1795,5,0.25451917659599677,0.006901716009162852,0.0030865412315773397,0.4680520968977445,0.01723484100267503,0.1568561308684745,0.6059819203565869,906.1304258311993,1.0
0.2,2050,5,0.2544519735776653,0.006473602424653192,0.0028950830161663995,0.4665963582727155,0.01705181190063803,0.15577131656872556,0.6042178183797432,945.9830511632256,1.0
0.4,3,5,0.972588659977375,0.004703077817602877,0.002103280340726278,1.0814325393174762,0.01345707513204564,0.9605535083287033,1.164756730902043,2.9999999968220017,1.0
0.4,6,5,0.9457939269560647,0.007907424863864755,0.0035363079045147225,0.9607828474280753,0.011247851453453387,0.9337886645456372,0.9807699479793011,5.810966394434326,0.35
0.4,11,5,0.9357803300346786,0.009102101925377283,0.004070583728655064,0.9645038932207489,0.012887701395559132,0.9203158707594239,0.9968302315263353,10.774543458348182,0.45
0.4,19,5,0.7289264116142049,0.008944667556851908,0.0040001769386515664,0.848664417571543,0.02030963361543332,0.6784312472626411,0.9579002289762132,18.01353888412149,0.3
0.4,35,5,0.6573933202890593,0.01150051399515722,0.005143186213871846,0.7293101331527057,0.02796376681660789,0.5843694436802375,0.8228861928572032,33.81349311883478,0.3
0.4,67,5,0.6137176590176981,0.008908932809738252,0.003984195873910586,0.6960462138428989,0.023504969586966046,0.5227677440351628,0.8034138603542106,63.29409186261014,0.55
0.4,131,5,0.5572400810214632,0.00664183772312503,0.0029703201288859985,0.706453971345223,0.027423718453583282,0.4584096559528552,0.8481057625151756,123.58411801451128,0.6
0.4,259,5,0.48054103974072193,0.010702913685397357,0.004786488511572257,0.616580942145493,0.01800416478340866,0.33195701345575734,0.7655952325003136,233.35031138553148,0.9166666666666667
0.4,387,5,0.4616267420462264,0.010885598662870786,0.004868187717191978,0.6030537166997221,0.019689376772961755,0.29313192131884414,0.7585285862712893,330.0148260225736,0.8666666666666668
0.4,514,5,0.4487702146653108,0.009230669180240575,0.004128080752966037,0.5836723740805385,0.025958951568339463,0.2648909348485671,0.7395685698845653,418.48309992642555,0.9
0.4,643,5,0.4405333505262539,0.010002688119260195,0.004473338118479064,0.5597336029140929,0.02307901654271417,0.24556808727763837,0.7115277677391935,499.58439087492826,0.9166666666666666
0.4,771,5,0.43595389713991295,0.00864668322378019,0.0038669142936559055,0.5428214171366064,0.021119729729174908,0.2300873535911681,0.6920425757392794,570.1618216810285,1.0
0.4,899,5,0.4338182171447021,0.006968856498757905,0.0031165673713327707,0.5383345355563606,0.019850998430628066,0.22362949641589994,0.6874429990113191,632.2118907249253,1.0
0.4,1027,5,0.4311784468034799,0.007372541989876856,0.003297101011267243,0.5289126829997095,0.019691145043873454,0.21755265757421935,0.6759247274225186,687.1878726354024,1.0
0.4,1283,5,0.42992911059904254,0.007815920355741827,0.0034953858444326125,0.5223920031058195,0.01964829929365513,0.21435566212790552,0.6676869033080519,779.1120814896718,1.0
0.4,1539,5,0.4292566052365382,0.00762021543969773,0.003407863945271515,0.5211900171802529,0.01849915561538366,0.21421473544986366,0.6660442706938106,851.4162873105863,1.0
0.4,1795,5,0.4296930226529464,0.007220560817732888,0.0032291329648244413,0.518197732995463,0.019327651740845553,0.21473288214795772,0.6617950904004204,906.1304258311993,1.0
0.4,2050,5,0.43037188786620667,0.006905230926350093,0.00308811315033053,0.5163816083502992,0.019186684386257515,0.21532905581148407,0.6591440121081914,945.9830511632256,1.0
0.8,3,5,0.9809638722501323,0.0038030914780340587,0.0017007942139068606,1.0815809814226296,0.013749433929390483,0.9607786277886655,1.1648431701868045,2.9999999968220017,1.0
0.8,6,5,0.9618718796044495,0.0059773783698290495,0.0026731648724349264,0.9632986879089481,0.010425101440345473,0.9342499254092622,0.9847445061655435,5.743596652626197,0.4166666666666667
0.8,11,5,0.9551998903588652,0.0066705769797774,0.002983172715185501,0.9667744611618362,0.012977190500998515,0.9210243954804144,1.0001431555389744,10.691294879509082,0.4333333333333333
0.8,19,5,0.818366941189366,0.0065544011718085176,0.0029312173143936247,0.85193065024458,0.019712336184494125,0.6803551960264121,0.9619580743795944,17.864728538396538,0.3
0.8,35,5,0.775504184005605,0.007202628780536117,0.003221113513995034,0.7355706852994278,0.02619782304206343,0.5879621353581832,0.8306296094354779,33.534459718293995,0.38333333333333336
0.8,67,5,0.751093314870466,0.007057378452529309,0.003156155592559561,0.7104787252446785,0.021257426772465334,0.5298119655423811,0.8218385946718618,62.323038613135736,0.5166666666666666
0.8,131,5,0.7236511093777096,0.005035342985757792,0.0022518738412362358,0.7317796245919712,0.02337031199829084,0.47268202257567393,0.8793612575753791,118.31106914562129,0.6333333333333334
0.8,259,5,0.6894382408393056,0.008038119663364252,0.0035947563957120384,0.6847649438129781,0.01712060050922118,0.3676353145712565,0.8504964155572756,223.45310781667627,0.5666666666666667
0.8,387,5,0.6864144016225509,0.007373153128118305,0.0032973743205975494,0.6986716647112636,0.02221643279303784,0.34849940864283524,0.8760600612088218,321.6355875445117,0.45
0.8,514,5,0.6846084739007166,0.007012005945716251,0.0031358643906508475,0.7032805081357834,0.03007256728118564,0.33985878923622515,0.8852212606080482,414.38849464400585,0.41666666666666663
0.8,643,5,0.6856631292685285,0.007719311590344839,0.0034521810911026136,0.6989990121145289,0.029188792284308797,0.33692357591791233,0.8801259153925237,499.53768429333985,0.3666666666666667
0.8,771,5,0.6875388160577893,0.007452976705243769,0.0033330725095294957,0.6966491562463228,0.02763430068251703,0.3377423211655478,0.8763360776726719,562.6782258354293,0.4833333333333333
0.8,899,5,0.6897331113472062,0.006240181314094187,0.0027906939220477137,0.6992661516377521,0.02722003311108582,0.3407059160894545,0.8791093796854295,623.0880274438325,0.4666666666666667
0.8,1027,5,0.6907876411371862,0.006866286440716587,0.0030706966468854735,0.6947834486458827,0.026527583384903634,0.3436397912429411,0.8719343631925037,677.1982403848225,0.4666666666666666
0.8,1283,5,0.6939070162702542,0.007051267039923204,0.003153422485754401,0.6919394548503887,0.02622072188441727,0.35227542214334134,0.8652996732121132,767.6709660175104,0.4833333333333333
0.8,1539,5,0.6962212013860812,0.006899434280211061,0.0030855208113688528,0.690859735719964,0.024203947824906497,0.36014252020562687,0.8613048249522498,838.8273987960044,0.55
0.8,1795,5,0.6981893118807785,0.00628129374235266,0.002809079958908919,0.6877060714703614,0.02484956067499191,0.3656244669292446,0.8550929167085659,892.6642613719132,0.6166666666666666
0.8,2050,5,0.6996702874621394,0.006164347291767966,0.0027567799162619804,0.6849100868819755,0.024590906557622895,0.36917782086712064,0.8499690678426692,931.8734437283517,0.6166666666666666
