replicate,scale,n_basis,selected_normalized_rmse,local_normalized_rmse,diffusion_minus_local_nrmse
1,coarse,256,0.1411592608411583,0.1177743030167134,0.023384957824444885
2,coarse,256,0.1460129500131917,0.124485317688263,0.0215276323249287
3,coarse,256,0.1356901174793567,0.1201037180034457,0.015586399475910992
4,coarse,256,0.1419754483968351,0.1260658734007363,0.015909574996098796
5,coarse,256,0.1407421013361355,0.1169683057624706,0.023773795573664894
1,coarse,384,0.102011567358108,0.1177743030167134,-0.015762735658605406
2,coarse,384,0.107662232849775,0.124485317688263,-0.016823084838488003
3,coarse,384,0.0970662866595752,0.1201037180034457,-0.0230374313438705
4,coarse,384,0.1016726886199114,0.1260658734007363,-0.024393184780824903
5,coarse,384,0.0999826374922895,0.1169683057624706,-0.016985668270181095
1,coarse,512,0.0823699043459384,0.1177743030167134,-0.03540439867077501
2,coarse,512,0.0885149367087693,0.124485317688263,-0.035970380979493705
3,coarse,512,0.0784758886517,0.1201037180034457,-0.04162782935174571
4,coarse,512,0.0823148957404376,0.1260658734007363,-0.0437509776602987
5,coarse,512,0.0840054281242922,0.1169683057624706,-0.0329628776381784
1,coarse,640,0.0715488609425612,0.1177743030167134,-0.046225442074152204
2,coarse,640,0.0790706557737043,0.124485317688263,-0.0454146619145587
3,coarse,640,0.0683734347186952,0.1201037180034457,-0.0517302832847505
4,coarse,640,0.0730202601302062,0.1260658734007363,-0.053045613270530104
5,coarse,640,0.0737704615774104,0.1169683057624706,-0.04319784418506019
1,coarse,768,0.0655808875290069,0.1177743030167134,-0.05219341548770651
2,coarse,768,0.0725358209907823,0.124485317688263,-0.051949496697480696
3,coarse,768,0.0629156055739696,0.1201037180034457,-0.05718811242947611
4,coarse,768,0.0666587426046869,0.1260658734007363,-0.059407130796049396
5,coarse,768,0.0681616951731209,0.1169683057624706,-0.048806610589349694
1,coarse,896,0.0620215713130275,0.1177743030167134,-0.05575273170368591
2,coarse,896,0.0688107046898452,0.124485317688263,-0.055674612998417805
3,coarse,896,0.0606789083765788,0.1201037180034457,-0.0594248096268669
4,coarse,896,0.0630378715225345,0.1260658734007363,-0.0630280018782018
5,coarse,896,0.064011645603407,0.1169683057624706,-0.0529566601590636
1,coarse,1024,0.0589258447410638,0.1177743030167134,-0.05884845827564961
2,coarse,1024,0.06523499355130855,0.124485317688263,-0.059250324136954455
3,coarse,1024,0.05863591006588864,0.1201037180034457,-0.06146780793755706
4,coarse,1024,0.05992998084531431,0.1260658734007363,-0.06613589255542199
5,coarse,1024,0.06099857192942447,0.1169683057624706,-0.055969733833046126
1,coarse,1280,0.05624624328738305,0.1177743030167134,-0.061528059729330356
2,coarse,1280,0.061763627244579886,0.124485317688263,-0.06272169044368311
3,coarse,1280,0.05656601924947963,0.1201037180034457,-0.06353769875396607
4,coarse,1280,0.057900642941476545,0.1260658734007363,-0.06816523045925976
5,coarse,1280,0.05794920235315674,0.1169683057624706,-0.05901910340931386
1,coarse,1536,0.054672379484152184,0.1177743030167134,-0.06310192353256122
2,coarse,1536,0.05895173679720923,0.124485317688263,-0.06553358089105377
3,coarse,1536,0.057082036836459564,0.1201037180034457,-0.06302168116698614
4,coarse,1536,0.05672082650519646,0.1260658734007363,-0.06934504689553983
5,coarse,1536,0.05748775789599282,0.1169683057624706,-0.05948054786647777
1,coarse,1792,0.054656254045387605,0.1177743030167134,-0.06311804897132581
2,coarse,1792,0.058690954650407474,0.124485317688263,-0.06579436303785552
3,coarse,1792,0.05608799916804614,0.1201037180034457,-0.06401571883539955
4,coarse,1792,0.0575956018565177,0.1260658734007363,-0.0684702715442186
5,coarse,1792,0.0571397377975355,0.1169683057624706,-0.059828567964935096
1,coarse,2048,0.05644409851589662,0.1177743030167134,-0.06133020450081678
2,coarse,2048,0.06213357486492064,0.124485317688263,-0.06235174282334236
3,coarse,2048,0.05793300007864285,0.1201037180034457,-0.06217071792480285
4,coarse,2048,0.05960236925931733,0.1260658734007363,-0.06646350414141897
5,coarse,2048,0.0565153431333682,0.1169683057624706,-0.060452962629102394
1,fiducial,256,0.2281873965286012,0.1525152599408807,0.07567213658772051
2,fiducial,256,0.24398885490146,0.1591823433030997,0.0848065115983603
3,fiducial,256,0.2237950819608533,0.1585269837533651,0.06526809820748819
4,fiducial,256,0.2308327458564567,0.164069832691033,0.06676291316542368
5,fiducial,256,0.2262763276177242,0.1479569002566527,0.0783194273610715
1,fiducial,384,0.171309298314125,0.1525152599408807,0.01879403837324431
2,fiducial,384,0.1792656381856889,0.1591823433030997,0.020083294882589225
3,fiducial,384,0.1613835086909073,0.1585269837533651,0.0028565249375422097
4,fiducial,384,0.1687995266712858,0.164069832691033,0.004729693980252803
5,fiducial,384,0.1621712173617198,0.1479569002566527,0.014214317105067098
1,fiducial,512,0.1346021399767618,0.1525152599408807,-0.0179131199641189
2,fiducial,512,0.1358194084180674,0.1591823433030997,-0.0233629348850323
3,fiducial,512,0.1286572658174898,0.1585269837533651,-0.029869717935875312
4,fiducial,512,0.1334462985258553,0.164069832691033,-0.030623534165177713
5,fiducial,512,0.1279039688640888,0.1479569002566527,-0.020052931392563894
1,fiducial,640,0.1079570331133525,0.1525152599408807,-0.04455822682752819
2,fiducial,640,0.1065335503706592,0.1591823433030997,-0.052648792932440486
3,fiducial,640,0.1042598192848079,0.1585269837533651,-0.0542671644685572
4,fiducial,640,0.109276121835841,0.164069832691033,-0.05479371085519201
5,fiducial,640,0.1024758380470783,0.1479569002566527,-0.0454810622095744
1,fiducial,768,0.092382382618249,0.1525152599408807,-0.060132877322631687
2,fiducial,768,0.0943708209512614,0.1591823433030997,-0.06481152235183829
3,fiducial,768,0.0914956534760828,0.1585269837533651,-0.06703133027728231
4,fiducial,768,0.0923074976971311,0.164069832691033,-0.0717623349939019
5,fiducial,768,0.0870509465065579,0.1479569002566527,-0.060905953750094804
1,fiducial,896,0.0834541558067217,0.1525152599408807,-0.06906110413415899
2,fiducial,896,0.0878739872643539,0.1591823433030997,-0.07130835603874579
3,fiducial,896,0.0811084804379631,0.1585269837533651,-0.077418503315402
4,fiducial,896,0.083086994846636,0.164069832691033,-0.08098283784439701
5,fiducial,896,0.0792397069910698,0.1479569002566527,-0.0687171932655829
1,fiducial,1024,0.0759082038251141,0.1525152599408807,-0.0766070561157666
2,fiducial,1024,0.08212344460488048,0.1591823433030997,-0.0770588986982192
3,fiducial,1024,0.07685857356662643,0.1585269837533651,-0.08166841018673868
4,fiducial,1024,0.07815955709111096,0.164069832691033,-0.08591027559992205
5,fiducial,1024,0.07378668555558926,0.1479569002566527,-0.07417021470106344
1,fiducial,1280,0.06949332697918545,0.1525152599408807,-0.08302193296169524
2,fiducial,1280,0.07595644882721331,0.1591823433030997,-0.08322589447588638
3,fiducial,1280,0.07135457871198023,0.1585269837533651,-0.08717240504138488
4,fiducial,1280,0.07334595444791517,0.164069832691033,-0.09072387824311784
5,fiducial,1280,0.06831868316517316,0.1479569002566527,-0.07963821709147954
1,fiducial,1536,0.06843139553784916,0.1525152599408807,-0.08408386440303153
2,fiducial,1536,0.07428363353428007,0.1591823433030997,-0.08489870976881962
3,fiducial,1536,0.0695413462167117,0.1585269837533651,-0.08898563753665341
4,fiducial,1536,0.07266706048707758,0.164069832691033,-0.09140277220395543
5,fiducial,1536,0.06761844310388043,0.1479569002566527,-0.08033845715277227
1,fiducial,1792,0.06980987725729604,0.1525152599408807,-0.08270538268358466
2,fiducial,1792,0.0767639272030065,0.1591823433030997,-0.08241841610009319
3,fiducial,1792,0.07352874769054855,0.1585269837533651,-0.08499823606281655
4,fiducial,1792,0.07269327961068922,0.164069832691033,-0.09137655308034379
5,fiducial,1792,0.06852133445875909,0.1479569002566527,-0.07943556579789361
1,fiducial,2048,0.0727882827406985,0.1525152599408807,-0.0797269772001822
2,fiducial,2048,0.08025575294960267,0.1591823433030997,-0.07892659035349701
3,fiducial,2048,0.0760783621560166,0.1585269837533651,-0.0824486215973485
4,fiducial,2048,0.0760518070950909,0.164069832691033,-0.0880180255959421
5,fiducial,2048,0.07145530578577133,0.1479569002566527,-0.07650159447088137
1,fine,256,0.3668172626060281,0.2166928515416653,0.1501244110643628
2,fine,256,0.3831548120970717,0.2254056642787575,0.1577491478183142
3,fine,256,0.3552092274265785,0.2278770109014294,0.12733221652514912
4,fine,256,0.3525396492966703,0.2242742825280616,0.1282653667686087
5,fine,256,0.3568486026701756,0.2042442053833491,0.1526043972868265
1,fine,384,0.3050116905104119,0.2166928515416653,0.0883188389687466
2,fine,384,0.3125177034966036,0.2254056642787575,0.08711203921784613
3,fine,384,0.2894373291056067,0.2278770109014294,0.06156031820417732
4,fine,384,0.2849722014012806,0.2242742825280616,0.06069791887321899
5,fine,384,0.2919847884632486,0.2042442053833491,0.08774058307989951
1,fine,512,0.2560748217291039,0.2166928515416653,0.03938197018743861
2,fine,512,0.2559147774436485,0.2254056642787575,0.030509113164890994
3,fine,512,0.2480974444867948,0.2278770109014294,0.020220433585365405
4,fine,512,0.2480394801112619,0.2242742825280616,0.02376519758320028
5,fine,512,0.2483356730265949,0.2042442053833491,0.04409146764324581
1,fine,640,0.2166463492013525,0.2166928515416653,-4.6502340312781776e-05
2,fine,640,0.2159090383858823,0.2254056642787575,-0.009496625892875199
3,fine,640,0.2150005505284677,0.2278770109014294,-0.012876460372961696
4,fine,640,0.2129596151713262,0.2242742825280616,-0.01131466735673542
5,fine,640,0.2133261580356075,0.2042442053833491,0.009081952652258418
1,fine,768,0.1950248514810502,0.2166928515416653,-0.02166800006061509
2,fine,768,0.2001714711431374,0.2254056642787575,-0.025234193135620087
3,fine,768,0.19892269028343,0.2278770109014294,-0.028954320617999407
4,fine,768,0.1924509615968286,0.2242742825280616,-0.03182332093123302
5,fine,768,0.1869028490800099,0.2042442053833491,-0.01734135630333919
1,fine,896,0.1795571932735778,0.2166928515416653,-0.037135658268087485
2,fine,896,0.1871344435901077,0.2254056642787575,-0.0382712206886498
3,fine,896,0.180654524908967,0.2278770109014294,-0.0472224859924624
4,fine,896,0.1733625502482178,0.2242742825280616,-0.0509117322798438
5,fine,896,0.1687572658974967,0.2042442053833491,-0.03548693948585238
1,fine,1024,0.16299112340343025,0.2166928515416653,-0.05370172813823504
2,fine,1024,0.17960993862416685,0.2254056642787575,-0.04579572565459064
3,fine,1024,0.16910780725984267,0.2278770109014294,-0.05876920364158672
4,fine,1024,0.1641344493642382,0.2242742825280616,-0.0601398331638234
5,fine,1024,0.15761493978732383,0.2042442053833491,-0.04662926559602526
1,fine,1280,0.14336765763449677,0.2166928515416653,-0.07332519390716852
2,fine,1280,0.1658615257130768,0.2254056642787575,-0.05954413856568069
3,fine,1280,0.15639155925900536,0.2278770109014294,-0.07148545164242404
4,fine,1280,0.15321390343024108,0.2242742825280616,-0.07106037909782054
5,fine,1280,0.14277072519943468,0.2042442053833491,-0.06147348018391441
1,fine,1536,0.13765529585718808,0.2166928515416653,-0.0790375556844772
2,fine,1536,0.15272287395447257,0.2254056642787575,-0.07268279032428493
3,fine,1536,0.15502207279061683,0.2278770109014294,-0.07285493811081256
4,fine,1536,0.14608286519336777,0.2242742825280616,-0.07819141733469384
5,fine,1536,0.14053908175760024,0.2042442053833491,-0.06370512362574884
1,fine,1792,0.1360596829123846,0.2166928515416653,-0.08063316862928069
2,fine,1792,0.15160867863374117,0.2254056642787575,-0.07379698564501633
3,fine,1792,0.16177281634159474,0.2278770109014294,-0.06610419455983466
4,fine,1792,0.14558252342960407,0.2242742825280616,-0.07869175909845755
5,fine,1792,0.13584323003348675,0.2042442053833491,-0.06840097534986234
1,fine,2048,0.1402872349352572,0.2166928515416653,-0.0764056166064081
2,fine,2048,0.16486409034522476,0.2254056642787575,-0.06054157393353274
3,fine,2048,0.15738531855366716,0.2278770109014294,-0.07049169234776223
4,fine,2048,0.14661460867537923,0.2242742825280616,-0.07765967385268238
5,fine,2048,0.13931598250225427,0.2042442053833491,-0.06492822288109482
