protocol,comparison,noise_fraction,metric,n_seed_pairs,n_runs,delta_mean,delta_median,delta_ci_low,delta_ci_high,seed_mean_wins_left_lower,seed_mean_losses_left_higher,seed_mean_ties,seed_mean_sign_test_pvalue_two_sided
matched_correct_gls_practical,flattened_minus_correct,0.05,test_observed_nrmse_radial,5,60,-0.0012460003097244667,-0.0012634700347280287,-0.0019027581577387574,-0.0006641324626583038,5,0,0,0.0625
matched_correct_gls_practical,flattened_minus_correct,0.05,test_latent_nrmse_radial,5,60,-0.0013076765213837392,-0.0012793247770603727,-0.0019774745692774536,-0.0006971593789183482,5,0,0,0.0625
matched_correct_gls_practical,flattened_minus_correct,0.05,test_hidden_nrmse_tangential,5,60,-0.0006769621156701914,-0.0008202882238925735,-0.003602964495081907,0.00278536156509865,4,1,0,0.375
matched_correct_gls_practical,flattened_minus_correct,0.05,test_hidden_nrmse_3d,5,60,-0.0006528394665941128,-0.0007486807916965432,-0.00282433000321515,0.0018713111193983992,4,1,0,0.375
matched_correct_gls_practical,flattened_minus_correct,0.05,test_working_measurement_whitened_residual_rms,5,60,-0.22370661412885368,-0.20090243736543267,-0.2864344210263961,-0.1816648638927902,5,0,0,0.0625
matched_correct_gls_practical,flattened_minus_correct,0.05,test_true_measurement_whitened_residual_rms,5,60,0.01699727495849197,0.009403443446760695,0.0001264323790633994,0.03221482335459843,1,4,0,0.375
matched_correct_gls_practical,flattened_minus_correct,0.1,test_observed_nrmse_radial,5,60,-0.0012617319223169406,-0.0015364289763303146,-0.0019986145196530273,-0.000508495066469129,5,0,0,0.0625
matched_correct_gls_practical,flattened_minus_correct,0.1,test_latent_nrmse_radial,5,60,-0.001505584031820986,-0.0019717902614726224,-0.002379942420747322,-0.0006197683891898982,5,0,0,0.0625
matched_correct_gls_practical,flattened_minus_correct,0.1,test_hidden_nrmse_tangential,5,60,0.005397713162129958,0.005437569326764258,0.004129978585835758,0.006668239029550848,0,5,0,0.0625
matched_correct_gls_practical,flattened_minus_correct,0.1,test_hidden_nrmse_3d,5,60,0.0037780078304300605,0.003815286463855011,0.0028802530592614045,0.004723602495986538,0,5,0,0.0625
matched_correct_gls_practical,flattened_minus_correct,0.1,test_working_measurement_whitened_residual_rms,5,60,-0.10597657347075844,-0.09959388735076313,-0.1259325221077559,-0.09108362747330309,5,0,0,0.0625
matched_correct_gls_practical,flattened_minus_correct,0.1,test_true_measurement_whitened_residual_rms,5,60,0.012738082237539756,0.007041982050738249,-0.0005740202488314131,0.027120075250580876,1,4,0,0.375
matched_correct_gls_practical,flattened_minus_correct,0.2,test_observed_nrmse_radial,5,60,-0.00028245321466799876,-0.0003832830757320854,-0.0007845326935411657,0.00023591270205286673,3,2,0,1.0
matched_correct_gls_practical,flattened_minus_correct,0.2,test_latent_nrmse_radial,5,60,-0.00038089565458319187,-0.0005585169251056121,-0.0011511244347211667,0.0004003410108321633,3,2,0,1.0
matched_correct_gls_practical,flattened_minus_correct,0.2,test_hidden_nrmse_tangential,5,60,0.005223084081266435,0.005484338160343327,0.003923480024907732,0.006664744035619057,0,5,0,0.0625
matched_correct_gls_practical,flattened_minus_correct,0.2,test_hidden_nrmse_3d,5,60,0.003776795301459184,0.003912783009014764,0.002849917422134419,0.004772424191582188,0,5,0,0.0625
matched_correct_gls_practical,flattened_minus_correct,0.2,test_working_measurement_whitened_residual_rms,5,60,-0.04961039798593543,-0.047160772971300835,-0.06076715396764722,-0.0412001016627098,5,0,0,0.0625
matched_correct_gls_practical,flattened_minus_correct,0.2,test_true_measurement_whitened_residual_rms,5,60,0.005315286831159812,0.004202899170971053,0.0007525398367176127,0.010275038564180683,1,4,0,0.375
matched_correct_gls_practical,flattened_minus_correct,0.4,test_observed_nrmse_radial,5,60,0.000968222331946858,0.0009538067966796127,0.0007009727796940037,0.0012810361592347527,0,5,0,0.0625
matched_correct_gls_practical,flattened_minus_correct,0.4,test_latent_nrmse_radial,5,60,0.002293541842238106,0.0021765063747714586,0.0017819946300528082,0.0028305063576678723,0,5,0,0.0625
matched_correct_gls_practical,flattened_minus_correct,0.4,test_hidden_nrmse_tangential,5,60,0.004770057977795426,0.004922757914690268,0.00324348033158066,0.006560305828054642,0,5,0,0.0625
matched_correct_gls_practical,flattened_minus_correct,0.4,test_hidden_nrmse_3d,5,60,0.0038630374804831235,0.0039189247463329024,0.0027882078946683373,0.00516041119226327,0,5,0,0.0625
matched_correct_gls_practical,flattened_minus_correct,0.4,test_working_measurement_whitened_residual_rms,5,60,-0.02865535154067072,-0.026902674510544067,-0.03677612769505972,-0.02194043590301823,5,0,0,0.0625
matched_correct_gls_practical,flattened_minus_correct,0.4,test_true_measurement_whitened_residual_rms,5,60,0.002755743548662182,0.0022599799330925707,0.0016514851658908005,0.003920010571731898,0,5,0,0.0625
matched_correct_gls_practical,flattened_minus_correct,0.8,test_observed_nrmse_radial,5,60,6.915102268180336e-05,-2.8783235024643083e-05,-0.0002702164292442065,0.00040149061853336294,2,3,0,1.0
matched_correct_gls_practical,flattened_minus_correct,0.8,test_latent_nrmse_radial,5,60,0.00010116754746121262,0.00010315567336696696,-0.000599748778666573,0.0007411584654362964,2,3,0,1.0
matched_correct_gls_practical,flattened_minus_correct,0.8,test_hidden_nrmse_tangential,5,60,0.02256150367403053,0.020884822167716977,0.019628659889926754,0.025643598074585515,0,5,0,0.0625
matched_correct_gls_practical,flattened_minus_correct,0.8,test_hidden_nrmse_3d,5,60,0.01604044833528856,0.015165960501218323,0.01397598012901216,0.018142900570127084,0,5,0,0.0625
matched_correct_gls_practical,flattened_minus_correct,0.8,test_working_measurement_whitened_residual_rms,5,60,-0.024495339135348383,-0.02204898313386716,-0.03151780682132626,-0.018450081336129832,5,0,0,0.0625
matched_correct_gls_practical,flattened_minus_correct,0.8,test_true_measurement_whitened_residual_rms,5,60,0.002516824028291846,0.0022197514827452247,0.0012961104683999465,0.003887894702604599,0,5,0,0.0625
matched_correct_gls_practical,flattened_minus_ols,0.05,test_observed_nrmse_radial,5,60,-0.00023006867852082974,1.2432708402676518e-05,-0.0007475769078806766,0.00026848950672071943,2,3,0,1.0
matched_correct_gls_practical,flattened_minus_ols,0.05,test_latent_nrmse_radial,5,60,-0.00026876893751179667,4.425428227911726e-05,-0.000814683283585585,0.00023697500572947795,2,3,0,1.0
matched_correct_gls_practical,flattened_minus_ols,0.05,test_hidden_nrmse_tangential,5,60,-0.003339197785465048,-0.0023562171568238255,-0.0075289829815052235,0.00019102282010375753,5,0,0,0.0625
matched_correct_gls_practical,flattened_minus_ols,0.05,test_hidden_nrmse_3d,5,60,-0.002525630721680183,-0.0016885222234447328,-0.005693776936880928,0.00011899516466177808,5,0,0,0.0625
matched_correct_gls_practical,flattened_minus_ols,0.05,test_working_measurement_whitened_residual_rms,5,60,0.07835249162047773,0.0775214805995128,0.04922486096470955,0.11079098462328535,0,5,0,0.0625
matched_correct_gls_practical,flattened_minus_ols,0.05,test_true_measurement_whitened_residual_rms,5,60,-0.06451105499553504,-0.048849714623135476,-0.08180847027575178,-0.04651100494107811,5,0,0,0.0625
matched_correct_gls_practical,flattened_minus_ols,0.1,test_observed_nrmse_radial,5,60,-0.0006204184261336139,-0.00034795279346541697,-0.0014510718439692608,0.0001670900639707483,4,1,0,0.375
matched_correct_gls_practical,flattened_minus_ols,0.1,test_latent_nrmse_radial,5,60,-0.0008212032253733839,-0.00045217968233843275,-0.0017892326858122722,0.00011534145795490087,4,1,0,0.375
matched_correct_gls_practical,flattened_minus_ols,0.1,test_hidden_nrmse_tangential,5,60,-0.011312653624201823,-0.011139416593662466,-0.013671096959291074,-0.008872292652359379,5,0,0,0.0625
matched_correct_gls_practical,flattened_minus_ols,0.1,test_hidden_nrmse_3d,5,60,-0.008459645402122903,-0.008321883300047545,-0.010257893586257708,-0.006734368445418415,5,0,0,0.0625
matched_correct_gls_practical,flattened_minus_ols,0.1,test_working_measurement_whitened_residual_rms,5,60,0.028048884251224947,0.02564079295443622,0.016524260203703723,0.041144951235921844,0,5,0,0.0625
matched_correct_gls_practical,flattened_minus_ols,0.1,test_true_measurement_whitened_residual_rms,5,60,-0.041374394800291106,-0.04194180296813166,-0.05809007864925559,-0.0242792838055233,5,0,0,0.0625
matched_correct_gls_practical,flattened_minus_ols,0.2,test_observed_nrmse_radial,5,60,-0.0008159600324293405,-0.0007590162813730789,-0.001398788115547163,-0.00027473958982065664,4,1,0,0.375
matched_correct_gls_practical,flattened_minus_ols,0.2,test_latent_nrmse_radial,5,60,-0.001438646150523284,-0.0013316164684941956,-0.002298757811528765,-0.0006147129154678981,5,0,0,0.0625
matched_correct_gls_practical,flattened_minus_ols,0.2,test_hidden_nrmse_tangential,5,60,-0.010996721740273148,-0.010792958323377566,-0.013396259282439163,-0.008569889562677947,5,0,0,0.0625
matched_correct_gls_practical,flattened_minus_ols,0.2,test_hidden_nrmse_3d,5,60,-0.008288592823659995,-0.00825416701124973,-0.010015967609589532,-0.0065305290185366125,5,0,0,0.0625
matched_correct_gls_practical,flattened_minus_ols,0.2,test_working_measurement_whitened_residual_rms,5,60,-0.0028910172111029455,-0.004398344265844734,-0.009705422163226955,0.005106716261366191,3,2,0,1.0
matched_correct_gls_practical,flattened_minus_ols,0.2,test_true_measurement_whitened_residual_rms,5,60,-0.014896430265996774,-0.014347757267030081,-0.02100140281752968,-0.008680792157859813,5,0,0,0.0625
matched_correct_gls_practical,flattened_minus_ols,0.4,test_observed_nrmse_radial,5,60,-0.0012883371844485995,-0.001274979666150644,-0.0016699330663975326,-0.0009729873862808345,5,0,0,0.0625
matched_correct_gls_practical,flattened_minus_ols,0.4,test_latent_nrmse_radial,5,60,-0.0030173891116631155,-0.0028896589734404288,-0.0036410857492864754,-0.0023946759746162455,5,0,0,0.0625
matched_correct_gls_practical,flattened_minus_ols,0.4,test_hidden_nrmse_tangential,5,60,-0.010215759165032033,-0.010331180163077158,-0.012815024426841454,-0.007711401338314283,5,0,0,0.0625
matched_correct_gls_practical,flattened_minus_ols,0.4,test_hidden_nrmse_3d,5,60,-0.007939719975268983,-0.00803261986124873,-0.009807728013908642,-0.006197769734370612,5,0,0,0.0625
matched_correct_gls_practical,flattened_minus_ols,0.4,test_working_measurement_whitened_residual_rms,5,60,-0.014768972495867982,-0.016532840921072656,-0.020330687135836314,-0.008582122267872229,5,0,0,0.0625
matched_correct_gls_practical,flattened_minus_ols,0.4,test_true_measurement_whitened_residual_rms,5,60,-0.005223409259089677,-0.004821474506552903,-0.006921595652485,-0.0035241390618717568,5,0,0,0.0625
matched_correct_gls_practical,flattened_minus_ols,0.8,test_observed_nrmse_radial,5,60,-0.0008047935105094421,-0.000859824515479779,-0.001132234494662142,-0.0004553392586438821,5,0,0,0.0625
matched_correct_gls_practical,flattened_minus_ols,0.8,test_latent_nrmse_radial,5,60,-0.002552123637054805,-0.002555962813545226,-0.0033782986790595556,-0.001671704827683274,5,0,0,0.0625
matched_correct_gls_practical,flattened_minus_ols,0.8,test_hidden_nrmse_tangential,5,60,-0.03441987114157538,-0.03412066518256224,-0.038545961708208835,-0.03013019008025779,5,0,0,0.0625
matched_correct_gls_practical,flattened_minus_ols,0.8,test_hidden_nrmse_3d,5,60,-0.02509573195421381,-0.02514793665767162,-0.028038857875504565,-0.022057346664175814,5,0,0,0.0625
matched_correct_gls_practical,flattened_minus_ols,0.8,test_working_measurement_whitened_residual_rms,5,60,-0.014626394433358409,-0.016051675748512184,-0.019942022603555806,-0.008686227106281742,5,0,0,0.0625
matched_correct_gls_practical,flattened_minus_ols,0.8,test_true_measurement_whitened_residual_rms,5,60,-0.005796019070351163,-0.004616018553005974,-0.008405847431842332,-0.0037934310452697913,5,0,0,0.0625
matched_correct_gls_practical,ols_minus_correct,0.05,test_observed_nrmse_radial,5,60,-0.001015931631203637,-0.0013903306936128013,-0.0021212415574625955,5.666093983184563e-05,4,1,0,0.375
matched_correct_gls_practical,ols_minus_correct,0.05,test_latent_nrmse_radial,5,60,-0.0010389075838719425,-0.0015676891774931145,-0.0021527751427886086,8.662784748695604e-05,4,1,0,0.375
matched_correct_gls_practical,ols_minus_correct,0.05,test_hidden_nrmse_tangential,5,60,0.0026622356697948565,0.0015526668278105782,-0.003729077275711873,0.010342524926514874,3,2,0,1.0
matched_correct_gls_practical,ols_minus_correct,0.05,test_hidden_nrmse_3d,5,60,0.0018727912550860703,0.0008977503834716738,-0.0028896526539303586,0.007568463111103075,3,2,0,1.0
matched_correct_gls_practical,ols_minus_correct,0.05,test_working_measurement_whitened_residual_rms,5,60,-0.3020591057493315,-0.2775351256962755,-0.3970373397223579,-0.23105624022796759,5,0,0,0.0625
matched_correct_gls_practical,ols_minus_correct,0.05,test_true_measurement_whitened_residual_rms,5,60,0.081508329954027,0.055282120289590786,0.04757831408104772,0.11284068375892455,0,5,0,0.0625
matched_correct_gls_practical,ols_minus_correct,0.1,test_observed_nrmse_radial,5,60,-0.0006413134961833266,-0.0011653765951244732,-0.0021618696500561303,0.0009271501408161577,3,2,0,1.0
matched_correct_gls_practical,ols_minus_correct,0.1,test_latent_nrmse_radial,5,60,-0.0006843808064476021,-0.0014971230586285078,-0.00248896493049893,0.0011532529949988542,3,2,0,1.0
matched_correct_gls_practical,ols_minus_correct,0.1,test_hidden_nrmse_tangential,5,60,0.01671036678633178,0.016671771581665162,0.013060821425158206,0.02027244188147104,0,5,0,0.0625
matched_correct_gls_practical,ols_minus_correct,0.1,test_hidden_nrmse_3d,5,60,0.012237653232552966,0.012151535048362028,0.009641260226111122,0.014945485348232106,0,5,0,0.0625
matched_correct_gls_practical,ols_minus_correct,0.1,test_working_measurement_whitened_residual_rms,5,60,-0.13402545772198338,-0.12541263721570106,-0.1672654394031298,-0.10795404610650275,5,0,0,0.0625
matched_correct_gls_practical,ols_minus_correct,0.1,test_true_measurement_whitened_residual_rms,5,60,0.05411247703783086,0.045729564806746725,0.02416718373305644,0.08481141558073632,0,5,0,0.0625
matched_correct_gls_practical,ols_minus_correct,0.2,test_observed_nrmse_radial,5,60,0.0005335068177613418,0.0004099750353872139,-0.0005017469153334456,0.0016299880992006663,3,2,0,1.0
matched_correct_gls_practical,ols_minus_correct,0.2,test_latent_nrmse_radial,5,60,0.001057750495940092,0.000802185736070618,-0.0005337525404741528,0.0026978366184208557,1,4,0,0.375
matched_correct_gls_practical,ols_minus_correct,0.2,test_hidden_nrmse_tangential,5,60,0.016219805821539583,0.016521207049583653,0.012565354532321042,0.019966224981588166,0,5,0,0.0625
matched_correct_gls_practical,ols_minus_correct,0.2,test_hidden_nrmse_3d,5,60,0.012065388125119177,0.012221491015227542,0.009410080060203479,0.014714794542672233,0,5,0,0.0625
matched_correct_gls_practical,ols_minus_correct,0.2,test_working_measurement_whitened_residual_rms,5,60,-0.046719380774832495,-0.04517863104992115,-0.06566554066367829,-0.031605378065543074,5,0,0,0.0625
matched_correct_gls_practical,ols_minus_correct,0.2,test_true_measurement_whitened_residual_rms,5,60,0.020211717097156585,0.01830371675494258,0.009556275702215228,0.031251405166052224,0,5,0,0.0625
matched_correct_gls_practical,ols_minus_correct,0.4,test_observed_nrmse_radial,5,60,0.0022565595163954576,0.0022460953415562035,0.001681951732963771,0.0029434560388215463,0,5,0,0.0625
matched_correct_gls_practical,ols_minus_correct,0.4,test_latent_nrmse_radial,5,60,0.0053109309539012195,0.00489439005405802,0.0041887872785083494,0.006467215676962397,0,5,0,0.0625
matched_correct_gls_practical,ols_minus_correct,0.4,test_hidden_nrmse_tangential,5,60,0.014985817142827458,0.015439764423375746,0.011058364143184335,0.01928190558523445,0,5,0,0.0625
matched_correct_gls_practical,ols_minus_correct,0.4,test_hidden_nrmse_3d,5,60,0.011802757455752107,0.012341548533885138,0.00907070361889987,0.014864571817552243,0,5,0,0.0625
matched_correct_gls_practical,ols_minus_correct,0.4,test_working_measurement_whitened_residual_rms,5,60,-0.013886379044802737,-0.011816661176067167,-0.02830398748926051,-0.0016302373522084884,5,0,0,0.0625
matched_correct_gls_practical,ols_minus_correct,0.4,test_true_measurement_whitened_residual_rms,5,60,0.007979152807751858,0.007022488890521261,0.005182707701369589,0.010822889665816194,0,5,0,0.0625
matched_correct_gls_practical,ols_minus_correct,0.8,test_observed_nrmse_radial,5,60,0.0008739445331912455,0.0008366551731864846,0.00019492781120666744,0.001518017047767619,0,5,0,0.0625
matched_correct_gls_practical,ols_minus_correct,0.8,test_latent_nrmse_radial,5,60,0.0026532911845160174,0.0025633108248391268,0.0011137994811559605,0.004081551722876824,0,5,0,0.0625
matched_correct_gls_practical,ols_minus_correct,0.8,test_hidden_nrmse_tangential,5,60,0.056981374815605904,0.05493439154370999,0.04991477201665942,0.06387763610889102,0,5,0,0.0625
matched_correct_gls_practical,ols_minus_correct,0.8,test_hidden_nrmse_3d,5,60,0.041136180289502375,0.04022828693491509,0.036165880095562146,0.04593598706424294,0,5,0,0.0625
matched_correct_gls_practical,ols_minus_correct,0.8,test_working_measurement_whitened_residual_rms,5,60,-0.009868944701989976,-0.00554579340486927,-0.022774653739248536,0.001483977199352454,3,2,0,1.0
matched_correct_gls_practical,ols_minus_correct,0.8,test_true_measurement_whitened_residual_rms,5,60,0.008312843098643007,0.006654806953474091,0.005142767543784132,0.012246368251242756,0,5,0,0.0625
retuned_practical,flattened_minus_correct,0.05,test_observed_nrmse_radial,5,60,-0.0011745176726451058,-0.000984792436961951,-0.00255953834304585,-8.272268966309646e-07,5,0,0,0.0625
retuned_practical,flattened_minus_correct,0.05,test_latent_nrmse_radial,5,60,-0.0012359681445166398,-0.0010329477834778444,-0.00282936486868977,5.0038437267463284e-05,4,1,0,0.375
retuned_practical,flattened_minus_correct,0.05,test_hidden_nrmse_tangential,5,60,0.010641453369068783,-0.0014293357806149931,-0.006471995672655103,0.02858265628846633,2,3,0,1.0
retuned_practical,flattened_minus_correct,0.05,test_hidden_nrmse_3d,5,60,0.007756331471190746,-0.0012349591492011869,-0.0052259946469291755,0.02131406237162433,2,3,0,1.0
retuned_practical,flattened_minus_correct,0.05,test_working_measurement_whitened_residual_rms,5,60,-0.2251721763367079,-0.2108235903684632,-0.2887941771092227,-0.17338245008102834,5,0,0,0.0625
retuned_practical,flattened_minus_correct,0.05,test_true_measurement_whitened_residual_rms,5,60,0.011784270976700421,0.007191632220511224,-0.011260822224647488,0.03230513833796515,1,4,0,0.375
retuned_practical,flattened_minus_correct,0.1,test_observed_nrmse_radial,5,60,-0.0012617319223169406,-0.0015364289763303146,-0.0019986145196530273,-0.000508495066469129,5,0,0,0.0625
retuned_practical,flattened_minus_correct,0.1,test_latent_nrmse_radial,5,60,-0.001505584031820986,-0.0019717902614726224,-0.002379942420747322,-0.0006197683891898982,5,0,0,0.0625
retuned_practical,flattened_minus_correct,0.1,test_hidden_nrmse_tangential,5,60,0.005397713162129958,0.005437569326764258,0.004129978585835758,0.006668239029550848,0,5,0,0.0625
retuned_practical,flattened_minus_correct,0.1,test_hidden_nrmse_3d,5,60,0.0037780078304300605,0.003815286463855011,0.0028802530592614045,0.004723602495986538,0,5,0,0.0625
retuned_practical,flattened_minus_correct,0.1,test_working_measurement_whitened_residual_rms,5,60,-0.10597657347075844,-0.09959388735076313,-0.1259325221077559,-0.09108362747330309,5,0,0,0.0625
retuned_practical,flattened_minus_correct,0.1,test_true_measurement_whitened_residual_rms,5,60,0.012738082237539756,0.007041982050738249,-0.0005740202488314131,0.027120075250580876,1,4,0,0.375
retuned_practical,flattened_minus_correct,0.2,test_observed_nrmse_radial,5,60,-0.00028245321466799876,-0.0003832830757320854,-0.0007845326935411657,0.00023591270205286673,3,2,0,1.0
retuned_practical,flattened_minus_correct,0.2,test_latent_nrmse_radial,5,60,-0.00038089565458319187,-0.0005585169251056121,-0.0011511244347211667,0.0004003410108321633,3,2,0,1.0
retuned_practical,flattened_minus_correct,0.2,test_hidden_nrmse_tangential,5,60,0.005223084081266435,0.005484338160343327,0.003923480024907732,0.006664744035619057,0,5,0,0.0625
retuned_practical,flattened_minus_correct,0.2,test_hidden_nrmse_3d,5,60,0.003776795301459184,0.003912783009014764,0.002849917422134419,0.004772424191582188,0,5,0,0.0625
retuned_practical,flattened_minus_correct,0.2,test_working_measurement_whitened_residual_rms,5,60,-0.04961039798593543,-0.047160772971300835,-0.06076715396764722,-0.0412001016627098,5,0,0,0.0625
retuned_practical,flattened_minus_correct,0.2,test_true_measurement_whitened_residual_rms,5,60,0.005315286831159812,0.004202899170971053,0.0007525398367176127,0.010275038564180683,1,4,0,0.375
retuned_practical,flattened_minus_correct,0.4,test_observed_nrmse_radial,5,60,0.000968222331946858,0.0009538067966796127,0.0007009727796940037,0.0012810361592347527,0,5,0,0.0625
retuned_practical,flattened_minus_correct,0.4,test_latent_nrmse_radial,5,60,0.002293541842238106,0.0021765063747714586,0.0017819946300528082,0.0028305063576678723,0,5,0,0.0625
retuned_practical,flattened_minus_correct,0.4,test_hidden_nrmse_tangential,5,60,0.004770057977795426,0.004922757914690268,0.00324348033158066,0.006560305828054642,0,5,0,0.0625
retuned_practical,flattened_minus_correct,0.4,test_hidden_nrmse_3d,5,60,0.0038630374804831235,0.0039189247463329024,0.0027882078946683373,0.00516041119226327,0,5,0,0.0625
retuned_practical,flattened_minus_correct,0.4,test_working_measurement_whitened_residual_rms,5,60,-0.02865535154067072,-0.026902674510544067,-0.03677612769505972,-0.02194043590301823,5,0,0,0.0625
retuned_practical,flattened_minus_correct,0.4,test_true_measurement_whitened_residual_rms,5,60,0.002755743548662182,0.0022599799330925707,0.0016514851658908005,0.003920010571731898,0,5,0,0.0625
retuned_practical,flattened_minus_correct,0.8,test_observed_nrmse_radial,5,60,4.390143924055863e-05,-6.930918662545471e-05,-0.0003336650756719073,0.0004048193631993508,3,2,0,1.0
retuned_practical,flattened_minus_correct,0.8,test_latent_nrmse_radial,5,60,5.958764653384759e-05,6.082037610163904e-05,-0.0006397999322307863,0.0007252394936075469,3,2,0,1.0
retuned_practical,flattened_minus_correct,0.8,test_hidden_nrmse_tangential,5,60,0.023086087704656432,0.021243205732114356,0.02017874062879944,0.02625600213980234,0,5,0,0.0625
retuned_practical,flattened_minus_correct,0.8,test_hidden_nrmse_3d,5,60,0.016398980350448462,0.015299321911891706,0.014351043107500579,0.018479723933260493,0,5,0,0.0625
retuned_practical,flattened_minus_correct,0.8,test_working_measurement_whitened_residual_rms,5,60,-0.024570135925507327,-0.022971029986180058,-0.0316531083706326,-0.018418153708499842,5,0,0,0.0625
retuned_practical,flattened_minus_correct,0.8,test_true_measurement_whitened_residual_rms,5,60,0.002368842023094053,0.0021427464696175402,0.0013344666326123443,0.003537660618849127,0,5,0,0.0625
retuned_practical,flattened_minus_ols,0.05,test_observed_nrmse_radial,5,60,-0.0008550808414496431,-0.00011450004008224657,-0.0025779035480740517,0.0004946118801801578,3,2,0,1.0
retuned_practical,flattened_minus_ols,0.05,test_latent_nrmse_radial,5,60,-0.0010991891606817704,-0.00014315480068220754,-0.003052299073902991,0.0004073896975088537,3,2,0,1.0
retuned_practical,flattened_minus_ols,0.05,test_hidden_nrmse_tangential,5,60,-0.007531405030591559,0.0019037620877873085,-0.028953463950697724,0.010779094622104272,4,1,0,0.375
retuned_practical,flattened_minus_ols,0.05,test_hidden_nrmse_3d,5,60,-0.00582912401344861,0.0013434046337419958,-0.022990574022367725,0.0076158396245129606,4,1,0,0.375
retuned_practical,flattened_minus_ols,0.05,test_working_measurement_whitened_residual_rms,5,60,0.06258431031835308,0.0775214805995128,-0.006989161146270903,0.11629324602690795,1,4,0,0.375
retuned_practical,flattened_minus_ols,0.05,test_true_measurement_whitened_residual_rms,5,60,-0.05864236645253949,-0.04459666299283804,-0.0804167453373269,-0.032654864795110046,5,0,0,0.0625
retuned_practical,flattened_minus_ols,0.1,test_observed_nrmse_radial,5,60,-0.0006204184261336139,-0.00034795279346541697,-0.0014510718439692608,0.0001670900639707483,4,1,0,0.375
retuned_practical,flattened_minus_ols,0.1,test_latent_nrmse_radial,5,60,-0.0008212032253733839,-0.00045217968233843275,-0.0017892326858122722,0.00011534145795490087,4,1,0,0.375
retuned_practical,flattened_minus_ols,0.1,test_hidden_nrmse_tangential,5,60,-0.011312653624201823,-0.011139416593662466,-0.013671096959291074,-0.008872292652359379,5,0,0,0.0625
retuned_practical,flattened_minus_ols,0.1,test_hidden_nrmse_3d,5,60,-0.008459645402122903,-0.008321883300047545,-0.010257893586257708,-0.006734368445418415,5,0,0,0.0625
retuned_practical,flattened_minus_ols,0.1,test_working_measurement_whitened_residual_rms,5,60,0.028048884251224947,0.02564079295443622,0.016524260203703723,0.041144951235921844,0,5,0,0.0625
retuned_practical,flattened_minus_ols,0.1,test_true_measurement_whitened_residual_rms,5,60,-0.041374394800291106,-0.04194180296813166,-0.05809007864925559,-0.0242792838055233,5,0,0,0.0625
retuned_practical,flattened_minus_ols,0.2,test_observed_nrmse_radial,5,60,-0.0008159600324293405,-0.0007590162813730789,-0.001398788115547163,-0.00027473958982065664,4,1,0,0.375
retuned_practical,flattened_minus_ols,0.2,test_latent_nrmse_radial,5,60,-0.001438646150523284,-0.0013316164684941956,-0.002298757811528765,-0.0006147129154678981,5,0,0,0.0625
retuned_practical,flattened_minus_ols,0.2,test_hidden_nrmse_tangential,5,60,-0.010996721740273148,-0.010792958323377566,-0.013396259282439163,-0.008569889562677947,5,0,0,0.0625
retuned_practical,flattened_minus_ols,0.2,test_hidden_nrmse_3d,5,60,-0.008288592823659995,-0.00825416701124973,-0.010015967609589532,-0.0065305290185366125,5,0,0,0.0625
retuned_practical,flattened_minus_ols,0.2,test_working_measurement_whitened_residual_rms,5,60,-0.0028910172111029455,-0.004398344265844734,-0.009705422163226955,0.005106716261366191,3,2,0,1.0
retuned_practical,flattened_minus_ols,0.2,test_true_measurement_whitened_residual_rms,5,60,-0.014896430265996774,-0.014347757267030081,-0.02100140281752968,-0.008680792157859813,5,0,0,0.0625
retuned_practical,flattened_minus_ols,0.4,test_observed_nrmse_radial,5,60,-0.0012883371844485995,-0.001274979666150644,-0.0016699330663975326,-0.0009729873862808345,5,0,0,0.0625
retuned_practical,flattened_minus_ols,0.4,test_latent_nrmse_radial,5,60,-0.0030173891116631155,-0.0028896589734404288,-0.0036410857492864754,-0.0023946759746162455,5,0,0,0.0625
retuned_practical,flattened_minus_ols,0.4,test_hidden_nrmse_tangential,5,60,-0.010215759165032033,-0.010331180163077158,-0.012815024426841454,-0.007711401338314283,5,0,0,0.0625
retuned_practical,flattened_minus_ols,0.4,test_hidden_nrmse_3d,5,60,-0.007939719975268983,-0.00803261986124873,-0.009807728013908642,-0.006197769734370612,5,0,0,0.0625
retuned_practical,flattened_minus_ols,0.4,test_working_measurement_whitened_residual_rms,5,60,-0.014768972495867982,-0.016532840921072656,-0.020330687135836314,-0.008582122267872229,5,0,0,0.0625
retuned_practical,flattened_minus_ols,0.4,test_true_measurement_whitened_residual_rms,5,60,-0.005223409259089677,-0.004821474506552903,-0.006921595652485,-0.0035241390618717568,5,0,0,0.0625
retuned_practical,flattened_minus_ols,0.8,test_observed_nrmse_radial,5,60,-0.0006706079571619173,-0.0007687920334440435,-0.001041321106123871,-0.0002860195834799263,5,0,0,0.0625
retuned_practical,flattened_minus_ols,0.8,test_latent_nrmse_radial,5,60,-0.0023635705714284408,-0.0024947352179790494,-0.0031147386458206705,-0.0015295375857563328,5,0,0,0.0625
retuned_practical,flattened_minus_ols,0.8,test_hidden_nrmse_tangential,5,60,-0.03194825708285995,-0.02819158226254026,-0.03805406114589465,-0.026128079500793284,5,0,0,0.0625
retuned_practical,flattened_minus_ols,0.8,test_hidden_nrmse_3d,5,60,-0.023258426868910886,-0.02058994471399539,-0.027572108215698946,-0.019189124662951158,5,0,0,0.0625
retuned_practical,flattened_minus_ols,0.8,test_working_measurement_whitened_residual_rms,5,60,-0.014450647074538431,-0.016175528146695206,-0.01982402681220203,-0.008404789979308021,5,0,0,0.0625
retuned_practical,flattened_minus_ols,0.8,test_true_measurement_whitened_residual_rms,5,60,-0.0049983118607571835,-0.004028071012121326,-0.0071705023612978576,-0.003147099356529045,5,0,0,0.0625
retuned_practical,ols_minus_correct,0.05,test_observed_nrmse_radial,5,60,-0.0003194368311954627,-0.0005190410205029028,-0.0027415476044956345,0.0021228750214898028,3,2,0,1.0
retuned_practical,ols_minus_correct,0.05,test_latent_nrmse_radial,5,60,-0.0001367789838348695,-0.0007268710718779797,-0.0029280115470591353,0.002645710419576886,2,3,0,1.0
retuned_practical,ols_minus_correct,0.05,test_hidden_nrmse_tangential,5,60,0.01817285839966035,-0.0013189291079840348,-0.012483653151888811,0.05150231496366677,2,3,0,1.0
retuned_practical,ols_minus_correct,0.05,test_hidden_nrmse_3d,5,60,0.013585455484639356,-0.0011972597592332934,-0.009640230852450846,0.039273191740768265,2,3,0,1.0
retuned_practical,ols_minus_correct,0.05,test_working_measurement_whitened_residual_rms,5,60,-0.2877564866550611,-0.296233798004923,-0.40475318258862886,-0.1678305276183431,5,0,0,0.0625
retuned_practical,ols_minus_correct,0.05,test_true_measurement_whitened_residual_rms,5,60,0.07042663742923991,0.05448635417662229,0.023992134241524257,0.10997925379169746,1,4,0,0.375
retuned_practical,ols_minus_correct,0.1,test_observed_nrmse_radial,5,60,-0.0006413134961833266,-0.0011653765951244732,-0.0021618696500561303,0.0009271501408161577,3,2,0,1.0
retuned_practical,ols_minus_correct,0.1,test_latent_nrmse_radial,5,60,-0.0006843808064476021,-0.0014971230586285078,-0.00248896493049893,0.0011532529949988542,3,2,0,1.0
retuned_practical,ols_minus_correct,0.1,test_hidden_nrmse_tangential,5,60,0.01671036678633178,0.016671771581665162,0.013060821425158206,0.02027244188147104,0,5,0,0.0625
retuned_practical,ols_minus_correct,0.1,test_hidden_nrmse_3d,5,60,0.012237653232552966,0.012151535048362028,0.009641260226111122,0.014945485348232106,0,5,0,0.0625
retuned_practical,ols_minus_correct,0.1,test_working_measurement_whitened_residual_rms,5,60,-0.13402545772198338,-0.12541263721570106,-0.1672654394031298,-0.10795404610650275,5,0,0,0.0625
retuned_practical,ols_minus_correct,0.1,test_true_measurement_whitened_residual_rms,5,60,0.05411247703783086,0.045729564806746725,0.02416718373305644,0.08481141558073632,0,5,0,0.0625
retuned_practical,ols_minus_correct,0.2,test_observed_nrmse_radial,5,60,0.0005335068177613418,0.0004099750353872139,-0.0005017469153334456,0.0016299880992006663,3,2,0,1.0
retuned_practical,ols_minus_correct,0.2,test_latent_nrmse_radial,5,60,0.001057750495940092,0.000802185736070618,-0.0005337525404741528,0.0026978366184208557,1,4,0,0.375
retuned_practical,ols_minus_correct,0.2,test_hidden_nrmse_tangential,5,60,0.016219805821539583,0.016521207049583653,0.012565354532321042,0.019966224981588166,0,5,0,0.0625
retuned_practical,ols_minus_correct,0.2,test_hidden_nrmse_3d,5,60,0.012065388125119177,0.012221491015227542,0.009410080060203479,0.014714794542672233,0,5,0,0.0625
retuned_practical,ols_minus_correct,0.2,test_working_measurement_whitened_residual_rms,5,60,-0.046719380774832495,-0.04517863104992115,-0.06566554066367829,-0.031605378065543074,5,0,0,0.0625
retuned_practical,ols_minus_correct,0.2,test_true_measurement_whitened_residual_rms,5,60,0.020211717097156585,0.01830371675494258,0.009556275702215228,0.031251405166052224,0,5,0,0.0625
retuned_practical,ols_minus_correct,0.4,test_observed_nrmse_radial,5,60,0.0022565595163954576,0.0022460953415562035,0.001681951732963771,0.0029434560388215463,0,5,0,0.0625
retuned_practical,ols_minus_correct,0.4,test_latent_nrmse_radial,5,60,0.0053109309539012195,0.00489439005405802,0.0041887872785083494,0.006467215676962397,0,5,0,0.0625
retuned_practical,ols_minus_correct,0.4,test_hidden_nrmse_tangential,5,60,0.014985817142827458,0.015439764423375746,0.011058364143184335,0.01928190558523445,0,5,0,0.0625
retuned_practical,ols_minus_correct,0.4,test_hidden_nrmse_3d,5,60,0.011802757455752107,0.012341548533885138,0.00907070361889987,0.014864571817552243,0,5,0,0.0625
retuned_practical,ols_minus_correct,0.4,test_working_measurement_whitened_residual_rms,5,60,-0.013886379044802737,-0.011816661176067167,-0.02830398748926051,-0.0016302373522084884,5,0,0,0.0625
retuned_practical,ols_minus_correct,0.4,test_true_measurement_whitened_residual_rms,5,60,0.007979152807751858,0.007022488890521261,0.005182707701369589,0.010822889665816194,0,5,0,0.0625
retuned_practical,ols_minus_correct,0.8,test_observed_nrmse_radial,5,60,0.0007145093964024758,0.0007824078776609289,1.2332406380110078e-05,0.0014138377559455692,0,5,0,0.0625
retuned_practical,ols_minus_correct,0.8,test_latent_nrmse_radial,5,60,0.0024231582179622883,0.002401269656194638,0.001048214547298567,0.0037525211291771616,0,5,0,0.0625
retuned_practical,ols_minus_correct,0.8,test_hidden_nrmse_tangential,5,60,0.05503434478751638,0.053031124186906586,0.04716704473389568,0.06345948419907238,0,5,0,0.0625
retuned_practical,ols_minus_correct,0.8,test_hidden_nrmse_3d,5,60,0.039657407219359356,0.03852056766900225,0.03423153294750375,0.04531533532388857,0,5,0,0.0625
retuned_practical,ols_minus_correct,0.8,test_working_measurement_whitened_residual_rms,5,60,-0.010119488850968897,-0.006614058832450365,-0.023219498615559983,0.0013430194784954791,3,2,0,1.0
retuned_practical,ols_minus_correct,0.8,test_true_measurement_whitened_residual_rms,5,60,0.007367153883851237,0.006386961049968609,0.004529943972539409,0.010625270330591347,0,5,0,0.0625
