selector,replicate,label_seed,loss_name,loss_label,loss_gamma,loss_cap,loss_ess_train,n_basis,n_diffusion_modes,regularization_strength,penalty_power,extra_cholesky_jitter,weighted_validation_nrmse_radial,unweighted_validation_nrmse_radial,weighted_validation_nrmse_tangential,weighted_validation_nrmse_3d,candidate_id
raw_operational_radial_validation,1,20261202,unweighted,Unweighted,0.0,1.0,6945.0,4098,4095,1e-06,2.0,0.0,0.0534225486996282,0.0395286012191015,0.2758704676800728,0.22713391342084,166
raw_hidden_3d_validation_diagnostic,1,20261202,unweighted,Unweighted,0.0,1.0,6945.0,2818,2815,1e-06,2.0,0.0,0.0588958929160298,0.0426255209097181,0.2450239840570963,0.20274411864416,161
practical_operational_radial_validation,1,20261202,unweighted,Unweighted,0.0,1.0,6945.0,3074,3071,1e-06,2.0,0.0,0.0561246278667527,0.0407175740828544,0.2512087495033694,0.2074619401376529,162
practical_hidden_3d_validation_diagnostic,1,20261202,unweighted,Unweighted,0.0,1.0,6945.0,3074,3071,1e-06,2.0,0.0,0.0561246278667527,0.0407175740828544,0.2512087495033694,0.2074619401376529,162
raw_operational_radial_validation,2,20261212,unweighted,Unweighted,0.0,1.0,6945.0,4098,4095,1e-06,2.0,0.0,0.0617888529150992,0.0451079972342916,0.2668167002702725,0.2229631665182181,166
raw_hidden_3d_validation_diagnostic,2,20261212,unweighted,Unweighted,0.0,1.0,6945.0,2050,2047,1e-06,2.0,0.0,0.0760337406177591,0.0526774539677073,0.2505461809627529,0.211197251796005,158
practical_operational_radial_validation,2,20261212,unweighted,Unweighted,0.0,1.0,6945.0,3074,3071,1e-06,2.0,0.0,0.0661021296896518,0.0472901652950633,0.2563204044392337,0.214820762934854,162
practical_hidden_3d_validation_diagnostic,2,20261212,unweighted,Unweighted,0.0,1.0,6945.0,3074,3071,1e-06,2.0,0.0,0.0661021296896518,0.0472901652950633,0.2563204044392337,0.214820762934854,162
raw_operational_radial_validation,3,20261222,unweighted,Unweighted,0.0,1.0,6945.0,3074,3071,1e-06,2.0,0.0,0.0634915916734292,0.0462874230929896,0.2933920835337365,0.2430733533435264,162
raw_hidden_3d_validation_diagnostic,3,20261222,unweighted,Unweighted,0.0,1.0,6945.0,2050,2047,1e-06,2.0,0.0,0.0723929248060556,0.0515247352198972,0.2707397350112718,0.2256281097103207,158
practical_operational_radial_validation,3,20261222,unweighted,Unweighted,0.0,1.0,6945.0,3074,3071,1e-06,2.0,0.0,0.0634915916734292,0.0462874230929896,0.2933920835337365,0.2430733533435264,162
practical_hidden_3d_validation_diagnostic,3,20261222,unweighted,Unweighted,0.0,1.0,6945.0,3074,3071,1e-06,2.0,0.0,0.0634915916734292,0.0462874230929896,0.2933920835337365,0.2430733533435264,162
raw_operational_radial_validation,4,20270102,unweighted,Unweighted,0.0,1.0,6945.0,3842,3839,1e-06,2.0,0.0,0.06170045774025,0.0476758892731655,0.2693095728051781,0.224479202429129,165
raw_hidden_3d_validation_diagnostic,4,20270102,unweighted,Unweighted,0.0,1.0,6945.0,2307,2304,1e-06,2.0,0.0,0.0755776039579858,0.0525066449732654,0.2499623257307216,0.2102244614986467,159
practical_operational_radial_validation,4,20270102,unweighted,Unweighted,0.0,1.0,6945.0,3074,3071,1e-06,2.0,0.0,0.0636108895567053,0.0449819096591912,0.2592967290581958,0.2165182271966776,162
practical_hidden_3d_validation_diagnostic,4,20270102,unweighted,Unweighted,0.0,1.0,6945.0,3074,3071,1e-06,2.0,0.0,0.0636108895567053,0.0449819096591912,0.2592967290581958,0.2165182271966776,162
raw_operational_radial_validation,5,20270112,unweighted,Unweighted,0.0,1.0,6945.0,4354,4351,1e-06,2.0,0.0,0.0600135124301131,0.0448307601699948,0.2802009175228591,0.2335645709483839,167
raw_hidden_3d_validation_diagnostic,5,20270112,unweighted,Unweighted,0.0,1.0,6945.0,2050,2047,1e-06,2.0,0.0,0.0741869458426977,0.0520897513203171,0.2548091024121772,0.2142918858821854,158
practical_operational_radial_validation,5,20270112,unweighted,Unweighted,0.0,1.0,6945.0,3074,3071,1e-06,2.0,0.0,0.0633145103222415,0.0457508595412319,0.2802383255131119,0.2338736415054033,162
practical_hidden_3d_validation_diagnostic,5,20270112,unweighted,Unweighted,0.0,1.0,6945.0,3074,3071,1e-06,2.0,0.0,0.0633145103222415,0.0457508595412319,0.2802383255131119,0.2338736415054033,162
raw_operational_radial_validation,6,20270122,optimized_gamma0p75_cap20,"Radial-CV weighted ($\gamma=0.75$, cap 20)",0.75,20.0,4790.603234739236,4354,4351,0.0001,1.0,0.0,0.0832683497042597,0.1026590570731193,0.5194067435490607,0.4274292643811437,71
raw_hidden_3d_validation_diagnostic,6,20270122,unweighted,Unweighted,0.0,1.0,6945.0,3074,3071,1e-06,2.0,0.0,0.0917555449784315,0.0600380755079316,0.2641572445655549,0.222371795443022,162
practical_operational_radial_validation,6,20270122,optimized_gamma0p75_cap20,"Radial-CV weighted ($\gamma=0.75$, cap 20)",0.75,20.0,4790.603234739236,2818,2815,0.0001,1.0,0.0,0.0856706182878664,0.1086144637465625,0.5012880154688418,0.4128727308744784,65
practical_hidden_3d_validation_diagnostic,6,20270122,unweighted,Unweighted,0.0,1.0,6945.0,3074,3071,0.0001,1.0,0.0,0.0875134804570254,0.0805326950852738,0.3610948339360782,0.2995433003764515,66
raw_operational_radial_validation,7,20270202,unweighted,Unweighted,0.0,1.0,6945.0,4098,4095,1e-06,2.0,0.0,0.0667983285554148,0.0495689705169656,0.268362991347101,0.2244219892970933,166
raw_hidden_3d_validation_diagnostic,7,20270202,unweighted,Unweighted,0.0,1.0,6945.0,2562,2559,1e-06,2.0,0.0,0.0711169409650366,0.0486676859300117,0.2460128659351606,0.2067477145137399,160
practical_operational_radial_validation,7,20270202,unweighted,Unweighted,0.0,1.0,6945.0,3074,3071,1e-06,2.0,0.0,0.0702658767925014,0.0493862323802703,0.2526132090174547,0.211995941777865,162
practical_hidden_3d_validation_diagnostic,7,20270202,unweighted,Unweighted,0.0,1.0,6945.0,3074,3071,1e-06,2.0,0.0,0.0702658767925014,0.0493862323802703,0.2526132090174547,0.211995941777865,162
raw_operational_radial_validation,8,20270212,unweighted,Unweighted,0.0,1.0,6945.0,3330,3327,1e-06,2.0,0.0,0.0545608538092429,0.0417622521975017,0.2864228016418754,0.2350072664288178,163
raw_hidden_3d_validation_diagnostic,8,20270212,unweighted,Unweighted,0.0,1.0,6945.0,2307,2304,1e-06,2.0,0.0,0.0603919039034837,0.0444535717980888,0.2697147747562895,0.2220690250527842,159
practical_operational_radial_validation,8,20270212,unweighted,Unweighted,0.0,1.0,6945.0,3074,3071,1e-06,2.0,0.0,0.055643905603547,0.0428022303328484,0.277254026487907,0.2277129928464407,162
practical_hidden_3d_validation_diagnostic,8,20270212,unweighted,Unweighted,0.0,1.0,6945.0,3074,3071,1e-06,2.0,0.0,0.055643905603547,0.0428022303328484,0.277254026487907,0.2277129928464407,162
raw_operational_radial_validation,9,20270222,unweighted,Unweighted,0.0,1.0,6945.0,4354,4351,1e-06,2.0,0.0,0.0627028484163234,0.0470079415056387,0.2724450198800641,0.2256184494109043,167
raw_hidden_3d_validation_diagnostic,9,20270222,unweighted,Unweighted,0.0,1.0,6945.0,2818,2815,1e-06,2.0,0.0,0.0671948936468052,0.0466552679427905,0.2510631004719851,0.2088481003495441,161
practical_operational_radial_validation,9,20270222,unweighted,Unweighted,0.0,1.0,6945.0,3074,3071,1e-06,2.0,0.0,0.0655078577630636,0.0454378804312259,0.26023952399575,0.2160520209328895,162
practical_hidden_3d_validation_diagnostic,9,20270222,unweighted,Unweighted,0.0,1.0,6945.0,3074,3071,1e-06,2.0,0.0,0.0655078577630636,0.0454378804312259,0.26023952399575,0.2160520209328895,162
raw_operational_radial_validation,10,20270302,unweighted,Unweighted,0.0,1.0,6945.0,4354,4351,1e-06,2.0,0.0,0.0626944391284198,0.0455585093748225,0.2774558656604627,0.2288010877073395,167
raw_hidden_3d_validation_diagnostic,10,20270302,unweighted,Unweighted,0.0,1.0,6945.0,2818,2815,1e-06,2.0,0.0,0.0675071259384456,0.047239578867852,0.2645103457556393,0.2188855822468397,161
practical_operational_radial_validation,10,20270302,unweighted,Unweighted,0.0,1.0,6945.0,3074,3071,1e-06,2.0,0.0,0.0644413675736379,0.0456572179162849,0.2722697823940401,0.2248003418259018,162
practical_hidden_3d_validation_diagnostic,10,20270302,unweighted,Unweighted,0.0,1.0,6945.0,3074,3071,1e-06,2.0,0.0,0.0644413675736379,0.0456572179162849,0.2722697823940401,0.2248003418259018,162
