protocol,subset,loss_name,loss_label,n_seeds,nrmse_radial_mean,nrmse_radial_std,nrmse_radial_sem,nrmse_tangential_mean,nrmse_tangential_std,nrmse_tangential_sem,nrmse_3d_mean,nrmse_3d_std,nrmse_3d_sem,direction_error_median_deg_mean,direction_error_median_deg_std,direction_error_median_deg_sem,direction_error_p90_deg_mean,direction_error_p90_deg_std,direction_error_p90_deg_sem,vector_gain_through_origin_mean,vector_gain_through_origin_std,vector_gain_through_origin_sem
retuned_practical,observed_test_parent_weighted,unweighted,Unweighted,10,0.060780020772245105,0.008291661697178898,0.002622053655066266,0.2607588136253138,0.024159687154880396,0.007639963896653522,0.21754081093419259,0.02053049643788621,0.006492313023769404,7.9541376167828135,0.7608498263957651,0.24060184087543177,20.828076099970815,1.5443180791558955,0.4883562561908831,0.943506819413443,0.03404076243096769,0.010764634257054817
retuned_practical,observed_test_unweighted,unweighted,Unweighted,10,0.04872193197164968,0.02520783280271254,0.007971416653327753,0.22513968788659988,0.06850817260293061,0.02166418637612069,0.18481007754747597,0.05809465733288604,0.018371143705892264,6.025098785412032,1.1074990593755154,0.3502219534120686,16.554238993501567,2.6054848087633307,0.8239266404660363,0.9553295175466762,0.04735543044126797,0.014975101977207932
retuned_practical,query_primary_boundary_safe,unweighted,Unweighted,10,0.11992055302110356,0.006963379057255021,0.00220201380320419,0.24617006903340588,0.01809070666275094,0.005720783753627654,0.21893645906503298,0.01411898547897725,0.00446481523644115,8.04986820983506,0.2803848472148239,0.08866547385971617,18.755839600310267,0.9003993809626282,0.2847312847647557,0.9530648592319068,0.0340999898491369,0.01078336361118941
retuned_raw,observed_test_parent_weighted,unweighted,Unweighted,10,0.05619811596644366,0.005746169218546764,0.0018170982551357624,0.26220770406941574,0.010985849642231559,0.003474030690159764,0.2183019886400191,0.008678425015538848,0.002744358955208492,7.973438812178149,0.30694258381333567,0.09706376757472718,21.505889420833505,1.6465068659611528,0.5206711879542806,0.9529613228358886,0.004195359197022598,0.0013266890665126511
retuned_raw,observed_test_unweighted,unweighted,Unweighted,10,0.039924184230857626,0.0037636023704991617,0.0011901555697986254,0.21321040031969624,0.008824141525414044,0.002790438561598096,0.17435149806354225,0.00756750278567602,0.0023930545002405256,5.717171997586543,0.2257072995882707,0.071374915122492,16.370743970141064,0.904882255306167,0.28614889410374716,0.9689734167262924,0.004089200818101053,0.001293118839502322
retuned_raw,query_primary_boundary_safe,unweighted,Unweighted,10,0.12948605525606088,0.007189752763475479,0.0022735994546072376,0.26746094765595385,0.018078633073630137,0.005716965749512178,0.23765311005095463,0.015565219649256007,0.004922154637245616,8.209300795874029,0.3297142809531651,0.10426481048966744,20.1017056123606,1.3748620987711817,0.43476957007563194,0.9620602445089655,0.0035343451374843693,0.001117658067159156
matched_unweighted_practical,observed_test_parent_weighted,unweighted,Unweighted,10,0.060780020772245105,0.008291661697178898,0.002622053655066266,0.2607588136253138,0.024159687154880396,0.007639963896653522,0.21754081093419259,0.02053049643788621,0.006492313023769404,7.9541376167828135,0.7608498263957651,0.24060184087543177,20.828076099970815,1.5443180791558955,0.4883562561908831,0.943506819413443,0.03404076243096769,0.010764634257054817
matched_unweighted_practical,observed_test_unweighted,unweighted,Unweighted,10,0.04872193197164968,0.02520783280271254,0.007971416653327753,0.22513968788659988,0.06850817260293061,0.02166418637612069,0.18481007754747597,0.05809465733288604,0.018371143705892264,6.025098785412032,1.1074990593755154,0.3502219534120686,16.554238993501567,2.6054848087633307,0.8239266404660363,0.9553295175466762,0.04735543044126797,0.014975101977207932
matched_unweighted_practical,query_primary_boundary_safe,unweighted,Unweighted,10,0.11992055302110356,0.006963379057255021,0.00220201380320419,0.24617006903340588,0.01809070666275094,0.005720783753627654,0.21893645906503298,0.01411898547897725,0.00446481523644115,8.04986820983506,0.2803848472148239,0.08866547385971617,18.755839600310267,0.9003993809626282,0.2847312847647557,0.9530648592319068,0.0340999898491369,0.01078336361118941
matched_raw_operational_structure,observed_test_parent_weighted,unweighted,Unweighted,10,0.05746900289003123,0.00911629508693697,0.0028828256296923533,0.270467705672997,0.028596826760294052,0.009043110641578317,0.225170488445558,0.02433589828623265,0.007695686749068346,8.214477992447312,0.8952450752304774,0.2831013501777099,21.64823091970562,1.7624370985363262,0.5573315464153401,0.9406544453039553,0.039010320875266034,0.012336146621985395
matched_raw_operational_structure,observed_test_unweighted,unweighted,Unweighted,10,0.04852159315908722,0.030483897762158617,0.009639854888813104,0.23993900092386963,0.08480959767038192,0.026819149608091696,0.19672931894117549,0.07178134703220151,0.022699255013672464,6.169422563220024,1.5091493455055822,0.47723492611500334,17.303556009068252,3.210935454834306,1.015386945706512,0.9518424259243439,0.05545311578666048,0.01753581492388869
matched_raw_operational_structure,query_primary_boundary_safe,unweighted,Unweighted,10,0.1276747311010554,0.011591858396497854,0.003665667484708041,0.27495421755890687,0.02152062384766321,0.006805418802635224,0.24363209878260134,0.017264030145422535,0.0054593656853343135,8.357127099230937,0.42616955781068894,0.13476664721085782,20.205396317163828,1.405614069914386,0.4444941972108617,0.9500344056328498,0.0395321164613595,0.012501152874493177
retuned_practical,observed_test_parent_weighted,optimized_gamma0p75_cap20,"Radial-CV weighted ($\gamma=0.75$, cap 20)",10,0.06411216206683797,0.009661679536279092,0.0030552913357281357,0.3023102194176547,0.05714460774336873,0.01807071164659399,0.2517101815467555,0.04794824020156748,0.015162564883380423,9.35915681301191,1.6241633022048385,0.5136055327027664,22.73832961107682,2.6299917144812297,0.8316764045131927,0.9076150634016118,0.053173588969511534,0.016814965250926208
retuned_practical,observed_test_unweighted,optimized_gamma0p75_cap20,"Radial-CV weighted ($\gamma=0.75$, cap 20)",10,0.0719719347644808,0.05211706362666417,0.01648086260201741,0.32931334169639087,0.14151595950869167,0.04475127573116286,0.2705116252102749,0.11970836495451086,0.0378551088230933,8.611338095897842,2.5210897331760793,0.7972385742502576,22.019394514329225,8.473117691094055,2.679435078652421,0.9022806798121691,0.08343117894738697,0.02638325533468322
retuned_practical,query_primary_boundary_safe,optimized_gamma0p75_cap20,"Radial-CV weighted ($\gamma=0.75$, cap 20)",10,0.12319282023926048,0.007054643309307126,0.002230874093747825,0.3045368563970617,0.04582086725974828,0.014489830490504268,0.26743486300245084,0.037543638465703445,0.011872340920153225,9.387307989729544,0.968297092736371,0.30620242647662155,22.103316081062644,2.18978575819269,0.692471058368762,0.9122612090202304,0.05597238138005656,0.01770002112245774
retuned_raw,observed_test_parent_weighted,optimized_gamma0p75_cap20,"Radial-CV weighted ($\gamma=0.75$, cap 20)",10,0.06061484433236779,0.01049073676386506,0.00331746225070776,0.3168502970600336,0.06016501488131397,0.019025848248287725,0.2633086076611118,0.05051382610770755,0.01597387438300338,9.443187704631589,1.7988885299850548,0.5688585011504874,23.470752368135113,2.78567048927257,0.8809063556816967,0.9038736292361434,0.05690850446946675,0.017996049235738706
retuned_raw,observed_test_unweighted,optimized_gamma0p75_cap20,"Radial-CV weighted ($\gamma=0.75$, cap 20)",10,0.07274521642034752,0.056367953808142975,0.017825112107689365,0.35212220977481223,0.14957651786447188,0.04730024809285959,0.28895557586891607,0.12667263871587706,0.040057405556579814,8.80163647181656,2.6980542613956717,0.853199671673363,22.723345157222035,9.422510522905611,2.9796594529285887,0.8963477629033267,0.08903913457286937,0.028156646614051078
retuned_raw,query_primary_boundary_safe,optimized_gamma0p75_cap20,"Radial-CV weighted ($\gamma=0.75$, cap 20)",10,0.13384819483900814,0.014384829864729621,0.004548882612655741,0.32679274364395694,0.049847919346820736,0.015763296175632636,0.28727915351928146,0.04069322180707122,0.012868326624077803,9.800162823251611,1.152821295217277,0.36455410280319706,22.869614366138432,2.268662742789709,0.7174141509980217,0.9101956245672065,0.06066046046545698,0.019182521898544178
matched_unweighted_practical,observed_test_parent_weighted,optimized_gamma0p75_cap20,"Radial-CV weighted ($\gamma=0.75$, cap 20)",10,0.06305377180286045,0.010164072729733525,0.003214162012956296,0.308362042631443,0.05827061911621642,0.01842678770753917,0.256552526499465,0.04887652821901048,0.015456115329356621,9.376963022633763,1.7306018003778516,0.5472643411982057,23.080504071086303,2.705138637040984,0.855439947957304,0.9064983493287698,0.05493382738181794,0.01737160151170689
matched_unweighted_practical,observed_test_unweighted,optimized_gamma0p75_cap20,"Radial-CV weighted ($\gamma=0.75$, cap 20)",10,0.07320523078187963,0.05427272387006001,0.017162542225077793,0.33547145566487097,0.1446554807879494,0.04574407953166486,0.27556048888045226,0.12246363177811474,0.038726400695501866,8.706918741277153,2.609620422586875,0.8252344363865639,22.122461880024186,8.768939226030982,2.7729820617851972,0.8991822420363075,0.08564230647581138,0.027082475253375204
matched_unweighted_practical,query_primary_boundary_safe,optimized_gamma0p75_cap20,"Radial-CV weighted ($\gamma=0.75$, cap 20)",10,0.12711063979881265,0.008796818150749092,0.0027817981518677565,0.2972571289722729,0.050650249940732174,0.016017015386952212,0.26202322949186013,0.04134452350217324,0.013074286304122896,9.61136853579132,1.0559610519551466,0.3339242044605661,20.90389730612504,2.5059821850700184,0.792461148062686,0.9117289660911763,0.05816021658454688,0.018391875361586707
matched_raw_operational_structure,observed_test_parent_weighted,optimized_gamma0p75_cap20,"Radial-CV weighted ($\gamma=0.75$, cap 20)",10,0.05990050275161285,0.010671657970434364,0.0033746745596862416,0.31736445526290874,0.05971302473579617,0.018882916414309007,0.2636692462789537,0.05018110038472598,0.015868657270928583,9.457231131860608,1.8000221150726798,0.5692169722303371,23.595144409461483,2.597497744172844,0.8214009088735544,0.9044499588357789,0.05708874526582818,0.018053046380117177
matched_raw_operational_structure,observed_test_unweighted,optimized_gamma0p75_cap20,"Radial-CV weighted ($\gamma=0.75$, cap 20)",10,0.07222687593989649,0.056535047653468104,0.017877951821111692,0.3529776472700502,0.14861726148642426,0.04699690459139219,0.28962493187071486,0.12595008875576583,0.039828915196858286,8.865314516135518,2.6873732590057147,0.8498220421487663,22.754124181420366,9.401492620352112,2.973013008557736,0.8976667183522945,0.08952276546691366,0.028309584131251432
matched_raw_operational_structure,query_primary_boundary_safe,optimized_gamma0p75_cap20,"Radial-CV weighted ($\gamma=0.75$, cap 20)",10,0.13722731179404354,0.014936556104823825,0.004723353769013601,0.32877195214774935,0.04757624523679014,0.015044929746699371,0.28936728915119814,0.03856308648057824,0.01219471868846738,9.75745039286623,1.1862546090383703,0.3751266449433813,23.039994142590526,2.4383567946329436,0.7710761219187534,0.911460544093335,0.06100510158307262,0.019291506989245314
retuned_practical,observed_test_parent_weighted,previous_mock2_gamma1p00_cap50,"Previous Mock-2 ($\gamma=1$, cap 50)",10,0.06597326062172841,0.010687025808288874,0.0033795342967194823,0.33398524508684124,0.06637112885473379,0.020988393805748153,0.2776996532421227,0.05566340921331448,0.017602315544407512,10.063336647677215,1.979726015189625,0.6260443351088316,24.003361754807315,3.119665560533279,0.9865248709271052,0.884981793998304,0.05826302173275884,0.018424385203940803
retuned_practical,observed_test_unweighted,previous_mock2_gamma1p00_cap50,"Previous Mock-2 ($\gamma=1$, cap 50)",10,0.08720359942477529,0.05909209407258386,0.018686560897830023,0.4083458502656784,0.15616983959169173,0.0493852394932886,0.3352064594998592,0.13219302736543662,0.041803105726774745,10.165689015671854,2.8356604833693857,0.8967145798381276,26.122610215869997,10.73455151217732,3.3945632438885034,0.8677769445238204,0.09310162050510395,0.02944131746487645
retuned_practical,query_primary_boundary_safe,previous_mock2_gamma1p00_cap50,"Previous Mock-2 ($\gamma=1$, cap 50)",10,0.12561470567472727,0.007550878215218415,0.0023877973494637276,0.3383392990743723,0.053378938367430316,0.016879902432282965,0.2957298357286892,0.04402282346729343,0.013921239118815827,10.23458444521697,1.4923619572743365,0.47192628783737917,23.630100547531182,2.7713508231381034,0.8763780796498873,0.8871332721782752,0.06146927303091257,0.019438290889244546
retuned_raw,observed_test_parent_weighted,previous_mock2_gamma1p00_cap50,"Previous Mock-2 ($\gamma=1$, cap 50)",10,0.06240033282380962,0.011319840154377016,0.003579647763686341,0.3460498936700993,0.06724721105555166,0.021265435322959908,0.2872941373406734,0.05642652326161673,0.017843633395118196,10.152895704370941,2.112326601668822,0.6679763223436705,25.068773507578108,3.41986562831698,1.0814564677204483,0.8824330325020258,0.06078691440257407,0.019222510144582747
retuned_raw,observed_test_unweighted,previous_mock2_gamma1p00_cap50,"Previous Mock-2 ($\gamma=1$, cap 50)",10,0.08751970338388856,0.061430541101938074,0.019426042777871418,0.4274323226284511,0.15761882958984103,0.0498434503633841,0.35060697184499373,0.1336259035337182,0.042256220956449195,10.303320404655574,2.9518436424346572,0.9334549206781173,27.422268623441784,11.356620060352014,3.5912785911871246,0.8625669748615831,0.09608629452081151,0.030385154261152156
retuned_raw,query_primary_boundary_safe,previous_mock2_gamma1p00_cap50,"Previous Mock-2 ($\gamma=1$, cap 50)",10,0.13586284967215911,0.014809214891051397,0.004683084941460473,0.35483414679612824,0.055682587123925105,0.01760838013223678,0.31073657296980917,0.045621102067461186,0.014426659190019396,10.487211519230694,1.380299523663517,0.43648903480221946,24.87819465884433,2.892822500767127,0.914790796900831,0.8872985574473435,0.0652563124736353,0.020635857912034403
matched_unweighted_practical,observed_test_parent_weighted,previous_mock2_gamma1p00_cap50,"Previous Mock-2 ($\gamma=1$, cap 50)",10,0.06492508955769025,0.011059126874782861,0.003497202985709359,0.3395489745106496,0.06672066749981671,0.021098927630619282,0.2821515887234499,0.05592583526726636,0.01768530194919333,10.158720592729534,2.077626264905746,0.6570031123690512,24.52349236000749,3.264724517529937,1.0323965408388909,0.8841681285141236,0.05965964678370252,0.01886603682376388
matched_unweighted_practical,observed_test_unweighted,previous_mock2_gamma1p00_cap50,"Previous Mock-2 ($\gamma=1$, cap 50)",10,0.08851601403675188,0.060288273751289895,0.019064826125381972,0.41291937867377165,0.15743559019703549,0.04978550497955092,0.33897722863155394,0.13332346140905973,0.04216058035901906,10.213110446007402,3.0280631448944537,0.9575576436678936,26.32630933088361,10.748171188479015,3.3988701636992604,0.8638605343726745,0.09417355346271074,0.029780292429380267
matched_unweighted_practical,query_primary_boundary_safe,previous_mock2_gamma1p00_cap50,"Previous Mock-2 ($\gamma=1$, cap 50)",10,0.12934413993746846,0.00930664844642141,0.0029430206473159176,0.32819183136414987,0.058700121213739645,0.018562608196338485,0.28785473382621457,0.04824392447986208,0.015256068462151825,10.483941309543846,1.3421244101547087,0.42441700393988985,22.75510599836084,2.9822175589226143,0.9430599964342861,0.8874214867728683,0.06359692039329666,0.020111112061522884
matched_raw_operational_structure,observed_test_parent_weighted,previous_mock2_gamma1p00_cap50,"Previous Mock-2 ($\gamma=1$, cap 50)",10,0.06166030373119541,0.011526961251752439,0.003645145205604327,0.34586272790260814,0.0669776157026358,0.021180181786778805,0.2870864575479759,0.05625172012050332,0.01778835578831118,10.12878893050419,2.12807991852824,0.6729579585414799,25.062026660634245,3.2774296706893127,1.036414263039382,0.8833508199430453,0.061072563789030296,0.01931284041192588
matched_raw_operational_structure,observed_test_unweighted,previous_mock2_gamma1p00_cap50,"Previous Mock-2 ($\gamma=1$, cap 50)",10,0.08657716649514702,0.06175255156483146,0.01952787142718624,0.42713333597043934,0.15619244097403262,0.049392386677935156,0.3503246356115578,0.13257786555397047,0.04192480224741277,10.315647277571136,2.9606021596944796,0.9362246070248109,27.52001380959414,11.314821263564879,3.5780606510569366,0.8645486109245455,0.09689013793669053,0.030639351868782923
matched_raw_operational_structure,query_primary_boundary_safe,previous_mock2_gamma1p00_cap50,"Previous Mock-2 ($\gamma=1$, cap 50)",10,0.13921248118539972,0.015411445411724454,0.004873526953640071,0.35579143181831796,0.05405397516667335,0.017093367811286748,0.3119604632179998,0.04403961438031182,0.013926548871729017,10.353494586752188,1.4549399801807328,0.46009241962113556,25.073362530196942,2.8877834565170666,0.9131973111947743,0.889104182719846,0.06579967123674195,0.020807683039837294
