scale,model,n_replicates,mean_reference_bandwidth,std_reference_bandwidth,mean_reference_bulk_rms,normalized_rmse_mean,normalized_rmse_std,normalized_rmse_min,normalized_rmse_max,median_direction_error_deg_mean,median_direction_error_deg_std,median_direction_error_deg_min,median_direction_error_deg_max,p90_direction_error_deg_mean,p90_direction_error_deg_std,p90_direction_error_deg_min,p90_direction_error_deg_max,median_abs_relative_speed_error_mean,median_abs_relative_speed_error_std,median_abs_relative_speed_error_min,median_abs_relative_speed_error_max,corr_x_mean,corr_x_std,corr_x_min,corr_x_max,corr_y_mean,corr_y_std,corr_y_min,corr_y_max,corr_z_mean,corr_z_std,corr_z_min,corr_z_max,calibration_slope_x_mean,calibration_slope_x_std,calibration_slope_x_min,calibration_slope_x_max,calibration_slope_y_mean,calibration_slope_y_std,calibration_slope_y_min,calibration_slope_y_max,calibration_slope_z_mean,calibration_slope_z_std,calibration_slope_z_min,calibration_slope_z_max,vector_gain_through_origin_mean,vector_gain_through_origin_std,vector_gain_through_origin_min,vector_gain_through_origin_max
fine,corrected Cartesian diffusion spectral,5,16.837484516735383,0.06050646710151127,448.5208780233984,0.25129243935948087,0.004294455546049336,0.24803948011126212,0.25607482172910384,10.17459002855134,0.36434173597192276,9.598792906175191,10.540410502261423,28.54877952992961,1.3351128168626156,27.521760725912852,30.649068513467103,0.10282019904194448,0.004455922610410008,0.09805950052858312,0.10919461880098509,0.9734664621320013,0.001936554275771257,0.9713486985437372,0.9761148273031164,0.9659004400169444,0.004060026590654394,0.9625618780341356,0.9713226959677755,0.9587350244461137,0.0020021982713833196,0.956144659439403,0.960793800330993,0.9575552415281348,0.007997199111244054,0.9439086400736245,0.9628143963598248,0.9330357985031899,0.010347585569989437,0.9205845259957884,0.9483585274929335,0.9243011027214185,0.012277977035506893,0.9100164675406496,0.94348377535186,0.9417779995022677,0.005380246961733765,0.9357577101978123,0.9484030163891405
fine,adaptive local-kernel regression,5,16.837484516735383,0.06050646710151127,448.5208780233984,0.21969880292665261,0.009595138022823716,0.20424420538334917,0.2278770109014294,7.741459152252958,0.33502382018957794,7.4328099688226414,8.153097186307388,23.530977643152788,1.0794052611914826,22.31486824731478,24.54237268487125,0.07847544517136824,0.0053328835408967224,0.06990167880641333,0.08429695158143982,0.9794092216196766,0.002828485597525883,0.9769868463056649,0.9841041389343911,0.9752778254937795,0.001292905844716093,0.9739898670032463,0.976786501434087,0.9678051438277914,0.0034095353315885444,0.9625361042185164,0.9716373535141921,0.9532171865348136,0.008994953289299551,0.9396795906618034,0.964484127991353,0.9370375869227034,0.009005545154819132,0.9261581865012767,0.9487766573446179,0.9171187513661714,0.008595390146939469,0.9056985309046817,0.9282142308720263,0.9394951116943382,0.004549725590238491,0.9336893007463287,0.9445198936642006
fine,mean-bulk baseline,5,16.837484516735383,0.06050646710151127,448.5208780233984,0.9841328811342587,0.004085030359901903,0.9804224018808141,0.9909501579551927,73.61200333330456,2.0593030916609143,71.68941340779429,76.76100901624407,131.49487505408092,2.730805640840698,127.16839203490662,134.4060752510907,0.7788918293248239,0.020906710849415748,0.7531350977632816,0.8012566920287435,2.1060338940692834e-18,2.363821268278464e-17,-2.1567752623720836e-17,2.5708511404038943e-17,2.5781639641046173e-17,2.230259710414452e-17,0.0,5.2982266527200254e-17,-1.3656680320861973e-17,1.5783695216551506e-17,-3.4460117936659817e-17,3.2046245370465766e-18,1.8239204642766363e-35,3.147035108964815e-35,-1.703495922502503e-36,7.201157380921203e-35,1.5068249898781175e-33,1.4190515108154783e-33,0.0,3.100503313882123e-33,-1.8944446989406818e-34,3.662154586319132e-34,-6.3247364318842985e-34,1.7049169381065782e-34,0.03375764764349859,0.0027537391254329638,0.02973217022964025,0.03737752205383536
fiducial,corrected Cartesian diffusion spectral,5,22.031778990223682,0.06726104067918354,408.3226152952861,0.13208581632045271,0.003583479915722711,0.12790396886408906,0.13581940841806744,5.394866988119139,0.4210062382764446,4.715135115799131,5.785098470628264,15.11164586017818,0.7702901739030894,14.17713288260673,15.781389026254116,0.05472646260257301,0.0013993710295493525,0.05282450036157678,0.056089818047986365,0.99243306870931,0.0007289675055377722,0.9912577113713766,0.9930755109834621,0.9909917946190181,0.0008293709582122905,0.9900651074375121,0.991954907916914,0.9883589848430223,0.0006037314085572635,0.987708513818152,0.98929688558839,0.9872823860167269,0.0018004796653856398,0.9847003664024515,0.9890895308108008,0.9801990788819193,0.005316257847636876,0.9735034518193533,0.9883500794927819,0.9774701566150525,0.008816004426020164,0.9697306439858143,0.9919569228194977,0.9828434240344259,0.0031045559177024554,0.979026461253362,0.9868345535003307
fiducial,adaptive local-kernel regression,5,22.031778990223682,0.06726104067918354,408.3226152952861,0.15645026398900627,0.006274080289411055,0.1479569002566527,0.16406983269103306,5.573321027863258,0.295240980268349,5.312278052346706,6.026934462411923,16.729090879615573,1.1009192365533558,15.442813235738285,18.034970792427142,0.057211419781952585,0.0019584539761963635,0.05555719785981528,0.060287096690251,0.9896838691891338,0.0013957285094606275,0.9880943283913303,0.9909872468211427,0.9879879506232209,0.0006653676768385621,0.9872598712697124,0.9886824653123949,0.9827385855003372,0.0013621050372333344,0.981756673149339,0.9850720602462233,0.9663892845875717,0.003969077412008093,0.9619374176625259,0.9723343759271622,0.9637879730109292,0.005847506741841838,0.9590990954042911,0.9723792582928198,0.9443011184979812,0.012565980462667542,0.9306264338621228,0.9557631945802684,0.9612792294398531,0.003534880662878167,0.9571632856008133,0.965482992345037
fiducial,mean-bulk baseline,5,22.031778990223682,0.06726104067918354,408.3226152952861,0.9800878564592643,0.004133415125124406,0.9758502194870801,0.9864884932415446,71.4135110983643,1.2158161956335052,69.76538322678192,73.11022570021606,130.72226259544726,3.0893370290874675,126.3718421593396,133.6730677185647,0.7548020777895345,0.025563624456305948,0.7203163819923379,0.7819291328096493,-1.0007959061421714e-17,5.068135774861254e-17,-6.494670193202964e-17,3.49228247477645e-17,1.2674419242241499e-17,2.9897743222331146e-17,-3.3510051386174924e-17,4.4963242355367773e-17,,,,,-5.046626619589608e-35,1.9013546560795742e-34,-3.450450222050775e-34,1.7671446838138491e-34,4.416442873278865e-34,1.2606976455713725e-33,-1.459977102084983e-33,2.0629482640669402e-33,0.0,0.0,0.0,0.0,0.04235476379700381,0.0024540029401645138,0.039333613113608806,0.04608518089544095
coarse,corrected Cartesian diffusion spectral,5,28.45786147461548,0.08548440535309243,374.76003758313203,0.08313621071422764,0.0036285884891047258,0.07847588865170012,0.08851493670876952,3.2853706368975866,0.1355807033557014,3.0699247287621976,3.430304025599661,9.313646528711686,0.6959103748380393,8.35048751043778,10.07535245274032,0.03470961073411496,0.0010239133687802392,0.03344646704889282,0.03596831598354256,0.9970573892262229,0.00022187782964113478,0.996758299954442,0.9973778169704539,0.9963786823931498,0.00044104759323722564,0.9959086394774123,0.996969152087603,0.9951590327954358,0.0005417456662392702,0.9943778187315232,0.9958929159246297,0.9955260415816685,0.001599142197856881,0.9931231381968103,0.9974649934620156,0.9918684492385166,0.0013612884116634587,0.990375888068857,0.9933451208524662,0.9898565587466773,0.003383169515149473,0.9872191780761234,0.9953636790417948,0.9929144920008766,0.0008902456865242142,0.9913490713172275,0.9935237680032283
coarse,adaptive local-kernel regression,5,28.45786147461548,0.08548440535309243,374.76003758313203,0.12107950357432584,0.004038623202250142,0.11696830576247062,0.12606587340073633,4.340988642285683,0.2759011164513226,4.007612426861449,4.747857551544654,12.964877209044948,0.8509663581252024,12.246570755323178,14.306805126106017,0.04468144570285067,0.002437719195626363,0.04165937095909651,0.04757989932041137,0.9941996756866918,0.0008229367679531365,0.9931427799568202,0.9951698891195206,0.9927651692252584,0.00011283977814020034,0.9926124999649614,0.9928717063900884,0.9886679093053738,0.0006235533909855459,0.9880066479005611,0.9893334173200033,0.9788880434492999,0.0041242250786399145,0.9758206928322744,0.9859006949528594,0.9757250846569103,0.0036635412631231324,0.9707882921496245,0.9793494933863323,0.9581696001841908,0.008250949694356396,0.9485314018614794,0.9670724838543819,0.9738252160620281,0.0022583559953708405,0.9714931810407511,0.9771791235052116
coarse,mean-bulk baseline,5,28.45786147461548,0.08548440535309243,374.76003758313203,0.975651250320082,0.004967760498836509,0.9702869928383859,0.9828198218618899,68.81857311921623,0.9873850619125573,67.96192512976916,70.35267561468413,130.08489748017055,2.7620222587551906,126.26227530275102,132.95231230495833,0.7347995214359029,0.02321570509646415,0.7022295675268083,0.7545037376303785,-1.5303296090813491e-18,2.9230440964311258e-18,-5.4456687363407445e-18,1.2616494346185888e-18,-2.7679398511166063e-17,2.483923276459757e-17,-4.8028756581072685e-17,0.0,-9.348943002115876e-18,2.3900262426342618e-17,-3.430606805494831e-17,1.3331529927308569e-17,4.4078204734420726e-35,3.839053374003545e-35,0.0,8.569920643754869e-35,-1.1135761652430754e-33,1.9337307560580562e-33,-3.203662141596618e-33,8.302651028221868e-34,3.177543482101799e-34,1.219756721037881e-33,-8.102724075199953e-34,2.4082025894167912e-33,0.05165222148975004,0.002876875277634673,0.04806897827811384,0.054764547304474796
