loss_name,loss_label,n_basis,n_diffusion_modes,n_seeds,weighted_validation_nrmse_radial_mean,weighted_validation_nrmse_radial_std,weighted_validation_nrmse_radial_sem,unweighted_validation_nrmse_radial_mean,unweighted_validation_nrmse_radial_std,unweighted_validation_nrmse_radial_sem,weighted_validation_nrmse_tangential_mean,weighted_validation_nrmse_tangential_std,weighted_validation_nrmse_tangential_sem,weighted_validation_nrmse_3d_mean,weighted_validation_nrmse_3d_std,weighted_validation_nrmse_3d_sem
global_g0p75_cap20,"Global radial ($\gamma=0.75$, cap 20)",3,0,10,0.9591640586888428,0.0043062229814094435,0.0013617472733814756,1.0505081710570379,0.006009992167859935,0.00190052639702104,1.125231237003624,0.0037646943331050677,0.001190500878694065,1.066733160754761,0.004125261092102053,0.0013045220993916134
global_g0p75_cap20,"Global radial ($\gamma=0.75$, cap 20)",35,32,10,0.8206697440328833,0.008285227703352428,0.002620019047571955,0.8164569442746578,0.027449332374206294,0.008680241055348922,0.9555760783715833,0.011607596139010978,0.0036706441958651147,0.9079864301285248,0.00898904907218556,0.0028425869067129693
global_g0p75_cap20,"Global radial ($\gamma=0.75$, cap 20)",67,64,10,0.658246324944382,0.011974089103741963,0.0037865394473628818,0.681098658390883,0.02052509114640745,0.0064906037205204065,0.9852000243384286,0.018084452522789066,0.005718806020919155,0.8784910727645874,0.014551562169125617,0.004601607996797726
global_g0p75_cap20,"Global radial ($\gamma=0.75$, cap 20)",131,128,10,0.5468152599508298,0.01188654921071712,0.003758856902554283,0.5825609529931491,0.02400141922533227,0.007589915182860408,0.9851244177711898,0.015997964972693783,0.0050590007241305785,0.8496815407747673,0.012630773058877085,0.003994201147474363
global_g0p75_cap20,"Global radial ($\gamma=0.75$, cap 20)",259,256,10,0.37719354633808133,0.009992040752308157,0.003159760725051613,0.3916765578757657,0.012440569926419396,0.003934053635807864,0.771876447893027,0.013006453471750204,0.004113001725173513,0.6542102166983692,0.01027126445983671,0.0032480590143023065
global_g0p75_cap20,"Global radial ($\gamma=0.75$, cap 20)",387,384,10,0.26658038722862354,0.009890310812302414,0.00312759089338657,0.2661984457526648,0.008725381739082272,0.002759207974994099,0.6680914199965973,0.00871741104499958,0.002756687420210726,0.5544881135342823,0.008632013172203065,0.002729682241673694
global_g0p75_cap20,"Global radial ($\gamma=0.75$, cap 20)",514,511,10,0.20973000099963013,0.011388040957623068,0.0036012147513373944,0.20825543950639397,0.011640565187590126,0.003681069924444999,0.5607971414658143,0.011874991052940168,0.003755201892141207,0.4630516516903489,0.010319271435865873,0.003263240153085232
global_g0p75_cap20,"Global radial ($\gamma=0.75$, cap 20)",643,640,10,0.18127710275144773,0.00817371275109711,0.0025847549233427814,0.18087706246473537,0.012953280039191432,0.004096186809384005,0.553590504743906,0.016090444387269802,0.005088245282804498,0.4529312616893094,0.013257186551152654,0.004192290486739472
global_g0p75_cap20,"Global radial ($\gamma=0.75$, cap 20)",771,768,10,0.15375393681143207,0.007650715723476143,0.002419368741664757,0.1499143738571445,0.008939324573968982,0.0028268626397256326,0.49517440904251425,0.008465571722425517,0.0026770488338379358,0.4038907120288867,0.005785601582109476,0.0018295678633739624
global_g0p75_cap20,"Global radial ($\gamma=0.75$, cap 20)",899,896,10,0.13055000158105498,0.005995201790925127,0.0018958492691643987,0.12367638701388553,0.008361539998801086,0.002644151114281301,0.45175554152032876,0.009516489338612521,0.003009378163872493,0.36718883813650943,0.008644286663159638,0.0027335634603001184
global_g0p75_cap20,"Global radial ($\gamma=0.75$, cap 20)",1027,1024,10,0.1188121637586804,0.005946311302631891,0.0018803887392719563,0.11138369354040194,0.008076576505019053,0.0025540377452462557,0.4211081246067245,0.012135955203775658,0.0038377260025703954,0.34191855156871703,0.00997684460836548,0.0031549552824005496
global_g0p75_cap20,"Global radial ($\gamma=0.75$, cap 20)",1283,1280,10,0.10234244882716452,0.005153474478522832,0.001629671721568064,0.09200695663047323,0.005876918066252177,0.001858444671154921,0.3801433590875686,0.01024408272485883,0.0032394633949737895,0.30799468332093327,0.007399427416596449,0.0023399044017540374
global_g0p75_cap20,"Global radial ($\gamma=0.75$, cap 20)",1539,1536,10,0.08961778538536072,0.0038883000107127383,0.001229588425990936,0.07881654456264944,0.0037221267497162505,0.001177039826894284,0.36377139440418765,0.0071802732064061405,0.0022706017554523714,0.2937331310406024,0.004383637100311159,0.001386227767259927
global_g0p75_cap20,"Global radial ($\gamma=0.75$, cap 20)",1795,1792,10,0.08248135198535946,0.0038686399582305796,0.0012233713715147294,0.0718438943359162,0.0041917601061979845,0.001325550934061492,0.3512654108615827,0.008260074333792103,0.002612064853708097,0.28317318053369006,0.0049616116205902115,0.0015689993586224253
global_g0p75_cap20,"Global radial ($\gamma=0.75$, cap 20)",2050,2047,10,0.07721676792741092,0.00399482531342159,0.0012632746844908238,0.0686413800981853,0.004348088506710074,0.0013749863149204154,0.3511627271248401,0.010418132196453997,0.0032945026705527404,0.28253648287670896,0.006733422456127722,0.002129295140948879
global_g0p75_cap20,"Global radial ($\gamma=0.75$, cap 20)",2307,2304,10,0.07115538668727225,0.0025611685315166024,0.0008099126031141205,0.06519917305727543,0.005768418035422308,0.0018241339487928335,0.3586404263194429,0.011290279011429285,0.003570299709491076,0.28780138098777075,0.00737220246751353,0.002331295116925624
global_g0p75_cap20,"Global radial ($\gamma=0.75$, cap 20)",2562,2559,10,0.06910918310667395,0.0028274660305430597,0.0008941232663271281,0.0643535315648206,0.005759745934977788,0.0018213915898425894,0.36134864786466026,0.011598089417191275,0.0036676379064619264,0.2897416978325037,0.007602268175696547,0.002404048281861421
global_g0p75_cap20,"Global radial ($\gamma=0.75$, cap 20)",2818,2815,10,0.06609496537897558,0.0037622608497425458,0.0011897313436866955,0.06417134382000954,0.00904488689724428,0.0028602443773905273,0.3705793699301479,0.016854401852086986,0.0053298298452355225,0.29672909127064917,0.011842286289196043,0.003744859737764294
global_g0p75_cap20,"Global radial ($\gamma=0.75$, cap 20)",3074,3071,10,0.06622361666571067,0.003963446551558361,0.0012533518487264407,0.06448384596302856,0.007777948883559269,0.002459603399641106,0.37108243072491365,0.015430512127685668,0.004879556378633763,0.29715631151733557,0.011145260129361872,0.003524440712384639
global_g0p75_cap20,"Global radial ($\gamma=0.75$, cap 20)",3330,3327,10,0.06493733810951198,0.0037959156592957018,0.0012003739289274122,0.06460854605271091,0.008645066056836197,0.0027338099262213043,0.3657898742555344,0.014995633670044755,0.004742035735485129,0.2928920009890954,0.010886128450245381,0.0034424960803934386
global_g0p75_cap20,"Global radial ($\gamma=0.75$, cap 20)",3586,3583,10,0.0642521955608403,0.0038789295268059137,0.0012266252187985844,0.06508818928270443,0.008241903026903754,0.0026063185819251884,0.3636943288910981,0.013613816058973865,0.004305066639293458,0.2911778582480171,0.00946044729997622,0.002991656115191506
global_g0p75_cap20,"Global radial ($\gamma=0.75$, cap 20)",3842,3839,10,0.062707219176869,0.004335790614352605,0.0013710973798934975,0.06518650356000202,0.00902635053803876,0.00285438266592888,0.3605419221998603,0.014146925538766056,0.004473650659130541,0.2885845209833978,0.010130005381628069,0.0032033889715707897
global_g0p75_cap20,"Global radial ($\gamma=0.75$, cap 20)",4098,4095,10,0.06166267652581451,0.004586698752198837,0.0014504414998000564,0.06467503031253666,0.009127356294780831,0.0028863234907382652,0.3580545090976758,0.012830101606827547,0.0040572343688961175,0.28655845154935033,0.009384208920177297,0.0029675474226629494
global_g0p75_cap20,"Global radial ($\gamma=0.75$, cap 20)",4354,4351,10,0.061186825914775644,0.004826460878729977,0.001526260941448445,0.06409648666730619,0.009015196959533206,0.0028508555947149754,0.36501933694744687,0.014559367552437814,0.004604076275725447,0.291998288874812,0.010617819992416044,0.0033576494961706444
octant_g1p00_cap20,"Octant-aware ($\gamma=1$, cap 20)",3,0,10,0.9730262166602905,0.0028005170493854547,0.0008856012502192289,1.0135489724784663,0.0037979811268401328,0.001201027087114768,1.0500819148622427,0.003962562938410029,0.0012530724257145203,1.0222111746144258,0.0028860202948208487,0.000912639750510453
octant_g1p00_cap20,"Octant-aware ($\gamma=1$, cap 20)",35,32,10,0.8231618191116785,0.009707255779150267,0.003069703809194728,0.7787002859522747,0.020798346006633935,0.006577014494523071,0.8672834724696562,0.010228041766047708,0.00323439079840418,0.8512406935261969,0.008116330020770888,0.0025666089107237735
octant_g1p00_cap20,"Octant-aware ($\gamma=1$, cap 20)",67,64,10,0.6614082490307466,0.012731548895480508,0.004026069265151941,0.6643638573857641,0.020391310596537312,0.006448298596098468,0.9377374614687379,0.016636336445952322,0.005260871509008004,0.8460616139494535,0.012726319825629858,0.004024415688074724
octant_g1p00_cap20,"Octant-aware ($\gamma=1$, cap 20)",131,128,10,0.5496991288223156,0.013886060553244062,0.004391157907526906,0.5649881215698084,0.02486421931641503,0.007862756528182633,0.9306836975138468,0.016370282693710103,0.00517673792529605,0.8108568318140025,0.011769539459214991,0.0037218551702345795
octant_g1p00_cap20,"Octant-aware ($\gamma=1$, cap 20)",259,256,10,0.37913284323834034,0.011178670119422173,0.0035350058789040528,0.3822486234362511,0.014033318462054458,0.004437724947058329,0.7393536041570643,0.01266448577721242,0.004004862045079901,0.6305161909001714,0.009118825316302108,0.0028836257584720013
octant_g1p00_cap20,"Octant-aware ($\gamma=1$, cap 20)",387,384,10,0.2671714794115191,0.01055290845546636,0.0033371226658523265,0.258652543579864,0.008406339520130325,0.00265831796682987,0.6344918240838366,0.005966318327059253,0.0018867155159112653,0.5291478117521493,0.006073146760836199,0.0019204976328716268
octant_g1p00_cap20,"Octant-aware ($\gamma=1$, cap 20)",514,511,10,0.2100088397460643,0.011524487357646477,0.0036443628915978367,0.20294455262922786,0.01100717250444558,0.0034807735712427887,0.5419883883413465,0.011113725542615534,0.00351446860046558,0.4487802682360001,0.009655095095792291,0.003053209152822524
octant_g1p00_cap20,"Octant-aware ($\gamma=1$, cap 20)",643,640,10,0.18123847909810303,0.008351630405478939,0.002641017425722903,0.17331011117617456,0.010922534774233437,0.003454008770897067,0.5257925424212715,0.007084936634811249,0.0022404536843972146,0.43155222961976014,0.0050229971605527815,0.0015884111707905263
octant_g1p00_cap20,"Octant-aware ($\gamma=1$, cap 20)",771,768,10,0.15310255099597206,0.007445357274886761,0.0023544286982346524,0.14633403391239425,0.00889911925423941,0.002814148601285557,0.47828097503679645,0.013243519368855646,0.004187968544213944,0.3908028380733348,0.010485890855991279,0.0033159298400865104
octant_g1p00_cap20,"Octant-aware ($\gamma=1$, cap 20)",899,896,10,0.13016515329622816,0.005909024236802281,0.0018685975337433358,0.1196611252595809,0.008026668081982763,0.0025382553161240663,0.43320961482252984,0.007689705006439313,0.002431698235514798,0.3527726725914052,0.007099570252641644,0.0022450812406724645
octant_g1p00_cap20,"Octant-aware ($\gamma=1$, cap 20)",1027,1024,10,0.11839427890246239,0.005877040326209078,0.0018584833331479651,0.10746649413732039,0.007964890766968002,0.00251871961380643,0.40487836723490245,0.009172794352059498,0.0029006922660836433,0.3292817707760693,0.008034294292356818,0.002540666935593828
octant_g1p00_cap20,"Octant-aware ($\gamma=1$, cap 20)",1283,1280,10,0.10161598526101998,0.004981890957664706,0.0015754122480817953,0.08890947799212515,0.0044986880893857625,0.0014226100845130165,0.36669373750002204,0.007764298585203405,0.002455286796286568,0.2974611854156183,0.005515571282463545,0.0017441767849600725
octant_g1p00_cap20,"Octant-aware ($\gamma=1$, cap 20)",1539,1536,10,0.0892620774021369,0.003807170389545339,0.001203932987131377,0.07670796873708823,0.003019049551614476,0.0009547072952011819,0.354502985160255,0.005592280416467649,0.0017684343430392766,0.28646954158953797,0.0031037792454738497,0.0009815011770056223
octant_g1p00_cap20,"Octant-aware ($\gamma=1$, cap 20)",1795,1792,10,0.08221996627174334,0.0037905619928915156,0.001198680950960417,0.07016917915824376,0.0035009679189113704,0.0011071032638939608,0.34450458285525026,0.007713393423828492,0.0024391891708262525,0.2778679684482558,0.004543942842333905,0.0014369208939394517
octant_g1p00_cap20,"Octant-aware ($\gamma=1$, cap 20)",2050,2047,10,0.07695550440661798,0.00397918522501092,0.0012583288542724119,0.06691971179995913,0.003456147113596945,0.0010929296807583044,0.34577490301124875,0.010390071182373993,0.0032856289987580538,0.2782960377183049,0.006810747029054329,0.002153747317903666
octant_g1p00_cap20,"Octant-aware ($\gamma=1$, cap 20)",2307,2304,10,0.07068837718506091,0.0025598762402800276,0.0008095039447433354,0.0629622478051964,0.004361963357677637,0.0013793739280457042,0.3509761687090709,0.01039751357984895,0.0032879824914853685,0.28175083271448575,0.0066935486779259425,0.0021166859451454798
octant_g1p00_cap20,"Octant-aware ($\gamma=1$, cap 20)",2562,2559,10,0.06851311101247325,0.0028960369015147212,0.0009158072796683255,0.06199240642198417,0.004064234208287914,0.0012852237042560988,0.3553582000777147,0.011684914038604138,0.003695094262526574,0.28498672862070396,0.007689000307620184,0.00243147539018151
octant_g1p00_cap20,"Octant-aware ($\gamma=1$, cap 20)",2818,2815,10,0.06540416604984603,0.0037904335351332478,0.0011986403290504925,0.06197353514856717,0.0074771276027376515,0.002364475358036562,0.3648023594402205,0.014892455479928167,0.0047094079269229,0.2921366414906781,0.010317606778414165,0.0032627137421780954
octant_g1p00_cap20,"Octant-aware ($\gamma=1$, cap 20)",3074,3071,10,0.06544503049106278,0.00399824711020798,0.0012643567516443474,0.061697092899283726,0.006168722488443233,0.0019507213316982328,0.36294902102964277,0.013595589303727137,0.004299302833200049,0.29070202787949573,0.009723915791865698,0.003074972167797541
octant_g1p00_cap20,"Octant-aware ($\gamma=1$, cap 20)",3330,3327,10,0.06423998808980912,0.0038128675874155066,0.001205734599286416,0.06189032205539121,0.006884496874404494,0.0021770690667428363,0.3589082214641012,0.013096081967373396,0.004141344744115884,0.2874290169835031,0.009424022216733496,0.0029801374924906822
octant_g1p00_cap20,"Octant-aware ($\gamma=1$, cap 20)",3586,3583,10,0.06347481265318601,0.003952650193077721,0.0012499377404029907,0.06243023206773111,0.006953415811831116,0.002198863148361511,0.3571455186326434,0.011952384114527976,0.003779675727112323,0.28596557527791405,0.00804593772417105,0.0025443489120252124
octant_g1p00_cap20,"Octant-aware ($\gamma=1$, cap 20)",3842,3839,10,0.06201124841506282,0.004327169710709504,0.0013683712107933931,0.062463228270215596,0.0076092789262384684,0.002406265275843394,0.35439277234974353,0.012488792206652149,0.003949302859758104,0.28369381301763646,0.008801798520916936,0.002783373083199871
octant_g1p00_cap20,"Octant-aware ($\gamma=1$, cap 20)",4098,4095,10,0.06104023258525111,0.004563318427891021,0.0014430479920754464,0.06231613471001211,0.007977995859159974,0.002522863807833742,0.35273068501733057,0.011294251456656332,0.0035715559069708497,0.28232186169273893,0.00815218161063039,0.0025779461788931956
octant_g1p00_cap20,"Octant-aware ($\gamma=1$, cap 20)",4354,4351,10,0.06060634578418402,0.004764317651832188,0.0015066095276334798,0.06194683962133805,0.00791288142530671,0.002502272815880873,0.358942140249018,0.01278717857841633,0.0040436609155109614,0.2871704129199316,0.009179274028806654,0.0029027413197859077
unweighted,Unweighted,3,0,10,1.0614765532205093,0.006575905406558704,0.0020794838762541053,0.9669339049933431,0.00332121780627549,0.0010502612873338414,0.8670712317971956,0.0035534337812450035,0.0011236944263318725,0.9437630037697267,0.0027408004857151854,0.0008667172146955773
unweighted,Unweighted,35,32,10,0.8638677773240472,0.010813077569929,0.0034193953637054264,0.7239455893476952,0.012201210471958402,0.003858361530248654,0.7138893628074465,0.006526714766717336,0.0020639284301081306,0.7728694905705065,0.0072887897736731485,0.002304917707095033
unweighted,Unweighted,67,64,10,0.7113991459004188,0.015202820137148626,0.0048075538491263075,0.5880908702688542,0.014015675025229372,0.004432145602446273,0.7032809328380202,0.00996394289659821,0.003150875402910593,0.706396686970191,0.009210101993091056,0.002912489978062411
unweighted,Unweighted,131,128,10,0.59304716159408,0.01840625545502858,0.005820569043278924,0.4915179013259201,0.014558551660462814,0.004603818268028882,0.7020884669387603,0.01246460374976268,0.003941653798072553,0.6640197937810798,0.007425244587451165,0.0023480685080182993
unweighted,Unweighted,259,256,10,0.4058167435052482,0.014162648576874388,0.004478622720346537,0.33794654607507824,0.010654225269721328,0.003369161855684118,0.5915835614793988,0.009260249470246437,0.0029283480027346375,0.5305261484122216,0.006936869990996771,0.0021936309004021515
unweighted,Unweighted,387,384,10,0.2778128521400288,0.012540528321687824,0.003965663255838227,0.23185517635842556,0.008727583810702648,0.0027599043311832194,0.528388464027975,0.009659429624487523,0.003054579851148553,0.4521313856263842,0.008521119400515267,0.00269461455198768
unweighted,Unweighted,514,511,10,0.2190002890293942,0.012391297408686526,0.003918472297599173,0.1823689337504129,0.009316484235559447,0.002946130996942052,0.46349700842907116,0.012434790799286938,0.003932226115345239,0.3913182298160629,0.00860746147635486,0.002721918313743691
unweighted,Unweighted,643,640,10,0.18723289421338435,0.009003636007791211,0.0028471997007725757,0.15558176980639402,0.0066880839033423315,0.0021149578316871187,0.44356020910836935,0.010812938465487667,0.0034193513750187003,0.37002740239742404,0.007706931278364322,0.0024371456610024424
unweighted,Unweighted,771,768,10,0.1578919752090266,0.007734967706351224,0.002446011557991832,0.131208374870805,0.006654750762874739,0.0021044169671427266,0.4192813548375608,0.01015484114205889,0.003211242728609158,0.34629413731445846,0.006319503110479583,0.001998402350963417
unweighted,Unweighted,899,896,10,0.13257321574614248,0.0063067785117003235,0.001994378479517991,0.10914606754443923,0.005093374396784582,0.0016106664069825479,0.3857631596625276,0.007770432441209291,0.0024572264918683783,0.3165472970716103,0.005575183313656024,0.0017630277644117961
unweighted,Unweighted,1027,1024,10,0.12032062893525639,0.006125062734743434,0.0019369149053209001,0.09851226625484895,0.005862930819692199,0.0018540215154225325,0.3664239696194235,0.008998780700847541,0.002845664317904453,0.29983838267600793,0.006790794932120119,0.0021474379108628095
unweighted,Unweighted,1283,1280,10,0.10271021499809856,0.005086865755886082,0.0016086081940114095,0.08187601331008568,0.0032059134355221742,0.001013798843758543,0.3411222664512101,0.0060533377053794,0.0019142334595176193,0.27780919836767015,0.004776608863951217,0.0015104963501835194
unweighted,Unweighted,1539,1536,10,0.08994500626190578,0.003942301635723825,0.001246665239229471,0.07165976859697458,0.002982531332657691,0.000943159220401564,0.3363604619531677,0.007882195076676,0.00249256894040617,0.2724512436615029,0.005966940717254953,0.0018869123329724423
unweighted,Unweighted,1795,1792,10,0.08278751849139793,0.0036630616671298665,0.0011583618077783916,0.06508149353076201,0.0027350213271419453,0.0008648896842905046,0.3269866137986236,0.006866838388333994,0.0021714849631415227,0.2642820389496006,0.004373416855382103,0.0013829958420378667
unweighted,Unweighted,2050,2047,10,0.07718548763986832,0.003961268628636295,0.001252663129026239,0.06114633191226483,0.0029202238174566506,0.0009234558540634789,0.32973725473664317,0.00934828754572471,0.0029561880866675536,0.2658038918759983,0.006514624320149136,0.0020601050951997227
unweighted,Unweighted,2307,2304,10,0.07064528774918835,0.0026042364247298557,0.0008235318667719993,0.05664009501215006,0.0017461647355177154,0.0005521857734101498,0.32979757424082645,0.009508647407838916,0.003006898327622697,0.2651667186957685,0.006546626433620947,0.002070225052050731
unweighted,Unweighted,2562,2559,10,0.06832065764038225,0.0029465267728022064,0.0009317735788720447,0.05523060758644745,0.0017709367079655754,0.0005600193589171672,0.3329477229040114,0.009744516526432176,0.003081486692067804,0.2674119255248636,0.006888770082430485,0.0021784203737706207
unweighted,Unweighted,2818,2815,10,0.06468711897829635,0.0038177852042340487,0.0012072896862670706,0.052861273857022065,0.002436993705705284,0.0007706450753522773,0.3417421766911943,0.009733143280015859,0.0030778901557612136,0.2739780364513846,0.006609104482207916,0.0020899823457804795
unweighted,Unweighted,3074,3071,10,0.06458320013115383,0.004073357026320434,0.0012881085926223009,0.05265728459615223,0.0029445333283162475,0.0009311431963755712,0.33679971248714374,0.008721212962637592,0.002757889692131974,0.2700997428389936,0.00607463295343169,0.0019209676082359696
unweighted,Unweighted,3330,3327,10,0.06332648874176108,0.0038734231002321056,0.0012248839338244132,0.052303215105026904,0.002905390719444949,0.0009187652166161296,0.33347790721861115,0.009069483890244038,0.0028680226295375727,0.26738160059472815,0.006485456419449779,0.002050881395122164
unweighted,Unweighted,3586,3583,10,0.06240411967878996,0.0040136059415955576,0.0012692136405826704,0.05239822549690869,0.0028315018786251767,0.0008953995135501194,0.3328219673561519,0.00896606648802133,0.0028353191754654206,0.2667752539861768,0.006031004803537345,0.001907171175859433
unweighted,Unweighted,3842,3839,10,0.060875329881053576,0.004443471990514354,0.001405149220918746,0.0514829803306034,0.0030949037006408942,0.0009786944832909145,0.33079500932946065,0.008811156258495934,0.002786332259649449,0.26506049272646787,0.006115246138414908,0.0019338106249940413
unweighted,Unweighted,4098,4095,10,0.05993364340733296,0.0046368481406969435,0.001466300128891923,0.05130536724240657,0.003490187154104611,0.0011036940867231663,0.330024216982321,0.007299556581117829,0.002308322470560398,0.2643828289704382,0.004976431857349352,0.001573685928984609
unweighted,Unweighted,4354,4351,10,0.05944919570420034,0.004843239320928512,0.0015315667507421304,0.051098821436785936,0.0037261950308536155,0.0011783263303498813,0.33373004396924366,0.008081750336156285,0.002555673854308531,0.2672583047053611,0.005611351913704299,0.0017744652800050188
