protocol,subset,comparison,n_seeds,delta_nrmse_radial_mean,delta_nrmse_radial_std,delta_nrmse_radial_median,delta_nrmse_radial_sem,delta_nrmse_radial_ci_low,delta_nrmse_radial_ci_high,delta_nrmse_radial_probability_mean_below_zero,delta_nrmse_radial_wins,delta_nrmse_radial_ties,delta_nrmse_radial_losses,delta_nrmse_radial_sign_test_pvalue_two_sided,delta_nrmse_tangential_mean,delta_nrmse_tangential_std,delta_nrmse_tangential_median,delta_nrmse_tangential_sem,delta_nrmse_tangential_ci_low,delta_nrmse_tangential_ci_high,delta_nrmse_tangential_probability_mean_below_zero,delta_nrmse_tangential_wins,delta_nrmse_tangential_ties,delta_nrmse_tangential_losses,delta_nrmse_tangential_sign_test_pvalue_two_sided,delta_nrmse_3d_mean,delta_nrmse_3d_std,delta_nrmse_3d_median,delta_nrmse_3d_sem,delta_nrmse_3d_ci_low,delta_nrmse_3d_ci_high,delta_nrmse_3d_probability_mean_below_zero,delta_nrmse_3d_wins,delta_nrmse_3d_ties,delta_nrmse_3d_losses,delta_nrmse_3d_sign_test_pvalue_two_sided,delta_direction_error_median_deg_mean,delta_direction_error_median_deg_std,delta_direction_error_median_deg_median,delta_direction_error_median_deg_sem,delta_direction_error_median_deg_ci_low,delta_direction_error_median_deg_ci_high,delta_direction_error_median_deg_probability_mean_below_zero,delta_direction_error_median_deg_wins,delta_direction_error_median_deg_ties,delta_direction_error_median_deg_losses,delta_direction_error_median_deg_sign_test_pvalue_two_sided,delta_octant_nrmse_3d_mean_mean,delta_octant_nrmse_3d_mean_std,delta_octant_nrmse_3d_mean_median,delta_octant_nrmse_3d_mean_sem,delta_octant_nrmse_3d_mean_ci_low,delta_octant_nrmse_3d_mean_ci_high,delta_octant_nrmse_3d_mean_probability_mean_below_zero,delta_octant_nrmse_3d_mean_wins,delta_octant_nrmse_3d_mean_ties,delta_octant_nrmse_3d_mean_losses,delta_octant_nrmse_3d_mean_sign_test_pvalue_two_sided,delta_octant_nrmse_3d_std_mean,delta_octant_nrmse_3d_std_std,delta_octant_nrmse_3d_std_median,delta_octant_nrmse_3d_std_sem,delta_octant_nrmse_3d_std_ci_low,delta_octant_nrmse_3d_std_ci_high,delta_octant_nrmse_3d_std_probability_mean_below_zero,delta_octant_nrmse_3d_std_wins,delta_octant_nrmse_3d_std_ties,delta_octant_nrmse_3d_std_losses,delta_octant_nrmse_3d_std_sign_test_pvalue_two_sided,delta_worst_octant_nrmse_3d_mean,delta_worst_octant_nrmse_3d_std,delta_worst_octant_nrmse_3d_median,delta_worst_octant_nrmse_3d_sem,delta_worst_octant_nrmse_3d_ci_low,delta_worst_octant_nrmse_3d_ci_high,delta_worst_octant_nrmse_3d_probability_mean_below_zero,delta_worst_octant_nrmse_3d_wins,delta_worst_octant_nrmse_3d_ties,delta_worst_octant_nrmse_3d_losses,delta_worst_octant_nrmse_3d_sign_test_pvalue_two_sided
matched_raw_operational_structure,observed_test_octant_parent_weighted,global_minus_unweighted,10,0.0014062736133806833,0.00087544346095768,0.0014317246818668188,0.000276839529932696,0.0009095120720900166,0.001930625307676847,0.0,0,0,10,0.001953125,0.02178508607900966,0.007773908252339734,0.018452883759394217,0.0024583256398572548,0.018189146885364257,0.026932713781119434,0.0,0,0,10,0.001953125,0.017209691891740618,0.006146517127839578,0.014550835198812229,0.0019436993801209407,0.014402774470587066,0.021297108037435657,0.0,0,0,10,0.001953125,0.9595274948311723,0.32422099905072715,0.9698773991714358,0.10252768222555877,0.7818949334053032,1.1617122804266218,0.0,0,0,10,0.001953125,0.019941814143814792,0.006728872426329,0.018520733244826823,0.0021278562951903197,0.016585812881285723,0.024346726304171715,0.0,0,0,10,0.001953125,-0.005908525122159278,0.0034422109496005395,-0.005148361742945903,0.0010885226787508769,-0.00815072433807989,-0.004135539857501618,1.0,10,0,0,0.001953125,0.01635599768133355,0.006507945322123131,0.013670264932236442,0.0020579930105747283,0.012979557409418046,0.020593011702946622,0.0,0,0,10,0.001953125
matched_raw_operational_structure,observed_test_octant_parent_weighted,octant_minus_unweighted,10,0.0006834181183238086,0.0005295002433649407,0.0006731340540680475,0.00016744267906466722,0.0003876065841820465,0.001008614103578219,0.0,1,0,9,0.021484375,0.018271035511772966,0.005841368700449682,0.015953795421447647,0.0018472029746238827,0.015524759080612394,0.022126164632963533,0.0,0,0,10,0.001953125,0.014389588953963986,0.004616083672973365,0.01250568161487245,0.0014597338276511672,0.012234039205877253,0.01747781514236544,0.0,0,0,10,0.001953125,0.7180814783299538,0.24417847594872863,0.7284997192895677,0.07721601395866264,0.5754758169916998,0.8630855890691388,0.0,0,0,10,0.001953125,0.015418462244890083,0.0048683338935438195,0.014071070219138435,0.0015395023513794166,0.013077962779514247,0.018671640314512836,0.0,0,0,10,0.001953125,-0.004887186406886836,0.002491971082983891,-0.003998749808899138,0.0007880304485505561,-0.0064903042396108265,-0.0036180415207054772,1.0,10,0,0,0.001953125,0.010844150981280476,0.004931305408287685,0.008951607519001537,0.0015594156928095656,0.008196490451438943,0.013955973890728586,0.0,0,0,10,0.001953125
matched_raw_operational_structure,observed_test_octant_parent_weighted,octant_minus_global,10,-0.0007228554950568747,0.0003768662616159566,-0.0007188469868902175,0.00011917557599793115,-0.000947100206080503,-0.0005019875707068235,1.0,10,0,0,0.001953125,-0.003514050567236693,0.0020352369756241467,-0.0029237545157727307,0.0006435984421164896,-0.004830832279644192,-0.0025207412573801046,1.0,10,0,0,0.001953125,-0.0028201029377766308,0.0016095120944706874,-0.002323263550660787,0.0005089724140115473,-0.0039016070524243917,-0.002040374184253037,1.0,10,0,0,0.001953125,-0.24144601650121836,0.12069313362802989,-0.24237711840856413,0.03816652002076359,-0.3203230743181943,-0.18060748627046708,1.0,10,0,0,0.001953125,-0.00452335189892471,0.0019745618281626926,-0.004327711020855496,0.0006244112757820117,-0.005743239789127674,-0.003431363708450147,1.0,10,0,0,0.001953125,0.001021338715272442,0.001424444837445683,0.000466365184429815,0.0004504490087596662,0.0002460144293555999,0.0018945619642566954,0.0027,4,0,6,0.75390625,-0.0055118467000530745,0.0020240637143074443,-0.004938880425637143,0.0006400651466511864,-0.006772164071727499,-0.004429709461942551,1.0,10,0,0,0.001953125
matched_raw_operational_structure,observed_test_global_parent_weighted,global_minus_unweighted,10,0.0015096797445698633,0.0008945059449990824,0.0014495439685268882,0.00028286761667584034,0.001016986202278064,0.002067474199496264,0.0,0,0,10,0.001953125,0.02622490508039243,0.008765606963697024,0.022915185783577013,0.0027719283079115473,0.02188487199463319,0.031929514247759694,0.0,0,0,10,0.001953125,0.02103255444063365,0.0070026692802679785,0.01839692252620781,0.002214438462653881,0.017529566657291027,0.02559108235173868,0.0,0,0,10,0.001953125,1.2229913208022898,0.470785386731705,1.151836973168404,0.14887541111954017,0.9714524512002823,1.5200023004426175,0.0,0,0,10,0.001953125,0.022717694114129956,0.007112662374122941,0.020914883690952332,0.002249221333000916,0.019189331618062033,0.0274443712105753,0.0,0,0,10,0.001953125,-0.005670361219094787,0.004398182203398472,-0.005405021744285844,0.0013908273327157127,-0.008465333451708105,-0.003323056695600609,1.0,10,0,0,0.001953125,0.019382782084203236,0.006986992203766739,0.016975916100240157,0.0022094809357742187,0.015837846766024018,0.023941875675580437,0.0,0,0,10,0.001953125
matched_raw_operational_structure,observed_test_global_parent_weighted,octant_minus_unweighted,10,0.0008857130110037248,0.0005610408998378741,0.0007728913203173017,0.00017741671039980743,0.0005882559216922271,0.0012399198786604692,0.0,0,0,10,0.001953125,0.02272516289052547,0.00666496812116312,0.020267952017692242,0.002107647979528855,0.019323097718504535,0.02700157189203602,0.0,0,0,10,0.001953125,0.018189855194428867,0.005316164463765032,0.016285497268346216,0.0016811188121545174,0.015480712356412341,0.021657477743866144,0.0,0,0,10,0.001953125,0.9192636815018268,0.3668898330829966,0.8763785477920836,0.11602075229012657,0.7151720181687852,1.144737085769877,0.0,0,0,10,0.001953125,0.017871658442893613,0.005091573030068918,0.015943290315155817,0.0016100967648102762,0.015442712035937283,0.02127694572568691,0.0,0,0,10,0.001953125,-0.004915373082609849,0.003101735546058906,-0.004287822828344001,0.0009808549025052246,-0.006890384919978988,-0.003260718063053903,1.0,10,0,0,0.001953125,0.012524324674816446,0.005100353588599667,0.01061343654472846,0.001612873421218835,0.009882638575753782,0.015844617256098394,0.0,0,0,10,0.001953125
matched_raw_operational_structure,observed_test_global_parent_weighted,octant_minus_global,10,-0.0006239667335661385,0.0003611668598892958,-0.0005876183341453761,0.00011421098926210831,-0.0008394988105962793,-0.00041500256055303805,1.0,10,0,0,0.001953125,-0.0034997421898669613,0.002454393134872031,-0.003005407526147169,0.000776147257967646,-0.005083836695446522,-0.002213690311445532,1.0,10,0,0,0.001953125,-0.002842699246204783,0.0019667018813608193,-0.002466880530754667,0.0006219257423638441,-0.004118072606860822,-0.001824581937522223,1.0,10,0,0,0.001953125,-0.303727639300463,0.13025617858998179,-0.2861824398492603,0.041190620365400214,-0.3881538447524312,-0.23622719837235023,1.0,10,0,0,0.001953125,-0.004846035671236343,0.002202834654234626,-0.004505642427150486,0.0006965974816130893,-0.006197476165227044,-0.003624626786072246,1.0,10,0,0,0.001953125,0.0007549881364849374,0.001784659576096558,0.00027058694654692045,0.0005643589108495715,-0.00022385794158378964,0.0018622224688252032,0.07376,5,0,5,1.0,-0.006858457409386792,0.002598934517027341,-0.00597029064316601,0.0008218552563436055,-0.008448661921638064,-0.005409560283536781,1.0,10,0,0,0.001953125
matched_raw_operational_structure,observed_test_unweighted,global_minus_unweighted,10,0.006464566842128839,0.006677099644698787,0.004460477514069576,0.0021114843041149197,0.003798626573475833,0.010892454615375347,0.0,0,0,10,0.001953125,0.06125539496221073,0.03339764987243748,0.04646818833536134,0.010561264209373436,0.04506371594291838,0.08385221952320301,0.0,0,0,10,0.001953125,0.04962302785910577,0.02725276280116944,0.037736768632777404,0.008618080298400594,0.03640639868179738,0.0678035225315471,0.0,0,0,10,0.001953125,1.7467183127404795,0.5713648608859082,1.6279352192058747,0.18068143353847213,1.4517195771896803,2.116546376999272,0.0,0,0,10,0.001953125,0.04898799156884926,0.018904565476071354,0.04145885949337236,0.005978148508017084,0.03963170253668114,0.061386130707241436,0.0,0,0,10,0.001953125,0.00925738347445686,0.0300901901919442,-0.001653934471041646,0.009515353623420281,-0.006267881659127084,0.02870467827793203,0.14506,6,0,4,0.75390625,0.07366733816920457,0.10652682000903693,0.02393173709348964,0.03368673831233554,0.022310557359935822,0.14591132999065803,0.0,0,0,10,0.001953125
matched_raw_operational_structure,observed_test_unweighted,octant_minus_unweighted,10,0.004875463039429301,0.005147788722241313,0.00327387220615696,0.001627873727561043,0.002861366813907612,0.008276966411711998,0.0,0,0,10,0.001953125,0.05429965559973704,0.026080764302967057,0.042865762358488685,0.008247461831538965,0.04138163775788519,0.07134695469231647,0.0,0,0,10,0.001953125,0.043920324241826555,0.021269051963815736,0.03478510296694369,0.00672586478781349,0.03343589100397988,0.05795392112879502,0.0,0,0,10,0.001953125,1.4526376621445205,0.3587351743926547,1.349129984117047,0.11344202278984995,1.266294722086017,1.6810706776723991,0.0,0,0,10,0.001953125,0.04197615611735582,0.014465889797466719,0.03677100184877399,0.004574516014098668,0.0346665392482433,0.0513200335147407,0.0,0,0,10,0.001953125,0.007138205887876896,0.025080843235590063,-0.0036009180312196257,0.007931259026209166,-0.005707774858752885,0.023790799264507678,0.16232,7,0,3,0.34375,0.059531272783681186,0.09069327329536768,0.016838526181348984,0.028679731206948667,0.015940045233872553,0.12285549128444244,0.0,0,0,10,0.001953125
matched_raw_operational_structure,observed_test_unweighted,octant_minus_global,10,-0.0015891038026995367,0.001582631101136557,-0.001139869716366839,0.0005004718975411816,-0.0026491486230103218,-0.0008757085088754505,1.0,10,0,0,0.001953125,-0.006955739362473684,0.007622349771601408,-0.0035257807541588804,0.002410398640072468,-0.012086687425165839,-0.003552363697732913,1.0,10,0,0,0.001953125,-0.005702703617279215,0.0062254261371939125,-0.0029064189800243334,0.0019686525998676638,-0.009883015577636186,-0.002922455262214732,1.0,10,0,0,0.001953125,-0.29408065059595884,0.23190349261718063,-0.25795968445853257,0.0733343234018333,-0.43758909575280724,-0.16796164600146443,1.0,9,0,1,0.021484375,-0.007011835451493445,0.004836201243207908,-0.006617005145897678,0.001529341115147491,-0.010170635493515691,-0.004611746772206015,1.0,10,0,0,0.001953125,-0.002119177586579966,0.005541883648243401,-0.0011663727322934817,0.0017524974856092542,-0.005609886037028424,0.0009145785354073941,0.90614,8,0,2,0.109375,-0.014136065385523389,0.01752694827690533,-0.007093210912140657,0.005542507698698439,-0.02591429538331479,-0.006021087634027891,1.0,10,0,0,0.001953125
matched_raw_operational_structure,query_region_primary_support,global_minus_unweighted,10,0.00771950582880275,0.0023320590126513973,0.007323721343617563,0.0007374618117901841,0.006381736815617703,0.00911507247628761,0.0,0,0,10,0.001953125,0.028595966775506087,0.006742801865131035,0.02599357121092699,0.0021322611705045552,0.025352905394316234,0.03308792028142299,0.0,0,0,10,0.001953125,0.023604585923813547,0.0051833633753051766,0.021642106221574336,0.0016391234206262525,0.02105533207183317,0.02705775088111248,0.0,0,0,10,0.001953125,1.504173716245537,0.3562123710291828,1.4139330168465944,0.11264424231811947,1.3077755679995833,1.7228805457403211,0.0,0,0,10,0.001953125,0.025767614160521025,0.004573893651027089,0.025598595634742094,0.0014463921712628948,0.023086689513283454,0.0284195910931948,0.0,0,0,10,0.001953125,-0.0010086471940050647,0.0030658270347092105,-0.0014258081644523135,0.0009694996341801202,-0.0026746547239590705,0.0008895516099251854,0.8614,8,0,2,0.109375,0.023864055401056676,0.008183820978218207,0.022927569955122157,0.002587951425423677,0.019564748120118852,0.02908122499962075,0.0,0,0,10,0.001953125
matched_raw_operational_structure,query_region_primary_support,octant_minus_unweighted,10,0.005903144562182413,0.002399334323657858,0.005802335870399591,0.0007587361330978451,0.0045155549785558064,0.007326240464432096,0.0,0,0,10,0.001953125,0.02343437440060938,0.0048291079373925854,0.022024849705095356,0.0015270980148958373,0.021134469396953067,0.026586574102910376,0.0,0,0,10,0.001953125,0.019280774544428902,0.003672304932343777,0.018390945313997376,0.0011612847848876877,0.017488671066449468,0.021681215544553743,0.0,0,0,10,0.001953125,1.1832891055580883,0.2860805386982293,1.0690163590818393,0.0904666096534346,1.0290351477599482,1.3622365222748398,0.0,0,0,10,0.001953125,0.019688817978454724,0.0030134668213451735,0.01916368555245615,0.0009529418808798459,0.018049174558059572,0.02156402361547096,0.0,0,0,10,0.001953125,-0.000355757306584796,0.002904305826663619,-6.497125005080345e-05,0.0009184221433955219,-0.0020958706365804794,0.0012964466178398688,0.6483,5,0,5,1.0,0.016293758035476835,0.008012010429159975,0.013237129617332866,0.0025336201593168656,0.012028359185288105,0.021368445138273146,0.0,0,0,10,0.001953125
matched_raw_operational_structure,query_region_primary_support,octant_minus_global,10,-0.0018163612666203365,0.0008428312374088691,-0.0016820450521288638,0.0002665266393350138,-0.0023650725575906544,-0.0013919841055636754,1.0,10,0,0,0.001953125,-0.005161592374896706,0.0023014025411451306,-0.005228620715001492,0.0007277673842917985,-0.006574028715480995,-0.003873856440496067,1.0,10,0,0,0.001953125,-0.0043238113793846455,0.0018395916449927498,-0.004508735675434555,0.0005817299562792972,-0.005443482366840467,-0.003262516502397996,1.0,10,0,0,0.001953125,-0.3208846106874489,0.2105115382029206,-0.2991350863746334,0.06656959344667782,-0.4380160976786441,-0.19041750587466258,1.0,9,0,1,0.021484375,-0.006078796182066301,0.002342341171603494,-0.006644156008907401,0.0007407133159454357,-0.007389662695144416,-0.004642145978576928,1.0,10,0,0,0.001953125,0.0006528898874202688,0.0018420749533886785,5.826603233916039e-05,0.0005825152473456726,-0.0003370638067332542,0.0018192716997496485,0.11512,5,0,5,1.0,-0.007570297365579843,0.006444292322205823,-0.009007411204091542,0.002037864164610608,-0.010739700327251495,-0.003353772823871727,0.9995,9,0,1,0.021484375
matched_raw_operational_structure,query_common_strict_support,global_minus_unweighted,10,0.02233465002508775,0.00885875481259583,0.0224473215786454,0.002801384244078091,0.01716057870279286,0.027483040456221748,0.0,0,0,10,0.001953125,0.07437213810537334,0.018430669832236835,0.07245643468052343,0.005828289547242183,0.06430520645622022,0.08587900753980862,0.0,0,0,10,0.001953125,0.05900130474550837,0.013525149613522988,0.058318718908886485,0.004277027847327873,0.051481055385448934,0.06722941535636695,0.0,0,0,10,0.001953125,1.6567178361835713,0.49220773396152584,1.5692190864877071,0.1556497521268634,1.372638454606099,1.946912076053223,0.0,0,0,10,0.001953125,0.058001420409067396,0.01168966251758606,0.05385734809394471,0.0036965958634270052,0.05175725813616867,0.06552097693003928,0.0,0,0,10,0.001953125,0.019440807221303792,0.015776148085423557,0.012891334648963373,0.004988856065404306,0.011008222452507266,0.0293912213147533,0.0,0,0,10,0.001953125,0.09837194815085488,0.033648130680960425,0.09341179334767978,0.010640473195882738,0.07935512376982229,0.1185254514026185,0.0,0,0,10,0.001953125
matched_raw_operational_structure,query_common_strict_support,octant_minus_unweighted,10,0.021834090809827827,0.00934618881337235,0.022202326651040757,0.0029555244092242996,0.01638867691228805,0.027316208163552295,0.0,0,0,10,0.001953125,0.06719109760730209,0.011695056730602196,0.06756486730043097,0.0036983016633585163,0.060487191891705226,0.0742131258751742,0.0,0,0,10,0.001953125,0.05364827494270744,0.008706131502416017,0.05195566930550402,0.0027531205156578337,0.0486068552321252,0.058800334182888436,0.0,0,0,10,0.001953125,1.1153120810788617,0.438303150793122,1.2422573980393667,0.1386036262134502,0.8465925936572523,1.3530293164490819,0.0,0,0,10,0.001953125,0.04863808523949624,0.007226202027270387,0.04935184521941108,0.0022851257238700596,0.04446279730751919,0.052953014968011226,0.0,0,0,10,0.001953125,0.020397680759372504,0.010928153871848163,0.0205269108803626,0.003455785685582802,0.01410288996065204,0.02694416873503138,0.0,0,0,10,0.001953125,0.0964314633690372,0.02080412526105773,0.10108970695223121,0.006578842055238751,0.08399017767684566,0.10831772656362762,0.0,0,0,10,0.001953125
matched_raw_operational_structure,query_common_strict_support,octant_minus_global,10,-0.0005005592152599228,0.003742158536596659,0.0007484672546943238,0.0011833744341088008,-0.0029727473292694164,0.0013051940789393422,0.6425,4,0,6,0.75390625,-0.007181040498071262,0.008203667865800726,-0.005381555808238819,0.002594227562346284,-0.01225893381949622,-0.002645907043535346,0.99978,8,0,2,0.109375,-0.0053530298028009295,0.006380514803315185,-0.003881694990120102,0.002017695942289725,-0.009246601770984856,-0.0017880361215087764,0.9993,8,0,2,0.109375,-0.5414057551047097,0.40586032918206577,-0.5742572586000896,0.1283443052121031,-0.7885962957047229,-0.3151521767352559,1.0,9,0,1,0.021484375,-0.009363335169571168,0.005976708967178375,-0.008840252906849616,0.0018900013248236204,-0.013040109287184243,-0.005993137050190842,1.0,10,0,0,0.001953125,0.000956873538068715,0.007207075536922445,0.0017256000476063987,0.0022790773965555874,-0.003480943967546192,0.004953006019120192,0.3207,2,0,8,0.109375,-0.0019404847818176862,0.019528511597118436,0.006752457064599454,0.006175457595990675,-0.014655946303646378,0.008114696479625453,0.6092,3,0,7,0.34375
matched_raw_operational_structure,query_region_primary_near_octant_boundary,global_minus_unweighted,10,0.009747867434006656,0.0022310768265230937,0.009798869790657902,0.0007055284406633341,0.008469526624201097,0.011090818289603208,0.0,0,0,10,0.001953125,0.043203117334483905,0.010400118207424335,0.0400321808306312,0.003288806147044838,0.03780797242797386,0.04997166388056924,0.0,0,0,10,0.001953125,0.03515653692922006,0.008094368601415984,0.032887245563846715,0.0025596641001426135,0.030995243310993407,0.04039732273274764,0.0,0,0,10,0.001953125,1.5533758067815095,0.7577799468594975,1.523390371422761,0.23963105972773702,1.1338810600234712,2.018114287033395,0.0,0,0,10,0.001953125,0.029770351516964395,0.0065720700697828715,0.02938000096926141,0.0020782710362735614,0.025899745757683737,0.03363934102615632,0.0,0,0,10,0.001953125,0.006157701171301528,0.005799462906992166,0.005870064813734151,0.0018339511991756494,0.0028565645796570357,0.009638249737786103,2e-05,1,0,9,0.021484375,0.0371147460551978,0.009227202943818099,0.036507186763151483,0.002917897773507588,0.03178108831260609,0.04260178726679928,0.0,0,0,10,0.001953125
matched_raw_operational_structure,query_region_primary_near_octant_boundary,octant_minus_unweighted,10,0.006846767040158403,0.0010792995720394004,0.0070079460552736755,0.0003413044925289488,0.00618867250374132,0.007453957647681854,0.0,0,0,10,0.001953125,0.03622327348863183,0.006644262323216465,0.03514538122174651,0.002101100231300588,0.03275791615203245,0.04050572195823633,0.0,0,0,10,0.001953125,0.029263448621368114,0.0051063852134756995,0.028450427361576186,0.0016147807884788344,0.0266327387803462,0.03249486199407149,0.0,0,0,10,0.001953125,0.9393191587835975,0.5821003058733376,0.8447204542283702,0.18407627932404358,0.6308910168161803,1.3086398145433442,0.0,0,0,10,0.001953125,0.023068352465270232,0.004043948989202742,0.02259981167590666,0.0012788089547416327,0.020793603142782655,0.02546954850184665,0.0,0,0,10,0.001953125,0.006008968545929708,0.004121618822690304,0.006637047523651997,0.0013033703126723046,0.0036092781507656726,0.00843958681220611,0.0,0,0,10,0.001953125,0.03205149462005909,0.009565890611157497,0.0333436849980942,0.0030250002179277795,0.026341954002853586,0.037530345171452414,0.0,0,0,10,0.001953125
matched_raw_operational_structure,query_region_primary_near_octant_boundary,octant_minus_global,10,-0.0029011003938482537,0.001760566103426519,-0.0032232943922282722,0.0005567398858115373,-0.003943668730765517,-0.0018653373092798603,1.0,10,0,0,0.001953125,-0.006979843845852074,0.0043151014393928554,-0.005539923379109468,0.0013645548883152443,-0.009673581348311764,-0.004623846748550736,1.0,10,0,0,0.001953125,-0.005893088307851938,0.0034691840869043424,-0.00478156044019995,0.0010970523337029239,-0.00804648573430527,-0.004001091268307405,1.0,10,0,0,0.001953125,-0.6140566479979119,0.29948691863565696,-0.686302343573991,0.0947060792314203,-0.7847735462377134,-0.43607448400948357,1.0,10,0,0,0.001953125,-0.006701999051694163,0.0030142559166468326,-0.006554758823167181,0.0009531914147242639,-0.00842425835707716,-0.0049240045444907034,1.0,10,0,0,0.001953125,-0.00014873262537182103,0.00216279594151993,-0.00035246421479857154,0.000683936128937131,-0.0014085908942837878,0.0011155067405351938,0.594,6,0,4,0.75390625,-0.00506325143513871,0.0028068633649970566,-0.0048425142500637675,0.0008876081314275235,-0.006774423252384409,-0.003479690411570835,1.0,10,0,0,0.001953125
matched_raw_operational_structure,query_region_primary_far_from_octant_boundary,global_minus_unweighted,10,0.0032185385774633965,0.001527384291097596,0.0035720588116205584,0.00048300132222300446,0.002279530893950597,0.00406050792392054,0.0,0,0,10,0.001953125,0.015025360676742294,0.004105638188598222,0.014757129758175308,0.001298316792453833,0.012767137544113332,0.017569852058884127,0.0,0,0,10,0.001953125,0.012080713116515623,0.003067767599866998,0.011938565675598423,0.0009701132947647775,0.01038682989637848,0.013974114941536058,0.0,0,0,10,0.001953125,0.6083894959864731,0.5168483172142823,0.735075610669063,0.16344178872223447,0.2943642564884069,0.8949408516396932,0.0001,1,0,9,0.021484375,0.014171817524249364,0.0035515708987967263,0.013859562989803176,0.001123105331176902,0.01211123069932924,0.016241987428083762,0.0,0,0,10,0.001953125,-0.00181739121803286,0.0033465481508294236,-0.0004200277609491612,0.0010582714456045686,-0.0037961431940511355,0.00015695814739657006,0.96342,7,0,3,0.34375,0.006345994593574861,0.017115212671286472,-0.00040464549253349524,0.005412305467943998,-0.0027887402572959736,0.017243610070981127,0.10364,6,0,4,0.75390625
matched_raw_operational_structure,query_region_primary_far_from_octant_boundary,octant_minus_unweighted,10,0.001359670014394672,0.0009365569013707586,0.0015396900992377324,0.000296165296668127,0.0007942119345543606,0.0018888155706547505,0.0,1,0,9,0.021484375,0.010154644599984542,0.0035417646148040204,0.010114219854992751,0.0011200043118969618,0.008235215649024252,0.012362927476390525,0.0,0,0,10,0.001953125,0.008050581850062749,0.002662172913593851,0.008048540493156287,0.00084185299321632,0.006605086623848481,0.009726413321958869,0.0,0,0,10,0.001953125,0.4379786674979881,0.4475418944340789,0.5284218582383424,0.14152517347583227,0.14780196126646422,0.6675405193430032,0.00222,1,0,9,0.021484375,0.008257254511330261,0.0032623464650849876,0.008456254724734685,0.0010316445346267536,0.006384228939176696,0.01021098910361869,0.0,0,0,10,0.001953125,-0.004190824961981943,0.00248112801973304,-0.004810822998676065,0.0007846015708819601,-0.005617256421691523,-0.0027262849174171733,1.0,10,0,0,0.001953125,-0.003248563762115392,0.013425304230424633,-0.006645305020287345,0.004245453964883585,-0.010734860423566073,0.004987778254991244,0.78964,7,0,3,0.34375
matched_raw_operational_structure,query_region_primary_far_from_octant_boundary,octant_minus_global,10,-0.0018588685630687245,0.0007243160958211025,-0.001922925381770614,0.00022904886087154514,-0.0022774134440721808,-0.00142447217515074,1.0,10,0,0,0.001953125,-0.004870716076757753,0.001570823577714033,-0.00436719624445811,0.0004967380307870854,-0.005845239309772453,-0.004014381201007583,1.0,10,0,0,0.001953125,-0.004030131266452875,0.001216202555867405,-0.0036973890857495417,0.000384597017265918,-0.0047863922759648,-0.003366326430974014,1.0,10,0,0,0.001953125,-0.17041082848848496,0.2286273841907939,-0.178133614446482,0.07229832695292808,-0.3049301499601015,-0.03657700370664738,0.99372,8,0,2,0.109375,-0.005914563012919103,0.0021930182835808547,-0.005508464883416886,0.000693493272650854,-0.007251650979743613,-0.004674061440093924,1.0,10,0,0,0.001953125,-0.0023734337439490828,0.0028968690911748557,-0.0017170263118450463,0.0009160704411454521,-0.004209734149628986,-0.000821009466037848,0.99994,7,0,3,0.34375,-0.009594558355690253,0.00945687134288719,-0.00679532666189922,0.00299052529826987,-0.015699101258523536,-0.004678554393699858,1.0,10,0,0,0.001953125
matched_unweighted_practical,observed_test_octant_parent_weighted,global_minus_unweighted,10,0.0012526557415402449,0.0009142818054011192,0.001250824496714268,0.00028912129283183727,0.0007367002411518988,0.0018079686131643254,0.0,0,0,10,0.001953125,0.02010730504851423,0.00795410645178116,0.01812164012894593,0.0025153093139068734,0.01628363371376366,0.025353811606254755,0.0,0,0,10,0.001953125,0.015883843616825037,0.006297492585755005,0.014259562802526354,0.0019914420119009056,0.012849488613503648,0.020063059388590855,0.0,0,0,10,0.001953125,0.9192476225579256,0.3449845043487244,0.8507903779110473,0.10909367912062322,0.7267660934441416,1.1264343398844667,0.0,0,0,10,0.001953125,0.018792652300007713,0.006675922781431052,0.017961962095865244,0.0021111121472728563,0.015166579562540985,0.022902839397958934,0.0,0,0,10,0.001953125,-0.005967268299795584,0.0037460821896718173,-0.005837607592354362,0.0011846152021553833,-0.008255387513461542,-0.003873933066683369,1.0,10,0,0,0.001953125,0.014538958416974473,0.006544480689673189,0.013355820336206109,0.0020695465082356873,0.011008291502007458,0.018739478261964003,0.0,0,0,10,0.001953125
matched_unweighted_practical,observed_test_octant_parent_weighted,octant_minus_unweighted,10,0.00046182396878506756,0.0005368749051386982,0.00028914017422170674,0.00016977475188251228,0.00017176621649355142,0.0007943501958885731,0.00026,2,0,8,0.109375,0.01640336147535848,0.005844722941982824,0.014883647470611439,0.001848263678930589,0.013589107186238491,0.0202653113905396,0.0,0,0,10,0.001953125,0.012909689113368256,0.0046278187781738185,0.011635089023373624,0.001463444793752679,0.01069799496882503,0.015955863446334713,0.0,0,0,10,0.001953125,0.7260012171564855,0.24479220932640863,0.6750582031557641,0.07741009349361636,0.5942387300010648,0.8796738933364886,0.0,0,0,10,0.001953125,0.014146409687101092,0.004783576254877595,0.01296491571395686,0.001512699632651134,0.011551788886821493,0.017149117342056434,0.0,0,0,10,0.001953125,-0.005071871765685796,0.002491760725957023,-0.004647943232958689,0.0007879639278178838,-0.006619220497352464,-0.003696337230736588,1.0,10,0,0,0.001953125,0.010450348823891804,0.004802111382349286,0.009884369933446407,0.001518560954604344,0.00781254705496349,0.01347998474334666,0.0,0,0,10,0.001953125
matched_unweighted_practical,observed_test_octant_parent_weighted,octant_minus_global,10,-0.0007908317727551774,0.00040811138812402875,-0.0009043687048944302,0.0001290561525524923,-0.0010301582477634987,-0.0005513742339321799,1.0,10,0,0,0.001953125,-0.003703943573155749,0.0021333504058671095,-0.0031183029767643533,0.0006746246329784705,-0.005123538019171053,-0.0026760858123283304,1.0,10,0,0,0.001953125,-0.002974154503456783,0.0016889709888376861,-0.0025163905822796484,0.0005340995226673911,-0.0041041232868575155,-0.0021647272395312034,1.0,10,0,0,0.001953125,-0.19324640540144014,0.12779219375249065,-0.1810446529652161,0.04041143994474103,-0.26794229714820705,-0.11932432247011113,1.0,10,0,0,0.001953125,-0.0046462426129066205,0.00202278236583289,-0.004447339043673601,0.000639659948685589,-0.005886882818122033,-0.003502348923470111,1.0,10,0,0,0.001953125,0.0008953965341097867,0.0015987969086596033,0.0004191421374671392,0.0005055839747400528,-1.2128205542729174e-05,0.001861966678371868,0.02662,3,0,7,0.34375,-0.004088609593082671,0.001962932049962898,-0.00340826899469035,0.0006207336170026193,-0.005305797576234178,-0.0030101792308092185,1.0,10,0,0,0.001953125
matched_unweighted_practical,observed_test_global_parent_weighted,global_minus_unweighted,10,0.0013220758906671904,0.0008972554763729415,0.0010682045493070128,0.000283737094839789,0.0008172687076456853,0.0018751640278985824,0.0,0,0,10,0.001953125,0.02412431579182131,0.008603565593007019,0.021736128724070575,0.002720686327255941,0.02003317961825491,0.02981083874444184,0.0,0,0,10,0.001953125,0.019351538267876188,0.006907816798894948,0.017402215314059777,0.002184443474368134,0.01607999511959428,0.023942917968293786,0.0,0,0,10,0.001953125,1.1346843581160448,0.48635040465721696,1.0265058687234054,0.15379750196613684,0.8801350700661199,1.445649517486982,0.0,0,0,10,0.001953125,0.021467129498247094,0.0072007146368245805,0.020981351562926187,0.0022770659033277832,0.017478683358970494,0.02588464669212866,0.0,0,0,10,0.001953125,-0.00579169131850601,0.004387322273056053,-0.005685477814109843,0.001387393121204431,-0.008443764259061735,-0.003274760971886148,1.0,9,0,1,0.021484375,0.017761868574026757,0.007279961562790266,0.017033759185439923,0.002302125981689614,0.013746923046662035,0.02229078699923125,0.0,0,0,10,0.001953125
matched_unweighted_practical,observed_test_global_parent_weighted,octant_minus_unweighted,10,0.000659793649021892,0.0005223385332109661,0.00042351409110668106,0.0001651779474618157,0.00037891166371082193,0.000990957957390176,0.0,0,0,10,0.001953125,0.020423266825216384,0.006482264787112631,0.018786427672617206,0.0020498721123582407,0.01730254911234373,0.02471953374131775,0.0,0,0,10,0.001953125,0.016345346205722793,0.005205333837329699,0.015003201261333865,0.0016460710907506251,0.013837672794966279,0.019759233284243737,0.0,0,0,10,0.001953125,0.9235329334877088,0.3705110304518068,0.7736048832178994,0.11716587544437146,0.7350904673595119,1.1650446397836725,0.0,0,0,10,0.001953125,0.016555548044388524,0.00517897392197256,0.015340144693045371,0.001637735353604844,0.013739421237882037,0.019834173594235956,0.0,0,0,10,0.001953125,-0.005131547007458463,0.0030632319712594045,-0.005212623154199389,0.0009686790030627162,-0.006952452991982523,-0.003398210523503878,1.0,10,0,0,0.001953125,0.012576845131568436,0.005297532792163622,0.01175237914478,0.0016752269602668438,0.00964184925062155,0.015859998492213655,0.0,0,0,10,0.001953125
matched_unweighted_practical,observed_test_global_parent_weighted,octant_minus_global,10,-0.0006622822416452983,0.00041684812506977587,-0.0006699955603218337,0.00013181895135912268,-0.0009115116329409874,-0.0004209992403254996,1.0,10,0,0,0.001953125,-0.003701048966604925,0.00218831055150824,-0.0031107243094195547,0.0006920045570545252,-0.005148160234235482,-0.0026378319878796906,1.0,10,0,0,0.001953125,-0.0030061920621533957,0.0017567887279737267,-0.002554741831090751,0.0005555453748106939,-0.004165342354419911,-0.0021565366436295088,1.0,10,0,0,0.001953125,-0.21115142462833597,0.16246758269305386,-0.24927443220312373,0.051376760725180305,-0.3011000785320501,-0.1101809769182136,1.0,9,0,1,0.021484375,-0.004911581453858571,0.0022046079636604122,-0.004645265930230555,0.0006971582512912623,-0.006241200396572605,-0.0036528304331898266,1.0,10,0,0,0.001953125,0.0006601443110475461,0.0017769079214085093,0.00030923091932046065,0.0005619076224046359,-0.00034615727287526556,0.0017432737829845696,0.1079,4,0,6,0.75390625,-0.0051850234424583195,0.0025004835066590875,-0.004254945240249053,0.0007907223132727522,-0.006696572423271152,-0.003772188056864756,1.0,10,0,0,0.001953125
matched_unweighted_practical,observed_test_unweighted,global_minus_unweighted,10,0.0064762871419667915,0.007315066970647608,0.004717516136957801,0.002313227286391451,0.003515824540114653,0.011294934697572461,0.0,0,0,10,0.001953125,0.05717051325196141,0.03370405757416895,0.045286274498841456,0.010658158832382332,0.04121793491443446,0.07931443228631338,0.0,0,0,10,0.001953125,0.04634671342653901,0.0275607076479003,0.036565667574811084,0.008715461009338692,0.033412696303270525,0.06462718670122182,0.0,0,0,10,0.001953125,1.7298888875353164,0.5147184179132117,1.6808734533694332,0.16276825542441611,1.4583371085462578,2.056545701206707,0.0,0,0,10,0.001953125,0.04691734285461846,0.020337928088812008,0.04315927381427559,0.006431417564936119,0.03639145746062722,0.05996606076466832,0.0,0,0,10,0.001953125,0.003937745873633341,0.026028617670394084,-0.005855327526012533,0.008230971618415113,-0.008645373373221292,0.02108927698290431,0.33912,8,0,2,0.109375,0.057568238820302306,0.08334033470976336,0.021648983055369803,0.026354527864364003,0.018975068295787743,0.11043721717961782,0.0,0,0,10,0.001953125
matched_unweighted_practical,observed_test_unweighted,octant_minus_unweighted,10,0.004714946262451053,0.005689375421417019,0.0031127928836463085,0.0017991384795458098,0.002478173339610296,0.008480381420891272,0.0,0,0,10,0.001953125,0.04913462334529496,0.024869920400300397,0.039868402863962704,0.007864559369203578,0.03731684818887177,0.06560481804300615,0.0,0,0,10,0.001953125,0.03976487241004739,0.020356418004806923,0.03211525842930081,0.00643726458976503,0.030117489459844226,0.0532066195146706,0.0,0,0,10,0.001953125,1.4583289785931788,0.3716740690124713,1.403386219070435,0.11753366053020184,1.2689608551284246,1.7026451551704356,0.0,0,0,10,0.001953125,0.039418633350102324,0.015263628944811843,0.03560709472801911,0.004826783282527794,0.03150965306387057,0.04922520152961722,0.0,0,0,10,0.001953125,0.0011990541641578312,0.018955217886790922,-0.005622612376112342,0.005994166206702301,-0.0078082808785414435,0.013496660262788961,0.4611,8,0,2,0.109375,0.04146351345964865,0.05808945195042843,0.017506375260648382,0.018369497619426432,0.01437180566858765,0.07943604863539817,0.0,0,0,10,0.001953125
matched_unweighted_practical,observed_test_unweighted,octant_minus_global,10,-0.0017613408795157368,0.00166715783444339,-0.0013918860100236297,0.0005272015975835026,-0.0028763206700361545,-0.0010016087467923714,1.0,10,0,0,0.001953125,-0.008035889906666444,0.008908229954248585,-0.004905592119856861,0.002817029657596308,-0.013968089241841203,-0.0038288054970301187,1.0,10,0,0,0.001953125,-0.006581841016491619,0.007263812044832708,-0.004062098040178985,0.0022970190557036465,-0.011369330343551814,-0.0031586276409493693,1.0,10,0,0,0.001953125,-0.271559908942138,0.2169213697147416,-0.2787275792174517,0.0685965601462053,-0.40000463093237965,-0.1463338191258098,1.0,9,0,1,0.021484375,-0.007498709504516141,0.005367641946972214,-0.007195468293535137,0.0016973974216692935,-0.010862276422433148,-0.004615818191943265,1.0,10,0,0,0.001953125,-0.00273869170947551,0.007214778103330705,-0.0005329731552909181,0.002281513161923468,-0.007394903846451859,0.0008967617592065578,0.90366,6,0,4,0.75390625,-0.01610472536065365,0.025330701986369934,-0.004302745654356954,0.008010271300788043,-0.03209020741403625,-0.004189938617490477,1.0,10,0,0,0.001953125
matched_unweighted_practical,query_region_primary_support,global_minus_unweighted,10,0.007494946343715597,0.0022681808260447958,0.007544828829990115,0.0007172617555423718,0.006204300233764882,0.008863563935280726,0.0,0,0,10,0.001953125,0.026574510148604735,0.006807174509827356,0.024297253396583063,0.002152617588129468,0.02334129127803703,0.031104257743414642,0.0,0,0,10,0.001953125,0.021990133375562798,0.005249405423752163,0.02001654590628074,0.001660007750069819,0.01945295189609799,0.025471340195907848,0.0,0,0,10,0.001953125,1.1551250358007215,0.5413395681296149,0.9769505231458231,0.17118660228614796,0.857114010989873,1.487320617515886,0.0,0,0,10,0.001953125,0.023156807246980018,0.0031425527520608765,0.02353932691416337,0.000993762436374277,0.021176887715338946,0.024860518777163616,0.0,0,0,10,0.001953125,-0.0014939628482668471,0.003094799712419424,-0.002163599041634774,0.0009786615993279469,-0.003132975746929823,0.0004517590850602478,0.93894,8,0,2,0.109375,0.01703847682316432,0.006634610397839119,0.01663965433248349,0.002098048024500749,0.013491455905691003,0.021218800238421782,0.0,0,0,10,0.001953125
matched_unweighted_practical,query_region_primary_support,octant_minus_unweighted,10,0.005637058187180502,0.002087001145338837,0.005289464120479585,0.0006599677098650825,0.0044753144851542885,0.0069037408122547125,0.0,0,0,10,0.001953125,0.021577065636365612,0.005148858059965356,0.019771450748490182,0.0016282118818406344,0.01912735220632535,0.02505708114048196,0.0,0,0,10,0.001953125,0.017783151860501188,0.003967440784104522,0.01631603899763845,0.0012546149359614646,0.015863849889549392,0.02040907587901864,0.0,0,0,10,0.001953125,0.9069076763661948,0.3956618366163142,0.8408029312100789,0.12511925869129617,0.6973941787222432,1.1610280216120545,0.0,0,0,10,0.001953125,0.01759002846445243,0.0024672817344099118,0.017632827176422297,0.0007802229910065956,0.016176188978624554,0.019093850280877178,0.0,0,0,10,0.001953125,-0.002227379030804133,0.0021035950070354883,-0.0024443237143281227,0.0006652151496790069,-0.0033804397495190088,-0.0009239890623133114,0.99918,9,0,1,0.021484375,0.0118612932579995,0.004347492812557802,0.011526554284333329,0.0013747979398894131,0.009597360353004717,0.014677541031080536,0.0,0,0,10,0.001953125
matched_unweighted_practical,query_region_primary_support,octant_minus_global,10,-0.0018578881565350952,0.0005778380139425188,-0.0019269815938215834,0.00018272842426864916,-0.0021897337819837106,-0.0015119553046991862,1.0,10,0,0,0.001953125,-0.004997444512239125,0.0017749257352760609,-0.004749357255363351,0.0005612808001121422,-0.006134648734340435,-0.004050760362451082,1.0,10,0,0,0.001953125,-0.004206981515061608,0.001402290427371949,-0.004107497228199725,0.00044344316915462836,-0.005091709644224105,-0.003451298994308769,1.0,10,0,0,0.001953125,-0.24821735943452658,0.3096785897559195,-0.13104168408122874,0.09792896862175925,-0.43582051320518056,-0.07222330069577439,0.99796,9,0,1,0.021484375,-0.00556677878252759,0.0011962813561766203,-0.0055863323368429835,0.0003782973807913258,-0.006229812468922854,-0.004832177970396693,1.0,10,0,0,0.001953125,-0.0007334161825372859,0.0012393225457077775,-0.0007218589375759463,0.000391908200003471,-0.0014866769373600018,-4.139315212790401e-05,0.98264,7,0,3,0.34375,-0.005177183565164817,0.0025070093991417935,-0.005019862925482316,0.0007927859816738245,-0.00670142783117178,-0.00375689540061746,1.0,10,0,0,0.001953125
matched_unweighted_practical,query_common_strict_support,global_minus_unweighted,10,0.022947992911939042,0.009646882688382421,0.022792253678469675,0.0030506121615736805,0.017418342882455615,0.02870996112989486,0.0,0,0,10,0.001953125,0.07257246352793192,0.021254345926388682,0.06216046174225687,0.006721214330450972,0.061861408439453286,0.08638498613154025,0.0,0,0,10,0.001953125,0.057810340944241055,0.015657392888886578,0.050436475845642745,0.004951302374900527,0.0497660105399294,0.06789983044784308,0.0,0,0,10,0.001953125,1.9985875102909936,0.6105617384071835,2.1577231942155595,0.19307657455186064,1.6234791621222058,2.332213782828962,0.0,0,0,10,0.001953125,0.05449658855568747,0.012750327356279918,0.04902497740289877,0.004032007535859773,0.04798480304889059,0.06280180107499282,0.0,0,0,10,0.001953125,0.023692051874397334,0.01880361544324631,0.018071448380646116,0.005946225304657494,0.01381237654384008,0.035684731780308065,0.0,1,0,9,0.021484375,0.10679653815847412,0.03849396628723672,0.10301949851305389,0.01217286096414034,0.08608729151765708,0.13094912380865933,0.0,0,0,10,0.001953125
matched_unweighted_practical,query_common_strict_support,octant_minus_unweighted,10,0.021591917721575527,0.009132594526558771,0.02200575342509125,0.0028879799650712817,0.016339027823701138,0.026987221442302263,0.0,0,0,10,0.001953125,0.06924536749700341,0.015441294544293745,0.0637012578113718,0.0048829660781499985,0.06111500423178286,0.07909124865710271,0.0,0,0,10,0.001953125,0.05504036338492735,0.011672323457555565,0.050594336511013846,0.0036911127712087296,0.04874723885774711,0.0623934273681235,0.0,0,0,10,0.001953125,1.4047516978567505,0.6606997953889155,1.3379304501890759,0.20893162030361867,1.015507719007174,1.7945756862653208,0.0,0,0,10,0.001953125,0.04764011402044943,0.008220953078966649,0.04591082949186201,0.0025996936266908686,0.04322204401249337,0.052831906031038905,0.0,0,0,10,0.001953125,0.024294535082356506,0.013641862280116322,0.020702639038692246,0.004313935633150552,0.01667140825034006,0.032677856131338036,0.0,0,0,10,0.001953125,0.1024974035826319,0.026558879584836256,0.10492053508677879,0.008398655159022973,0.08707612027022246,0.11798054123186744,0.0,0,0,10,0.001953125
matched_unweighted_practical,query_common_strict_support,octant_minus_global,10,-0.001356075190363512,0.001503735878704834,-0.0014481093772530443,0.00047552303760219636,-0.002146569215092726,-0.00039971960827756356,0.99576,9,0,1,0.021484375,-0.003327096030928514,0.0074069395950899005,-0.0007649142995136832,0.002342279961176941,-0.008044009434800974,0.0005631389457553796,0.94724,7,0,3,0.34375,-0.0027699775593137215,0.00551737179373272,-0.0008338689065497812,0.001744746156616412,-0.0062931043127787065,0.00010321909030743471,0.96912,7,0,3,0.34375,-0.5938358124342431,0.5884406893310862,-0.7658250355416172,0.18608128462057752,-0.9288576891165977,-0.2389518490347626,0.9993,8,0,2,0.109375,-0.006856474535238033,0.005418426273790936,-0.005924836738618572,0.001713456835887847,-0.010321284433216138,-0.003998348350060481,1.0,10,0,0,0.001953125,0.0006024832079591695,0.006194818503319403,0.0028201885613756174,0.0019589736161844664,-0.0033891653586357647,0.0037279058521756943,0.34696,2,0,8,0.109375,-0.0042991345758422285,0.017329431742185066,0.0011633516354772055,0.005480047486172463,-0.0157502005928559,0.0025154505802216925,0.6981,4,0,6,0.75390625
matched_unweighted_practical,query_region_primary_near_octant_boundary,global_minus_unweighted,10,0.008577131786846335,0.0016296276612955012,0.008733678765928642,0.0005153335147707206,0.0075989652062675,0.009504186651975327,0.0,0,0,10,0.001953125,0.03830016422562739,0.011288524435060671,0.034605256991307454,0.0035697448637257235,0.03290871359910597,0.045742901699891446,0.0,0,0,10,0.001953125,0.031184055247198545,0.008767948814862935,0.028159170354656177,0.0027726688662740875,0.02698482644202982,0.03696334161889864,0.0,0,0,10,0.001953125,1.2105052036714687,0.587696386208679,1.4129364164797038,0.18584591530693936,0.8579510230522657,1.5409735966698817,0.0,0,0,10,0.001953125,0.026451815168971528,0.005069673880160502,0.025331457915698394,0.00160317164555707,0.023723583415542027,0.02967207929391677,0.0,0,0,10,0.001953125,0.003908470894280004,0.006408079739365823,0.0027996495292357954,0.002026412740437415,0.0006444420379601981,0.008063230523043691,0.00568,3,0,7,0.34375,0.024845664563526076,0.01327833041819167,0.020478661279430654,0.004198976764578177,0.018614312521710096,0.03368416906169062,0.0,0,0,10,0.001953125
matched_unweighted_practical,query_region_primary_near_octant_boundary,octant_minus_unweighted,10,0.006963946855231305,0.0013425258916490307,0.006749799404723485,0.00042454396353593636,0.006169644625082043,0.0077438943144925365,0.0,0,0,10,0.001953125,0.03267546449009297,0.007914062035494947,0.029092397606805404,0.002502646157603236,0.02899506593849111,0.03795753563988217,0.0,0,0,10,0.001953125,0.026545121241968665,0.006135739968514576,0.023700119633027067,0.0019402913431035879,0.023673990923899827,0.03058732831348888,0.0,0,0,10,0.001953125,0.9403211342382388,0.4923208008926429,1.0416075183724987,0.15568550702990092,0.618337347480154,1.1895398862159265,0.0,1,0,9,0.021484375,0.02102748587825646,0.003556225285422497,0.020434909463564604,0.001124577177461748,0.019165511121959043,0.02329492834261124,0.0,0,0,10,0.001953125,0.0029248721278395035,0.0045543482863973535,0.0020093881105551145,0.001440211384270049,0.0005125869986827943,0.005820890264291003,0.00576,2,0,8,0.109375,0.02001371226639006,0.013101108697492599,0.01637537878262757,0.00414293433575185,0.013671444254804708,0.028665375640557288,0.0,0,0,10,0.001953125
matched_unweighted_practical,query_region_primary_near_octant_boundary,octant_minus_global,10,-0.001613184931615029,0.0009180212901765949,-0.0018142350392123668,0.0002903038217484399,-0.0021388638578333148,-0.0010570854129190034,1.0,9,0,1,0.021484375,-0.005624699735534427,0.0036523046768918636,-0.00479595787633319,0.001154960148786363,-0.0079493425825662,-0.003708037138494017,1.0,10,0,0,0.001953125,-0.004638934005229872,0.0028492573338443215,-0.003974520414304544,0.0009010142814886815,-0.006437904411347969,-0.003136245527208481,1.0,10,0,0,0.001953125,-0.2701840694332299,0.36044942298602584,-0.17513370694128394,0.11398411579292922,-0.49684122440390455,-0.07057535985501243,0.99748,8,0,2,0.109375,-0.005424329290715066,0.0016689943864610288,-0.004896548452133789,0.0005277823663252142,-0.006466521745926997,-0.004505570507163297,1.0,10,0,0,0.001953125,-0.0009835987664405007,0.002116073857031267,-0.0007120782879510637,0.0006691613085356312,-0.0023741635035414207,9.34488304703361e-05,0.95852,7,0,3,0.34375,-0.004831952297136016,0.0019076697097200471,-0.004849214866923773,0.0006032581306027601,-0.005976242933170772,-0.0037488706688963203,1.0,10,0,0,0.001953125
matched_unweighted_practical,query_region_primary_far_from_octant_boundary,global_minus_unweighted,10,0.004325606770226946,0.0009341680384741665,0.004269854702493907,0.0002954098718910172,0.003775450034444043,0.004874191025205679,0.0,0,0,10,0.001953125,0.01447149184663708,0.003988442218427153,0.013263360452898804,0.0012612561726204597,0.012499306394836143,0.01707020736727581,0.0,0,0,10,0.001953125,0.011806222381231407,0.003046768115689535,0.01090888633711215,0.0009634726747958323,0.010282407751456762,0.013827408930912902,0.0,0,0,10,0.001953125,0.7051449762708408,0.5820128431757642,0.5861570334332127,0.18404862119058013,0.4074384683377324,1.081652894792973,0.0,0,0,10,0.001953125,0.0161508714277959,0.004494879195106362,0.015898364571936774,0.0014214056063840473,0.013479153701454225,0.018754412268013547,0.0,0,0,10,0.001953125,0.0012861401918572532,0.005602702280701145,0.0017420948597755281,0.0017717300258835657,-0.0020200242582494024,0.004474648678535924,0.2236,4,0,6,0.75390625,0.01244978490178939,0.015910139883848526,0.012331765316328486,0.005031227992484812,0.0031680672993773364,0.021787500149776397,0.004,2,0,8,0.109375
matched_unweighted_practical,query_region_primary_far_from_octant_boundary,octant_minus_unweighted,10,0.0018972953664589023,0.0004121221076638638,0.0017987859717205693,0.0001303244534326944,0.0016568316237970614,0.0021414135840854094,0.0,0,0,10,0.001953125,0.009888989420469585,0.003340648588122415,0.009378406644264092,0.0010564058400692549,0.008261188772652566,0.012112113082101318,0.0,0,0,10,0.001953125,0.007912452325793285,0.002560469818689862,0.007494638702513434,0.0008096916507178331,0.0066534288617503025,0.009602642964890006,0.0,0,0,10,0.001953125,0.578516585862922,0.6432143448991704,0.5781301424049641,0.20340223535744853,0.22323529993944535,0.9799368443318826,0.00032,2,0,8,0.109375,0.010422812376459955,0.0030968028934396682,0.010293763613268309,0.0009792950607869061,0.008623919225016001,0.012263012548341348,0.0,0,0,10,0.001953125,-0.0032107287027799067,0.0023023096090439917,-0.0030486280399011634,0.000728054224347081,-0.004604674207728288,-0.0018951195368178395,1.0,9,0,1,0.021484375,-0.0031061905780163045,0.00870685632915887,-0.006299664115894277,0.0027533497259994754,-0.008025368445143802,0.0022007993797804894,0.87842,6,0,4,0.75390625
matched_unweighted_practical,query_region_primary_far_from_octant_boundary,octant_minus_global,10,-0.0024283114037680436,0.0006259695201564104,-0.0023055436868994195,0.00019794894295369365,-0.002811017720787975,-0.0020756876092272803,1.0,10,0,0,0.001953125,-0.004582502426167495,0.0011189591389313422,-0.004346473450459659,0.0003538459487683829,-0.005249445411304054,-0.003930653092048407,1.0,10,0,0,0.001953125,-0.003893770055438123,0.0008821358282802466,-0.0038250325378444416,0.00027895584230047535,-0.004412818578955279,-0.0033806486888679926,1.0,10,0,0,0.001953125,-0.1266283904079188,0.40009818294482535,-0.13671110320979807,0.12652215458003824,-0.3649189519914772,0.10455241776227804,0.85192,7,0,3,0.34375,-0.005728059051335943,0.0019927301846822186,-0.0049973071269702185,0.0006301566145763788,-0.006964937459883322,-0.004619560572809934,1.0,10,0,0,0.001953125,-0.00449686889463716,0.004356161799166002,-0.0032866971565733427,0.0013775393141581542,-0.007151285646168181,-0.0020505382909772815,1.0,8,0,2,0.109375,-0.015555975479805695,0.014359709737913383,-0.011975794895356495,0.004540938931070582,-0.024403237500175305,-0.007655489713767244,1.0,10,0,0,0.001953125
retuned_practical,observed_test_octant_parent_weighted,global_minus_unweighted,10,0.0012526557415402449,0.0009142818054011192,0.001250824496714268,0.00028912129283183727,0.0007318064196517683,0.0018055225415666266,0.0,0,0,10,0.001953125,0.02010730504851423,0.00795410645178116,0.01812164012894593,0.0025153093139068734,0.016326019573364572,0.02537398328779582,0.0,0,0,10,0.001953125,0.015883843616825037,0.006297492585755005,0.014259562802526354,0.0019914420119009056,0.012888804476317869,0.020108074094400692,0.0,0,0,10,0.001953125,0.9192476225579256,0.3449845043487244,0.8507903779110473,0.10909367912062322,0.7250079820544869,1.127649202421994,0.0,0,0,10,0.001953125,0.018792652300007713,0.006675922781431052,0.017961962095865244,0.0021111121472728563,0.015121896100543732,0.022932544229268742,0.0,0,0,10,0.001953125,-0.005967268299795584,0.0037460821896718173,-0.005837607592354362,0.0011846152021553833,-0.008264270828703183,-0.0038807350360797106,1.0,10,0,0,0.001953125,0.014538958416974473,0.006544480689673189,0.013355820336206109,0.0020695465082356873,0.010985286201381256,0.018653435861195777,0.0,0,0,10,0.001953125
retuned_practical,observed_test_octant_parent_weighted,octant_minus_unweighted,10,0.00046182396878506756,0.0005368749051386982,0.00028914017422170674,0.00016977475188251228,0.00017163972572402231,0.0007943378007111571,0.00018,2,0,8,0.109375,0.01640336147535848,0.005844722941982824,0.014883647470611439,0.001848263678930589,0.013583594997200871,0.020279127011538133,0.0,0,0,10,0.001953125,0.012909689113368256,0.0046278187781738185,0.011635089023373624,0.001463444793752679,0.010677306860545079,0.01594606296883206,0.0,0,0,10,0.001953125,0.7260012171564855,0.24479220932640863,0.6750582031557641,0.07741009349361636,0.5934640460322721,0.8799810802019137,0.0,0,0,10,0.001953125,0.014146409687101092,0.004783576254877595,0.01296491571395686,0.001512699632651134,0.011555939471061533,0.01713109905283725,0.0,0,0,10,0.001953125,-0.005071871765685796,0.002491760725957023,-0.004647943232958689,0.0007879639278178838,-0.006607296290176035,-0.003682954120782113,1.0,10,0,0,0.001953125,0.010450348823891804,0.004802111382349286,0.009884369933446407,0.001518560954604344,0.0078097550562585315,0.013438900700124186,0.0,0,0,10,0.001953125
retuned_practical,observed_test_octant_parent_weighted,octant_minus_global,10,-0.0007908317727551774,0.00040811138812402875,-0.0009043687048944302,0.0001290561525524923,-0.0010290758478067464,-0.0005499709227924604,1.0,10,0,0,0.001953125,-0.003703943573155749,0.0021333504058671095,-0.0031183029767643533,0.0006746246329784705,-0.005111303312487142,-0.002679426887569558,1.0,10,0,0,0.001953125,-0.002974154503456783,0.0016889709888376861,-0.0025163905822796484,0.0005340995226673911,-0.00409443404098696,-0.0021642484074002972,1.0,10,0,0,0.001953125,-0.19324640540144014,0.12779219375249065,-0.1810446529652161,0.04041143994474103,-0.2688404988473222,-0.11915000166948331,1.0,10,0,0,0.001953125,-0.0046462426129066205,0.00202278236583289,-0.004447339043673601,0.000639659948685589,-0.005877752015730852,-0.0035173233984755444,1.0,10,0,0,0.001953125,0.0008953965341097867,0.0015987969086596033,0.0004191421374671392,0.0005055839747400528,-8.374011385205966e-06,0.001862167246036769,0.026,3,0,7,0.34375,-0.004088609593082671,0.001962932049962898,-0.00340826899469035,0.0006207336170026193,-0.005305862441717122,-0.002997953294262126,1.0,10,0,0,0.001953125
retuned_practical,observed_test_global_parent_weighted,global_minus_unweighted,10,0.0013220758906671904,0.0008972554763729415,0.0010682045493070128,0.000283737094839789,0.000825521660360429,0.0018810290462733708,0.0,0,0,10,0.001953125,0.02412431579182131,0.008603565593007019,0.021736128724070575,0.002720686327255941,0.020033804136728943,0.029784478129069907,0.0,0,0,10,0.001953125,0.019351538267876188,0.006907816798894948,0.017402215314059777,0.002184443474368134,0.01606747978696685,0.023983875957082172,0.0,0,0,10,0.001953125,1.1346843581160448,0.48635040465721696,1.0265058687234054,0.15379750196613684,0.8766837393386174,1.4420762559942089,0.0,0,0,10,0.001953125,0.021467129498247094,0.0072007146368245805,0.020981351562926187,0.0022770659033277832,0.01751604037007446,0.02592547143687498,0.0,0,0,10,0.001953125,-0.00579169131850601,0.004387322273056053,-0.005685477814109843,0.001387393121204431,-0.008414950572190298,-0.0032857297084406293,1.0,9,0,1,0.021484375,0.017761868574026757,0.007279961562790266,0.017033759185439923,0.002302125981689614,0.013716278052942555,0.022275162945004513,0.0,0,0,10,0.001953125
retuned_practical,observed_test_global_parent_weighted,octant_minus_unweighted,10,0.000659793649021892,0.0005223385332109661,0.00042351409110668106,0.0001651779474618157,0.0003784119363480957,0.0009903596209135488,0.0,0,0,10,0.001953125,0.020423266825216384,0.006482264787112631,0.018786427672617206,0.0020498721123582407,0.01730958910524955,0.024690840671107904,0.0,0,0,10,0.001953125,0.016345346205722793,0.005205333837329699,0.015003201261333865,0.0016460710907506251,0.01383860233064207,0.01976421149839714,0.0,0,0,10,0.001953125,0.9235329334877088,0.3705110304518068,0.7736048832178994,0.11716587544437146,0.7356333308838034,1.1596130214182645,0.0,0,0,10,0.001953125,0.016555548044388524,0.00517897392197256,0.015340144693045371,0.001637735353604844,0.013742990958369727,0.019841184977301734,0.0,0,0,10,0.001953125,-0.005131547007458463,0.0030632319712594045,-0.005212623154199389,0.0009686790030627162,-0.006973352447319959,-0.0033709992974786463,1.0,10,0,0,0.001953125,0.012576845131568436,0.005297532792163622,0.01175237914478,0.0016752269602668438,0.009672934209949541,0.01587495627224631,0.0,0,0,10,0.001953125
retuned_practical,observed_test_global_parent_weighted,octant_minus_global,10,-0.0006622822416452983,0.00041684812506977587,-0.0006699955603218337,0.00013181895135912268,-0.0009059117253048174,-0.0004197190690591932,1.0,10,0,0,0.001953125,-0.003701048966604925,0.00218831055150824,-0.0031107243094195547,0.0006920045570545252,-0.0051476834061062356,-0.002633744799030466,1.0,10,0,0,0.001953125,-0.0030061920621533957,0.0017567887279737267,-0.002554741831090751,0.0005555453748106939,-0.004177774458603885,-0.0021600226817101035,1.0,10,0,0,0.001953125,-0.21115142462833597,0.16246758269305386,-0.24927443220312373,0.051376760725180305,-0.30100817337362373,-0.11051574930668998,0.99996,9,0,1,0.021484375,-0.004911581453858571,0.0022046079636604122,-0.004645265930230555,0.0006971582512912623,-0.0062372883094974,-0.0036544585890520348,1.0,10,0,0,0.001953125,0.0006601443110475461,0.0017769079214085093,0.00030923091932046065,0.0005619076224046359,-0.00034517218738904404,0.0017346479816841844,0.10788,4,0,6,0.75390625,-0.0051850234424583195,0.0025004835066590875,-0.004254945240249053,0.0007907223132727522,-0.0066870305333274985,-0.0037823616026987105,1.0,10,0,0,0.001953125
retuned_practical,observed_test_unweighted,global_minus_unweighted,10,0.0064762871419667915,0.007315066970647608,0.004717516136957801,0.002313227286391451,0.0035367950071728957,0.011331803179985002,0.0,0,0,10,0.001953125,0.05717051325196141,0.03370405757416895,0.045286274498841456,0.010658158832382332,0.04116191584387189,0.07942713240763179,0.0,0,0,10,0.001953125,0.04634671342653901,0.0275607076479003,0.036565667574811084,0.008715461009338692,0.033348989576363654,0.06461429306637491,0.0,0,0,10,0.001953125,1.7298888875353164,0.5147184179132117,1.6808734533694332,0.16276825542441611,1.4595591916555617,2.058798685467906,0.0,0,0,10,0.001953125,0.04691734285461846,0.020337928088812008,0.04315927381427559,0.006431417564936119,0.036328315301479064,0.06001631353260126,0.0,0,0,10,0.001953125,0.003937745873633341,0.026028617670394084,-0.005855327526012533,0.008230971618415113,-0.008591748163342645,0.02102328162497825,0.3407,8,0,2,0.109375,0.057568238820302306,0.08334033470976336,0.021648983055369803,0.026354527864364003,0.01895314102793045,0.10971459072934549,0.0,0,0,10,0.001953125
retuned_practical,observed_test_unweighted,octant_minus_unweighted,10,0.004714946262451053,0.005689375421417019,0.0031127928836463085,0.0017991384795458098,0.002476512235120363,0.008462344869677464,0.0,0,0,10,0.001953125,0.04913462334529496,0.024869920400300397,0.039868402863962704,0.007864559369203578,0.03742840628880011,0.06548653243420553,0.0,0,0,10,0.001953125,0.03976487241004739,0.020356418004806923,0.03211525842930081,0.00643726458976503,0.030149297134749085,0.053321434429719566,0.0,0,0,10,0.001953125,1.4583289785931788,0.3716740690124713,1.403386219070435,0.11753366053020184,1.2689412999754979,1.700648036870651,0.0,0,0,10,0.001953125,0.039418633350102324,0.015263628944811843,0.03560709472801911,0.004826783282527794,0.0314743290935026,0.049284845983162996,0.0,0,0,10,0.001953125,0.0011990541641578312,0.018955217886790922,-0.005622612376112342,0.005994166206702301,-0.007860721458050226,0.013429309841503173,0.45854,8,0,2,0.109375,0.04146351345964865,0.05808945195042843,0.017506375260648382,0.018369497619426432,0.014404925007744485,0.08065034661905927,0.0,0,0,10,0.001953125
retuned_practical,observed_test_unweighted,octant_minus_global,10,-0.0017613408795157368,0.00166715783444339,-0.0013918860100236297,0.0005272015975835026,-0.0028676695686809697,-0.0010085995096561248,1.0,10,0,0,0.001953125,-0.008035889906666444,0.008908229954248585,-0.004905592119856861,0.002817029657596308,-0.013939059972543983,-0.003824301709748092,1.0,10,0,0,0.001953125,-0.006581841016491619,0.007263812044832708,-0.004062098040178985,0.0022970190557036465,-0.011428659962044172,-0.003164120738353121,1.0,10,0,0,0.001953125,-0.271559908942138,0.2169213697147416,-0.2787275792174517,0.0685965601462053,-0.39942213901290236,-0.1449262146942511,1.0,9,0,1,0.021484375,-0.007498709504516141,0.005367641946972214,-0.007195468293535137,0.0016973974216692935,-0.010909147832304851,-0.004652864374048284,1.0,10,0,0,0.001953125,-0.00273869170947551,0.007214778103330705,-0.0005329731552909181,0.002281513161923468,-0.00742204749664412,0.0009473972227736353,0.9007,6,0,4,0.75390625,-0.01610472536065365,0.025330701986369934,-0.004302745654356954,0.008010271300788043,-0.03216099160417271,-0.0041917665379850744,1.0,10,0,0,0.001953125
retuned_practical,query_region_primary_support,global_minus_unweighted,10,0.007494946343715597,0.0022681808260447958,0.007544828829990115,0.0007172617555423718,0.006209523782570239,0.008872280446729313,0.0,0,0,10,0.001953125,0.026574510148604735,0.006807174509827356,0.024297253396583063,0.002152617588129468,0.02331343739108911,0.031082106363807167,0.0,0,0,10,0.001953125,0.021990133375562798,0.005249405423752163,0.02001654590628074,0.001660007750069819,0.019446104531539925,0.025460053211781186,0.0,0,0,10,0.001953125,1.1551250358007215,0.5413395681296149,0.9769505231458231,0.17118660228614796,0.857581872497834,1.4894257478176105,0.0,0,0,10,0.001953125,0.023156807246980018,0.0031425527520608765,0.02353932691416337,0.000993762436374277,0.021204133287032526,0.024875935708023735,0.0,0,0,10,0.001953125,-0.0014939628482668471,0.003094799712419424,-0.002163599041634774,0.0009786615993279469,-0.003135014957528415,0.000505483797388012,0.93332,8,0,2,0.109375,0.01703847682316432,0.006634610397839119,0.01663965433248349,0.002098048024500749,0.013520874794231494,0.021254548168139282,0.0,0,0,10,0.001953125
retuned_practical,query_region_primary_support,octant_minus_unweighted,10,0.005637058187180502,0.002087001145338837,0.005289464120479585,0.0006599677098650825,0.004481584639116814,0.0069019416195650754,0.0,0,0,10,0.001953125,0.021577065636365612,0.005148858059965356,0.019771450748490182,0.0016282118818406344,0.01914051424256839,0.024978668050207382,0.0,0,0,10,0.001953125,0.017783151860501188,0.003967440784104522,0.01631603899763845,0.0012546149359614646,0.015858323116513837,0.02040964237956561,0.0,0,0,10,0.001953125,0.9069076763661948,0.3956618366163142,0.8408029312100789,0.12511925869129617,0.6983917719950373,1.160441399183696,0.0,0,0,10,0.001953125,0.01759002846445243,0.0024672817344099118,0.017632827176422297,0.0007802229910065956,0.016163266543694328,0.019065361107412245,0.0,0,0,10,0.001953125,-0.002227379030804133,0.0021035950070354883,-0.0024443237143281227,0.0006652151496790069,-0.0033858165801737526,-0.0009065201921754834,0.99912,9,0,1,0.021484375,0.0118612932579995,0.004347492812557802,0.011526554284333329,0.0013747979398894131,0.009601931799645117,0.014677767708018234,0.0,0,0,10,0.001953125
retuned_practical,query_region_primary_support,octant_minus_global,10,-0.0018578881565350952,0.0005778380139425188,-0.0019269815938215834,0.00018272842426864916,-0.0021907373080451266,-0.0015091037834181475,1.0,10,0,0,0.001953125,-0.004997444512239125,0.0017749257352760609,-0.004749357255363351,0.0005612808001121422,-0.006130745853298754,-0.004048326984952218,1.0,10,0,0,0.001953125,-0.004206981515061608,0.001402290427371949,-0.004107497228199725,0.00044344316915462836,-0.005097578967710506,-0.0034471679126908427,1.0,10,0,0,0.001953125,-0.24821735943452658,0.3096785897559195,-0.13104168408122874,0.09792896862175925,-0.4351031521140559,-0.07229870364271615,0.99778,9,0,1,0.021484375,-0.00556677878252759,0.0011962813561766203,-0.0055863323368429835,0.0003782973807913258,-0.0062276342664415365,-0.004836354679379883,1.0,10,0,0,0.001953125,-0.0007334161825372859,0.0012393225457077775,-0.0007218589375759463,0.000391908200003471,-0.0014896076716619272,-3.655216123320657e-05,0.98106,7,0,3,0.34375,-0.005177183565164817,0.0025070093991417935,-0.005019862925482316,0.0007927859816738245,-0.006710347056346627,-0.0037643407524442,1.0,10,0,0,0.001953125
retuned_practical,query_common_strict_support,global_minus_unweighted,10,0.022947992911939042,0.009646882688382421,0.022792253678469675,0.0030506121615736805,0.01743281009823059,0.028725333510240418,0.0,0,0,10,0.001953125,0.07257246352793192,0.021254345926388682,0.06216046174225687,0.006721214330450972,0.0618331159424714,0.08653216099773897,0.0,0,0,10,0.001953125,0.057810340944241055,0.015657392888886578,0.050436475845642745,0.004951302374900527,0.0496803137151083,0.06792069604622097,0.0,0,0,10,0.001953125,1.9985875102909936,0.6105617384071835,2.1577231942155595,0.19307657455186064,1.6186971582603438,2.3354665914713792,0.0,0,0,10,0.001953125,0.05449658855568747,0.012750327356279918,0.04902497740289877,0.004032007535859773,0.04800559250986323,0.0627643392455592,0.0,0,0,10,0.001953125,0.023692051874397334,0.01880361544324631,0.018071448380646116,0.005946225304657494,0.013825772885543531,0.03580544777255995,0.0,1,0,9,0.021484375,0.10679653815847412,0.03849396628723672,0.10301949851305389,0.01217286096414034,0.08589749618366219,0.13065635078654117,0.0,0,0,10,0.001953125
retuned_practical,query_common_strict_support,octant_minus_unweighted,10,0.021591917721575527,0.009132594526558771,0.02200575342509125,0.0028879799650712817,0.0163526059851537,0.027026269814222313,0.0,0,0,10,0.001953125,0.06924536749700341,0.015441294544293745,0.0637012578113718,0.0048829660781499985,0.06104625765960563,0.07910853501554728,0.0,0,0,10,0.001953125,0.05504036338492735,0.011672323457555565,0.050594336511013846,0.0036911127712087296,0.04871327264252163,0.06234578320715037,0.0,0,0,10,0.001953125,1.4047516978567505,0.6606997953889155,1.3379304501890759,0.20893162030361867,1.0204948877497821,1.7878315835787777,0.0,0,0,10,0.001953125,0.04764011402044943,0.008220953078966649,0.04591082949186201,0.0025996936266908686,0.04318324023136953,0.0527492278516909,0.0,0,0,10,0.001953125,0.024294535082356506,0.013641862280116322,0.020702639038692246,0.004313935633150552,0.016701649618394508,0.03263401271413522,0.0,0,0,10,0.001953125,0.1024974035826319,0.026558879584836256,0.10492053508677879,0.008398655159022973,0.08700084507115541,0.11821588112850731,0.0,0,0,10,0.001953125
retuned_practical,query_common_strict_support,octant_minus_global,10,-0.001356075190363512,0.001503735878704834,-0.0014481093772530443,0.00047552303760219636,-0.0021502554759023434,-0.00040588645104436185,0.99652,9,0,1,0.021484375,-0.003327096030928514,0.0074069395950899005,-0.0007649142995136832,0.002342279961176941,-0.008069159684593867,0.0005558743214306547,0.94652,7,0,3,0.34375,-0.0027699775593137215,0.00551737179373272,-0.0008338689065497812,0.001744746156616412,-0.006271600552876221,9.750711889054627e-05,0.96948,7,0,3,0.34375,-0.5938358124342431,0.5884406893310862,-0.7658250355416172,0.18608128462057752,-0.9304883655940711,-0.23643005552650767,0.9995,8,0,2,0.109375,-0.006856474535238033,0.005418426273790936,-0.005924836738618572,0.001713456835887847,-0.010253281645981613,-0.0039628572758332046,1.0,10,0,0,0.001953125,0.0006024832079591695,0.006194818503319403,0.0028201885613756174,0.0019589736161844664,-0.0034899295862855684,0.0037166522894729894,0.35096,2,0,8,0.109375,-0.0042991345758422285,0.017329431742185066,0.0011633516354772055,0.005480047486172463,-0.015697548943178742,0.002519967427144722,0.7004,4,0,6,0.75390625
retuned_practical,query_region_primary_near_octant_boundary,global_minus_unweighted,10,0.008577131786846335,0.0016296276612955012,0.008733678765928642,0.0005153335147707206,0.007592461713589386,0.009513525631823885,0.0,0,0,10,0.001953125,0.03830016422562739,0.011288524435060671,0.034605256991307454,0.0035697448637257235,0.032909698088214465,0.04576303349348411,0.0,0,0,10,0.001953125,0.031184055247198545,0.008767948814862935,0.028159170354656177,0.0027726688662740875,0.027005375374076913,0.036953390192868765,0.0,0,0,10,0.001953125,1.2105052036714687,0.587696386208679,1.4129364164797038,0.18584591530693936,0.8562119454365221,1.5440567499742934,0.0,0,0,10,0.001953125,0.026451815168971528,0.005069673880160502,0.025331457915698394,0.00160317164555707,0.0237294180059028,0.029652120767172472,0.0,0,0,10,0.001953125,0.003908470894280004,0.006408079739365823,0.0027996495292357954,0.002026412740437415,0.0006295220407913694,0.008054798950104955,0.00586,3,0,7,0.34375,0.024845664563526076,0.01327833041819167,0.020478661279430654,0.004198976764578177,0.0186581257849181,0.033576852532998795,0.0,0,0,10,0.001953125
retuned_practical,query_region_primary_near_octant_boundary,octant_minus_unweighted,10,0.006963946855231305,0.0013425258916490307,0.006749799404723485,0.00042454396353593636,0.006173287238585952,0.007756437716987592,0.0,0,0,10,0.001953125,0.03267546449009297,0.007914062035494947,0.029092397606805404,0.002502646157603236,0.029003732772734086,0.03798140972363125,0.0,0,0,10,0.001953125,0.026545121241968665,0.006135739968514576,0.023700119633027067,0.0019402913431035879,0.02366773763851963,0.030580945675832718,0.0,0,0,10,0.001953125,0.9403211342382388,0.4923208008926429,1.0416075183724987,0.15568550702990092,0.6176746243495729,1.192437917012253,0.0,1,0,9,0.021484375,0.02102748587825646,0.003556225285422497,0.020434909463564604,0.001124577177461748,0.01915972982167893,0.0233275554665258,0.0,0,0,10,0.001953125,0.0029248721278395035,0.0045543482863973535,0.0020093881105551145,0.001440211384270049,0.0005027644590632063,0.005851354745356428,0.00598,2,0,8,0.109375,0.02001371226639006,0.013101108697492599,0.01637537878262757,0.00414293433575185,0.01363108197889656,0.02853457371950568,0.0,0,0,10,0.001953125
retuned_practical,query_region_primary_near_octant_boundary,octant_minus_global,10,-0.001613184931615029,0.0009180212901765949,-0.0018142350392123668,0.0002903038217484399,-0.0021430747624847633,-0.0010680526483325698,1.0,9,0,1,0.021484375,-0.005624699735534427,0.0036523046768918636,-0.00479595787633319,0.001154960148786363,-0.007970809769767688,-0.003717306339006865,1.0,10,0,0,0.001953125,-0.004638934005229872,0.0028492573338443215,-0.003974520414304544,0.0009010142814886815,-0.006455493059608263,-0.0031448108775944993,1.0,10,0,0,0.001953125,-0.2701840694332299,0.36044942298602584,-0.17513370694128394,0.11398411579292922,-0.49177576762908315,-0.07133668772688319,0.99768,8,0,2,0.109375,-0.005424329290715066,0.0016689943864610288,-0.004896548452133789,0.0005277823663252142,-0.006456141708958599,-0.004510883594359309,1.0,10,0,0,0.001953125,-0.0009835987664405007,0.002116073857031267,-0.0007120782879510637,0.0006691613085356312,-0.0023354443994828096,0.00010522160902753066,0.95666,7,0,3,0.34375,-0.004831952297136016,0.0019076697097200471,-0.004849214866923773,0.0006032581306027601,-0.005978429348951692,-0.0037496491753959155,1.0,10,0,0,0.001953125
retuned_practical,query_region_primary_far_from_octant_boundary,global_minus_unweighted,10,0.004325606770226946,0.0009341680384741665,0.004269854702493907,0.0002954098718910172,0.003780664956282133,0.0048764195336211775,0.0,0,0,10,0.001953125,0.01447149184663708,0.003988442218427153,0.013263360452898804,0.0012612561726204597,0.012482149168270151,0.017092796191843687,0.0,0,0,10,0.001953125,0.011806222381231407,0.003046768115689535,0.01090888633711215,0.0009634726747958323,0.010284475747730467,0.013786754781531217,0.0,0,0,10,0.001953125,0.7051449762708408,0.5820128431757642,0.5861570334332127,0.18404862119058013,0.40761944804861594,1.083307597573631,0.0,0,0,10,0.001953125,0.0161508714277959,0.004494879195106362,0.015898364571936774,0.0014214056063840473,0.013448736487103008,0.01875129369152134,0.0,0,0,10,0.001953125,0.0012861401918572532,0.005602702280701145,0.0017420948597755281,0.0017717300258835657,-0.002074331917078118,0.00451150756300883,0.22396,4,0,6,0.75390625,0.01244978490178939,0.015910139883848526,0.012331765316328486,0.005031227992484812,0.0031098721939599614,0.02179619801511174,0.00458,2,0,8,0.109375
retuned_practical,query_region_primary_far_from_octant_boundary,octant_minus_unweighted,10,0.0018972953664589023,0.0004121221076638638,0.0017987859717205693,0.0001303244534326944,0.001660510450214306,0.0021410405772790794,0.0,0,0,10,0.001953125,0.009888989420469585,0.003340648588122415,0.009378406644264092,0.0010564058400692549,0.00824458597645384,0.012099992957880695,0.0,0,0,10,0.001953125,0.007912452325793285,0.002560469818689862,0.007494638702513434,0.0008096916507178331,0.006652708339183055,0.009597379696958836,0.0,0,0,10,0.001953125,0.578516585862922,0.6432143448991704,0.5781301424049641,0.20340223535744853,0.22716457897153877,0.9777991737472546,0.00032,2,0,8,0.109375,0.010422812376459955,0.0030968028934396682,0.010293763613268309,0.0009792950607869061,0.008621328732504577,0.012271017999554167,0.0,0,0,10,0.001953125,-0.0032107287027799067,0.0023023096090439917,-0.0030486280399011634,0.000728054224347081,-0.00459987844286512,-0.00189759078469046,1.0,9,0,1,0.021484375,-0.0031061905780163045,0.00870685632915887,-0.006299664115894277,0.0027533497259994754,-0.007983039283917154,0.0021456486254836813,0.8778,6,0,4,0.75390625
retuned_practical,query_region_primary_far_from_octant_boundary,octant_minus_global,10,-0.0024283114037680436,0.0006259695201564104,-0.0023055436868994195,0.00019794894295369365,-0.00280756248270869,-0.0020763535695715847,1.0,10,0,0,0.001953125,-0.004582502426167495,0.0011189591389313422,-0.004346473450459659,0.0003538459487683829,-0.005253019478210252,-0.003940434416274128,1.0,10,0,0,0.001953125,-0.003893770055438123,0.0008821358282802466,-0.0038250325378444416,0.00027895584230047535,-0.004414368311699829,-0.0033789309109837173,1.0,10,0,0,0.001953125,-0.1266283904079188,0.40009818294482535,-0.13671110320979807,0.12652215458003824,-0.36399832041836117,0.10651787727621245,0.85262,7,0,3,0.34375,-0.005728059051335943,0.0019927301846822186,-0.0049973071269702185,0.0006301566145763788,-0.006958508829221085,-0.004631477428924646,1.0,10,0,0,0.001953125,-0.00449686889463716,0.004356161799166002,-0.0032866971565733427,0.0013775393141581542,-0.007088136054792835,-0.0020113005748628823,1.0,8,0,2,0.109375,-0.015555975479805695,0.014359709737913383,-0.011975794895356495,0.004540938931070582,-0.024434623981943397,-0.007703873091745618,1.0,10,0,0,0.001953125
retuned_raw,observed_test_octant_parent_weighted,global_minus_unweighted,10,0.0014604385265371196,0.0009229318710915155,0.0014317246818668188,0.00029185668378101017,0.000932774562553438,0.002016302349037904,0.0,0,0,10,0.001953125,0.02206100701270248,0.0076509683007134266,0.019482092137991985,0.0024194486136002494,0.018526155119474322,0.02713678703696892,0.0,0,0,10,0.001953125,0.01743156015431726,0.006052776343111985,0.015466195563441545,0.0019140559411818688,0.014652626879970515,0.02142520752557668,0.0,0,0,10,0.001953125,0.9836446289207922,0.33316748561407533,0.9887487124989374,0.10535680968518603,0.7942824600428606,1.187585486393789,0.0,0,0,10,0.001953125,0.020151915708601222,0.00689784666521558,0.018520733244826823,0.002181290641267818,0.016630701215443352,0.024639747823832145,0.0,0,0,10,0.001953125,-0.005656308886281559,0.002801660867083331,-0.005148361742945903,0.0008859629571345588,-0.007395045940662271,-0.0041272755515059335,1.0,10,0,0,0.001953125,0.01749208313348844,0.006860914355519207,0.01427706636069076,0.002169611619478692,0.01370282997783618,0.02179150447240244,0.0,0,0,10,0.001953125
retuned_raw,observed_test_octant_parent_weighted,octant_minus_unweighted,10,0.0007337718683051303,0.000582497228329522,0.0006731340540680475,0.0001842017972256447,0.0004060942432006637,0.0010883325458560752,0.0,1,0,9,0.021484375,0.01846206117521011,0.005766446585021904,0.016688113593157472,0.0018235105214369006,0.01575008594877109,0.022283577564743556,0.0,0,0,10,0.001953125,0.014544331884271868,0.004559007374935963,0.013233126930681946,0.001441684717430288,0.01240237683779808,0.017560214019277817,0.0,0,0,10,0.001953125,0.7194415740920247,0.24497265604301066,0.7284997192895677,0.07746715575569249,0.57518057068107,0.8632988883875291,0.0,0,0,10,0.001953125,0.015626126404416064,0.005031677482419118,0.014071070219138435,0.0015911561295826248,0.013127679175912177,0.018969239919440814,0.0,0,0,10,0.001953125,-0.004623026530087765,0.0018423255073885913,-0.003998749808899138,0.0005825944794773316,-0.00576481256659978,-0.003626236248123188,1.0,10,0,0,0.001953125,0.012181794356603126,0.006137454329101767,0.009133224039489435,0.0019408334715222226,0.00877593535857287,0.015966590586477456,0.0,0,0,10,0.001953125
retuned_raw,observed_test_octant_parent_weighted,octant_minus_global,10,-0.0007266666582319891,0.0003789152691511531,-0.0007188469868902175,0.000119823529073338,-0.000949347901561938,-0.0005045441780989035,1.0,10,0,0,0.001953125,-0.0035989458374923677,0.001986259975845123,-0.0029990573762231076,0.0006281105548901616,-0.0049137364440898,-0.0026431908841266245,1.0,10,0,0,0.001953125,-0.0028872282700453888,0.001572167793516367,-0.002397552457430091,0.000497163109147302,-0.00392981239435256,-0.002133063384576611,1.0,10,0,0,0.001953125,-0.2642030548287675,0.11668995630006003,-0.25950945265178227,0.03690060419737042,-0.33933875354250065,-0.20371974489963038,1.0,10,0,0,0.001953125,-0.00452578930418516,0.001976518735169259,-0.004327711020855496,0.0006250301041130008,-0.0057544737890988466,-0.003437812948739305,1.0,10,0,0,0.001953125,0.0010332823561937945,0.0014460734260842833,0.000466365184429815,0.0004572885690269479,0.00023944280014440294,0.0019212586753712094,0.00246,4,0,6,0.75390625,-0.005310288776885314,0.0022959386811776286,-0.004938880425637143,0.0007260395600604465,-0.006702258613614495,-0.004029998093337322,1.0,10,0,0,0.001953125
retuned_raw,observed_test_global_parent_weighted,global_minus_unweighted,10,0.0015996284871967186,0.0009617992484075343,0.0014495439685268882,0.00030414762768058833,0.0010598296539900247,0.0021856691930129844,0.0,0,0,10,0.001953125,0.02629781758655461,0.008717532482811265,0.022915185783577013,0.0027567258222186246,0.021946255092657803,0.03205292713014923,0.0,0,0,10,0.001953125,0.02109823018923427,0.006960280163013209,0.01839692252620781,0.0022010338468009794,0.01764328347373601,0.025617735106805244,0.0,0,0,10,0.001953125,1.221154253618005,0.47061384002891854,1.151836973168404,0.14882116328895045,0.9725064747715961,1.5218279422749827,0.0,0,0,10,0.001953125,0.02283279373986967,0.007218231421383646,0.020914883690952332,0.002282605196976695,0.01923284298397514,0.02754486577778444,0.0,0,0,10,0.001953125,-0.0054537186774314406,0.0038719298481278974,-0.005405021744285844,0.0012244117260473994,-0.007843068971176557,-0.0032883770111641316,1.0,10,0,0,0.001953125,0.02036811692107348,0.007148652685413833,0.018152257581418862,0.0022606024687386855,0.016584476610426113,0.02486046466176692,0.0,0,0,10,0.001953125
retuned_raw,observed_test_global_parent_weighted,octant_minus_unweighted,10,0.0009778402341933904,0.0006597826790625443,0.0007728913203173017,0.00020864160265655272,0.0006140122113602063,0.0013860176806624537,0.0,0,0,10,0.001953125,0.022592782142816088,0.006732173936226217,0.020267952017692242,0.002128900324289599,0.019138181736242398,0.026964626108343142,0.0,0,0,10,0.001953125,0.018091687136221196,0.005364443707594127,0.016253467866401333,0.0016963860495755741,0.015348068228092154,0.021585748110665572,0.0,0,0,10,0.001953125,0.9137189876431991,0.36584257593446723,0.8486550784989451,0.11568958050160195,0.7113578361987238,1.1396438103978588,0.0,0,0,10,0.001953125,0.017988315937154116,0.0051990389425179235,0.015943290315155817,0.0016440804702269863,0.015469282481978841,0.021426038916722248,0.0,0,0,10,0.001953125,-0.00472860227087055,0.0026553638392881177,-0.004287822828344001,0.0008396997748599753,-0.0063424279543851814,-0.0032345743248695055,1.0,10,0,0,0.001953125,0.013804425695250245,0.006144561163363251,0.01127347576257634,0.0019430808498441833,0.010441157306425709,0.017570769711105154,0.0,0,0,10,0.001953125
retuned_raw,observed_test_global_parent_weighted,octant_minus_global,10,-0.0006217882530033282,0.00036092466214070456,-0.0005767259313313247,0.000114134399609137,-0.0008360892996404136,-0.0004143854271294947,1.0,10,0,0,0.001953125,-0.003705035443738525,0.002248068725963205,-0.003005407526147169,0.0007109017510636633,-0.005188942002728253,-0.002589754580249711,1.0,10,0,0,0.001953125,-0.003006543053013072,0.0018033212109638717,-0.002466880530754667,0.000570260237953884,-0.004198356628361063,-0.002112138128565832,1.0,10,0,0,0.001953125,-0.3074352659748058,0.1295356564574557,-0.2974398165810026,0.0409627712610658,-0.3917503163620993,-0.23995046849821441,1.0,10,0,0,0.001953125,-0.004844477802715552,0.002201538502742422,-0.004505642427150486,0.0006961876025222903,-0.006202182392889857,-0.003644479784011086,1.0,10,0,0,0.001953125,0.0007251164065608905,0.001730872999786557,0.00027058694654692045,0.0005473501019813657,-0.00022669493512175455,0.0017944770451652377,0.07814,5,0,5,1.0,-0.006563691225823237,0.002962204324971948,-0.00597029064316601,0.0009367312561712946,-0.008323143021186714,-0.004865070776359203,1.0,10,0,0,0.001953125
retuned_raw,observed_test_unweighted,global_minus_unweighted,10,0.006466579742825504,0.00667721016095283,0.004460477514069576,0.0021115192524230443,0.0037931845717735064,0.010875172626232475,0.0,0,0,10,0.001953125,0.06119900164273715,0.03342721550103112,0.046393540181815324,0.010570613682054487,0.044999525509726086,0.08358287158872611,0.0,0,0,10,0.001953125,0.049577905207110216,0.027275869122202822,0.03758156812343916,0.008625387158681849,0.03638645655818264,0.06798502219965138,0.0,0,0,10,0.001953125,1.759826769518165,0.573763854797431,1.6921642438062712,0.18144006202380097,1.4604415682581242,2.1254985720949238,0.0,0,0,10,0.001953125,0.04890618396280674,0.01890433123503115,0.04145885949337236,0.005978074434496231,0.03956040920525695,0.06128517550698599,0.0,0,0,10,0.001953125,0.009528078879124127,0.029841265739040588,-0.001653934471041646,0.009436636799771608,-0.005695402372911699,0.029023820254217545,0.13136,6,0,4,0.75390625,0.07450159267642967,0.10611345715705467,0.02588082953289056,0.03355602150109884,0.023273338567350973,0.1464557028672875,0.0,0,0,10,0.001953125
retuned_raw,observed_test_unweighted,octant_minus_unweighted,10,0.004871456157823974,0.005147315878173032,0.00327387220615696,0.001627724201137656,0.0028577218820349873,0.008274860236156614,0.0,0,0,10,0.001953125,0.054032084615917665,0.026224159399254685,0.04166757109585001,0.00829280734249577,0.04104476584717228,0.071365774651766,0.0,0,0,10,0.001953125,0.04370512329519914,0.021381454426132034,0.03374331727330704,0.006761409567366564,0.03310609852716646,0.057876461175007936,0.0,0,0,10,0.001953125,1.471063850401916,0.3615073329015798,1.3843002229211567,0.11431865628217192,1.2783532748975128,1.6981474399899128,0.0,0,0,10,0.001953125,0.04191913932810347,0.014468934668606657,0.03677100184877399,0.00457547888689706,0.03463270985210213,0.05132244025744738,0.0,0,0,10,0.001953125,0.007307899481525011,0.024932257208973414,-0.0036009180312196257,0.007884271998950865,-0.005408593406593811,0.02378337795339641,0.14862,7,0,3,0.34375,0.060741573155959835,0.09013119908892571,0.01893206218247767,0.028501987736309835,0.01694093294341287,0.12302466891916837,0.0,0,0,10,0.001953125
retuned_raw,observed_test_unweighted,octant_minus_global,10,-0.0015951235850015296,0.0015817147257039443,-0.001139869716366839,0.0005001821141852939,-0.0026512066707883256,-0.0008786848164207194,1.0,10,0,0,0.001953125,-0.007166917026819481,0.00752470567894465,-0.004481141274569195,0.00237952086678688,-0.012134905068833723,-0.003811958035692037,1.0,10,0,0,0.001953125,-0.005872781911911073,0.006147818724996931,-0.0036949066291885047,0.0019441109812822642,-0.009960739427805124,-0.0031233710275331756,1.0,10,0,0,0.001953125,-0.28876291911624896,0.23074012431200983,-0.25795968445853257,0.07296643404163433,-0.43353459757268886,-0.1634448440435402,1.0,9,0,1,0.021484375,-0.0069870446347032765,0.0048319614719076285,-0.006617005145897678,0.0015280003817407812,-0.010170641963139703,-0.004601153934995622,1.0,10,0,0,0.001953125,-0.0022201793975991173,0.005437757732256671,-0.0011663727322934817,0.0017195699798123135,-0.005607286091429295,0.0007442662246282629,0.92042,8,0,2,0.109375,-0.013760019520469836,0.017754868062223962,-0.0068716850470968704,0.005614582263240788,-0.025377293041056855,-0.005436102298105377,1.0,10,0,0,0.001953125
retuned_raw,query_region_primary_support,global_minus_unweighted,10,0.007641034930973961,0.002441779651374116,0.007323721343617563,0.00077215852425941,0.006236639756162914,0.009105770762948542,0.0,0,0,10,0.001953125,0.029180751376878318,0.006591505305176065,0.027040851162148438,0.0020844169973439626,0.025928070657093096,0.033504716377322795,0.0,0,0,10,0.001953125,0.024051347176729576,0.005019179900988232,0.022695149427868905,0.0015872040473261225,0.021568487432673967,0.02735011947657457,0.0,0,0,10,0.001953125,1.4846501454710794,0.3936068366563103,1.4139330168465944,0.12446941064477944,1.2546128929215699,1.7215508578916574,0.0,0,0,10,0.001953125,0.025942423309984742,0.004703853800264865,0.025598595634742094,0.0014874891789275716,0.023144092019518288,0.028661022403259746,0.0,0,0,10,0.001953125,-0.0004906564631676852,0.0026629234862034926,-0.0011706577903367599,0.0008420903451159004,-0.0018984819714692798,0.0012080733847461666,0.73938,8,0,2,0.109375,0.026721586774054958,0.009245194807084894,0.024450434467348736,0.002923587300234927,0.021759594757172776,0.03249132881500418,0.0,0,0,10,0.001953125
retuned_raw,query_region_primary_support,octant_minus_unweighted,10,0.005812562009250432,0.0025311769683628617,0.005802335870399591,0.0008004284380986602,0.004336095269627934,0.00729891672927498,0.0,0,0,10,0.001953125,0.024030147422061155,0.0046822169694822864,0.022261851781445824,0.0014806470122655125,0.021728330974708283,0.027092674391838788,0.0,0,0,10,0.001953125,0.019734404395600612,0.003484348154817802,0.018826399918959236,0.0011018476330229249,0.018010143276423314,0.022011345519908684,0.0,0,0,10,0.001953125,1.1775342323630467,0.2893116683861116,1.059983308395207,0.0914883825763443,1.0217614322800785,1.3577655186005486,0.0,0,0,10,0.001953125,0.019967328463863784,0.003210919569200097,0.01916368555245615,0.0010153819222278942,0.018175796440997843,0.021944900064076248,0.0,0,0,10,0.001953125,0.0001649636502823279,0.0022722795369410536,-6.497125005080345e-05,0.0007185578817326442,-0.0011716120855005932,0.0014841954823246808,0.40776,5,0,5,1.0,0.01941110112415571,0.010639114105817159,0.014403986759102066,0.0033643832860807883,0.013711508669064388,0.02613534988775575,0.0,0,0,10,0.001953125
retuned_raw,query_region_primary_support,octant_minus_global,10,-0.0018284729217235285,0.0008464262073986906,-0.0016820450521288638,0.00026766346866379263,-0.002381739562397691,-0.0014042731192178996,1.0,10,0,0,0.001953125,-0.005150603954817162,0.0023040385779813048,-0.005228620715001492,0.00072860097233164,-0.00654963330855488,-0.0038674250281905457,1.0,10,0,0,0.001953125,-0.0043169427811289626,0.0018410549238685478,-0.004508735675434555,0.0005821926856892504,-0.005433756530607297,-0.003276935128229291,1.0,10,0,0,0.001953125,-0.3071159131080329,0.2442153426732466,-0.2991350863746334,0.07722767224059732,-0.43754882589220917,-0.15233474135141886,0.9998,9,0,1,0.021484375,-0.00597509484612096,0.0022866798503469103,-0.0063830252935146575,0.0007231116606709207,-0.007280848066779918,-0.004574988841397835,1.0,10,0,0,0.001953125,0.000655620113450013,0.0018407203983958026,7.191716248788199e-05,0.0005820868994463285,-0.00032379121251108477,0.001822001925779393,0.11276,5,0,5,1.0,-0.007310485649899246,0.006628023332845787,-0.009007411204091542,0.0020959650116533,-0.010665426222403383,-0.0029793916379894677,0.99904,9,0,1,0.021484375
retuned_raw,query_common_strict_support,global_minus_unweighted,10,0.023387494176252844,0.007539437488020129,0.0224473215786454,0.0023841794738602056,0.019072130325031404,0.02792396892328419,0.0,0,0,10,0.001953125,0.07366478849962034,0.018341012693009816,0.06973255808540253,0.0057999374703969625,0.06379797144303383,0.08530335651998994,0.0,0,0,10,0.001953125,0.0586435360669718,0.013523886775748175,0.05652987551620364,0.004276628502959502,0.05114107972109747,0.06706528490603426,0.0,0,0,10,0.001953125,1.7127249854149817,0.5001981833032954,1.6580486753917754,0.15817655407168188,1.4155518135707756,1.9989832368169185,0.0,0,0,10,0.001953125,0.0578011085354115,0.011803626754441557,0.05385734809394471,0.0037326345194536328,0.05149920011572108,0.06540640140738856,0.0,0,0,10,0.001953125,0.019109183686136032,0.01618206567053255,0.012891334648963373,0.0051172184765302725,0.010389523622304334,0.029257374479494065,0.0,0,0,10,0.001953125,0.09914344970961302,0.03308473189852598,0.09341179334767978,0.010462310857536888,0.08037391187105437,0.11915828095042903,0.0,0,0,10,0.001953125
retuned_raw,query_common_strict_support,octant_minus_unweighted,10,0.022807378988746747,0.007934525069317081,0.022202326651040757,0.0025091171370747365,0.018305916964447236,0.027640165837298242,0.0,0,0,10,0.001953125,0.0669278186126288,0.01172884766947357,0.06646574134362111,0.0037089872964694223,0.0601851475724733,0.07402392846827996,0.0,0,0,10,0.001953125,0.05361021643668344,0.008720456553547192,0.05195566930550402,0.002757650494575122,0.04853332658169263,0.058811512334131184,0.0,0,0,10,0.001953125,1.1867928674598336,0.5102358427698187,1.3267017612620235,0.16135074070081834,0.8764300015060059,1.4720478908102463,0.0,0,0,10,0.001953125,0.04847755910404425,0.007357657575661943,0.04935184521941108,0.0023266956182684396,0.04424156060028958,0.05288827471462121,0.0,0,0,10,0.001953125,0.020243318110750065,0.01117740548119352,0.0205269108803626,0.003534605965182186,0.013761282577041047,0.026852234435523537,0.0,0,0,10,0.001953125,0.09697370905691309,0.020350928745545983,0.10108970695223121,0.006435528733571856,0.08479953126744166,0.10857063505933894,0.0,0,0,10,0.001953125
retuned_raw,query_common_strict_support,octant_minus_global,10,-0.0005801151875060945,0.003789853128588065,0.0007484672546943238,0.0011984567883853276,-0.0030697744429287106,0.0013010379660677196,0.664,4,0,6,0.75390625,-0.006736969886991545,0.007993458620021193,-0.005381555808238819,0.002527753562157338,-0.011706417608636454,-0.002409859124670716,0.99974,8,0,2,0.109375,-0.00503331963028836,0.006211551551748894,-0.003881694990120102,0.0019642650707079757,-0.008865141844665927,-0.0015847108195798656,0.99928,8,0,2,0.109375,-0.5259321179551479,0.4210723357804292,-0.5742572586000896,0.13315476407533697,-0.7825260134569949,-0.28940341323798174,1.0,9,0,1,0.021484375,-0.009323549431367253,0.005981444551521322,-0.00864132421583004,0.0018914988480811747,-0.0130247419730475,-0.0060410978070709635,1.0,10,0,0,0.001953125,0.0011341344246140375,0.007249056728076089,0.0017726739296276273,0.00229235301484883,-0.003342855199653675,0.005098465053884586,0.29052,2,0,8,0.109375,-0.0021697406526999252,0.01944418004512557,0.006054849641975252,0.006148789617699237,-0.014790551547651925,0.00782701187959673,0.62042,3,0,7,0.34375
retuned_raw,query_region_primary_near_octant_boundary,global_minus_unweighted,10,0.009545735401959153,0.0026004386610253044,0.009798869790657902,0.0008223309084398493,0.007967650155878069,0.011048185430579071,0.0,0,0,10,0.001953125,0.04362162324286846,0.01057976859766142,0.0400321808306312,0.003345616588613565,0.03799487998846239,0.05040398938788231,0.0,0,0,10,0.001953125,0.035452173039260314,0.008195180223263899,0.032887245563846715,0.0025915435341081136,0.03112951015499144,0.040630366383910856,0.0,0,0,10,0.001953125,1.5808142313642028,0.7654141573130218,1.523390371422761,0.2420452090447574,1.1483875644655996,2.0469664730628825,0.0,0,0,10,0.001953125,0.03027186341060037,0.006962655171625331,0.0299120715357568,0.0022017848904686615,0.02612016303720022,0.03438183689737477,0.0,0,0,10,0.001953125,0.006193180854044672,0.005768303386454088,0.005870064813734151,0.001824097693605737,0.0028979661465053748,0.00967260025550739,6e-05,1,0,9,0.021484375,0.039797374372066194,0.010496600069189491,0.0419000006577967,0.003319316390651979,0.033619684790286215,0.04592499985588693,0.0,0,0,10,0.001953125
retuned_raw,query_region_primary_near_octant_boundary,octant_minus_unweighted,10,0.006756881140347287,0.0012908805924874535,0.0070079460552736755,0.00040821228595679955,0.005933632478345108,0.007444227938693398,0.0,0,0,10,0.001953125,0.03679895600957993,0.006957162342105254,0.03514538122174651,0.0022000479052604162,0.0330554776912849,0.04118028987622652,0.0,0,0,10,0.001953125,0.02969833959962518,0.005306955217728569,0.028450427361576186,0.0016782065928537071,0.026826004112397182,0.033060101589678745,0.0,0,0,10,0.001953125,0.998510506909313,0.5987572036578221,0.9600123485545566,0.18934365289920194,0.6718199906006919,1.3712409107235335,0.0,0,0,10,0.001953125,0.02363038595008405,0.004698102346939002,0.02259981167590666,0.0014856704096909837,0.020987818334833496,0.026478704389479298,0.0,0,0,10,0.001953125,0.006038671754349324,0.004079103339289162,0.006637047523651997,0.0012899257363352351,0.0036960484029077145,0.008447607905027986,0.0,0,0,10,0.001953125,0.03411231506269936,0.010749028899849066,0.0373862160331514,0.003399141395849699,0.027630832279543237,0.04026013344596013,0.0,0,0,10,0.001953125
retuned_raw,query_region_primary_near_octant_boundary,octant_minus_global,10,-0.0027888542616118658,0.001861277146631457,-0.0032232943922282722,0.0005885875140174601,-0.0038911436192707385,-0.0016994955215177254,1.0,10,0,0,0.001953125,-0.006822667233288537,0.004285620726479548,-0.005539923379109468,0.0013552322683300854,-0.009519447192778604,-0.004517761452132884,1.0,10,0,0,0.001953125,-0.005753833439635139,0.0034540556841066855,-0.00478156044019995,0.001092268312682818,-0.007922808884311508,-0.0038880057034067672,1.0,10,0,0,0.001953125,-0.5823037244548898,0.2945965359736988,-0.5566798589455955,0.09315960444726179,-0.7555357559131324,-0.41039233318519647,1.0,10,0,0,0.001953125,-0.006641477460516321,0.0030105779465004934,-0.00625215086727797,0.0009520283384414104,-0.008391223092042092,-0.004843407221850726,1.0,10,0,0,0.001953125,-0.0001545090996953477,0.002164903304094493,-0.00035246421479857154,0.0006846025354962727,-0.0014212667134111574,0.001111828604685411,0.59728,6,0,4,0.75390625,-0.005685059309366835,0.0025356955606760335,-0.005415849956405955,0.0008018573424513954,-0.007209315408403494,-0.004239005821032447,1.0,10,0,0,0.001953125
retuned_raw,query_region_primary_far_from_octant_boundary,global_minus_unweighted,10,0.0034166404253815146,0.0018994397811154895,0.0035720588116205584,0.0006006555986656628,0.002324460652250211,0.004552144239560949,0.0,0,0,10,0.001953125,0.015033053371249234,0.00409603325000785,0.014757129758175308,0.0012952794441806706,0.012768770403207775,0.017572324089655277,0.0,0,0,10,0.001953125,0.012115972738878761,0.0030273112155485005,0.011938565675598423,0.0009573198627306203,0.010430453680757946,0.013990931707719007,0.0,0,0,10,0.001953125,0.6306683913197834,0.5313206476000784,0.7362481829960057,0.16801834142919236,0.30684576304943345,0.9262568683215676,0.00012,1,0,9,0.021484375,0.013966859542982135,0.003657172459797443,0.013728895555582613,0.0011564994769000493,0.011825904267924563,0.016160866282429125,0.0,0,0,10,0.001953125,-0.002322591804504279,0.002702076991487983,-0.0008558441496495928,0.0008544717706237433,-0.003976748025808459,-0.0007932233109441134,0.99994,8,0,2,0.109375,0.004157962789730041,0.013374413951324684,-0.00040464549253349524,0.004229361045611835,-0.0029576956656612234,0.012625180400911238,0.15122,6,0,4,0.75390625
retuned_raw,query_region_primary_far_from_octant_boundary,octant_minus_unweighted,10,0.0015515885939468676,0.001272506083461864,0.0015396900992377324,0.00040240175601598114,0.0008350328751033361,0.0023218176806622634,0.0,1,0,9,0.021484375,0.010122277529038026,0.003585962339216042,0.010114219854992751,0.0011339808595508033,0.008168758986958397,0.012382522484422844,0.0,0,0,10,0.001953125,0.008053670632873627,0.0026581200513495743,0.008048540493156287,0.0008405713656428383,0.006632475955216968,0.009728741473773578,0.0,0,0,10,0.001953125,0.4640556742559575,0.4590364147573364,0.5425162249635305,0.14516005995909115,0.16802644930084298,0.6983444233330038,0.0017,1,0,9,0.021484375,0.008101207692721015,0.003317461372605858,0.008456254724734685,0.0010490733987063032,0.006205910128688129,0.01010246921484099,0.0,0,0,10,0.001953125,-0.00464926681054309,0.0025681299955083174,-0.005397631637309767,0.0008121140113204272,-0.006092354233822462,-0.0030740503862980452,1.0,10,0,0,0.001953125,-0.004890064605778588,0.012616376746926679,-0.006916506040121256,0.003989648633907404,-0.011605427703301576,0.0031329930177059597,0.89572,8,0,2,0.109375
retuned_raw,query_region_primary_far_from_octant_boundary,octant_minus_global,10,-0.001865051831434647,0.0007351997585793075,-0.001922925381770614,0.00023249057723165298,-0.002289620398611801,-0.0014247256811677578,1.0,10,0,0,0.001953125,-0.004910775842211207,0.0015643400127678703,-0.00456749507172538,0.0004946877475283353,-0.005871650579644014,-0.004050250526832401,1.0,10,0,0,0.001953125,-0.004062302106005134,0.0012160368450102384,-0.0038536201174756424,0.00038454461489175146,-0.0048097564904697465,-0.00339563913236776,1.0,10,0,0,0.001953125,-0.16661271706382585,0.22627894366958526,-0.178133614446482,0.07155568485328286,-0.2998479872386149,-0.034879056362919,0.99348,8,0,2,0.109375,-0.00586565185026112,0.0022084672714673638,-0.005263909070126971,0.000698378671577426,-0.0072078096347611385,-0.004631220104933653,1.0,10,0,0,0.001953125,-0.002326675006038811,0.002825995543168667,-0.0017170263118450463,0.000893658257389768,-0.004113491346990337,-0.0008073255493551923,0.99996,7,0,3,0.34375,-0.00904802739550863,0.008243614052910641,-0.00679532666189922,0.002606859655856943,-0.01439834570032288,-0.004701113575922488,1.0,10,0,0,0.001953125
